Date,Index_Name,Sub_Index,PE,PB,Div_Yield
2026-03-02,NIFTY 100,Broad Market Indices,21.28,3.41,1.27
2026-03-04,NIFTY 100,Broad Market Indices,20.91,3.35,1.29
2026-03-05,NIFTY 100,Broad Market Indices,21.16,3.39,1.28
2026-03-06,NIFTY 100,Broad Market Indices,20.92,3.35,1.3
2026-03-09,NIFTY 100,Broad Market Indices,20.55,3.29,1.32
2026-03-10,NIFTY 100,Broad Market Indices,20.77,3.33,1.3
2026-03-11,NIFTY 100,Broad Market Indices,20.46,3.28,1.32
2026-03-12,NIFTY 100,Broad Market Indices,20.29,3.25,1.34
2026-03-13,NIFTY 100,Broad Market Indices,19.85,3.18,1.37
2026-03-16,NIFTY 100,Broad Market Indices,20.02,3.21,1.36
2026-03-17,NIFTY 100,Broad Market Indices,20.17,3.23,1.35
2026-03-18,NIFTY 100,Broad Market Indices,20.35,3.26,1.34
2026-03-19,NIFTY 100,Broad Market Indices,19.69,3.15,1.38
2026-03-20,NIFTY 100,Broad Market Indices,19.78,3.17,1.37
2026-03-23,NIFTY 100,Broad Market Indices,19.23,3.08,1.41
2026-03-24,NIFTY 100,Broad Market Indices,19.56,3.13,1.39
2026-03-25,NIFTY 100,Broad Market Indices,19.91,3.19,1.37
2026-03-27,NIFTY 100,Broad Market Indices,19.48,3.12,1.41
2026-03-30,NIFTY 100,Broad Market Indices,19.13,3.08,1.43
2026-04-01,NIFTY 100,Broad Market Indices,19.46,3.13,1.41
2026-04-02,NIFTY 100,Broad Market Indices,19.49,3.14,1.41
2026-04-06,NIFTY 100,Broad Market Indices,19.72,3.17,1.39
2026-04-07,NIFTY 100,Broad Market Indices,19.85,3.19,1.38
2026-04-08,NIFTY 100,Broad Market Indices,20.63,3.32,1.33
2026-04-09,NIFTY 100,Broad Market Indices,20.48,3.29,1.34
2026-04-10,NIFTY 100,Broad Market Indices,20.75,3.34,1.32
2026-04-13,NIFTY 100,Broad Market Indices,20.56,3.31,1.33
2026-04-15,NIFTY 100,Broad Market Indices,20.91,3.37,1.31
2026-04-16,NIFTY 100,Broad Market Indices,20.93,3.37,1.31
2026-04-17,NIFTY 100,Broad Market Indices,21.09,3.39,1.3
2026-04-20,NIFTY 100,Broad Market Indices,21.11,3.4,1.3
2026-04-21,NIFTY 100,Broad Market Indices,21.18,3.42,1.29
2026-04-22,NIFTY 100,Broad Market Indices,21.07,3.41,1.3
2026-04-23,NIFTY 100,Broad Market Indices,20.87,3.38,1.31
2026-04-24,NIFTY 100,Broad Market Indices,20.64,3.34,1.34
2026-04-27,NIFTY 100,Broad Market Indices,20.78,3.37,1.33
2026-04-28,NIFTY 100,Broad Market Indices,20.68,3.36,1.32
2026-04-29,NIFTY 100,Broad Market Indices,20.8,3.38,1.31
2026-04-30,NIFTY 100,Broad Market Indices,20.7,3.36,1.32
2026-03-02,NIFTY 200,Broad Market Indices,22.71,3.53,1.19
2026-03-04,NIFTY 200,Broad Market Indices,22.29,3.47,1.21
2026-03-05,NIFTY 200,Broad Market Indices,22.57,3.51,1.2
2026-03-06,NIFTY 200,Broad Market Indices,22.34,3.48,1.21
2026-03-09,NIFTY 200,Broad Market Indices,21.93,3.41,1.23
2026-03-10,NIFTY 200,Broad Market Indices,22.19,3.45,1.22
2026-03-11,NIFTY 200,Broad Market Indices,21.86,3.4,1.24
2026-03-12,NIFTY 200,Broad Market Indices,21.7,3.38,1.25
2026-03-13,NIFTY 200,Broad Market Indices,21.22,3.3,1.28
2026-03-16,NIFTY 200,Broad Market Indices,21.36,3.32,1.27
2026-03-17,NIFTY 200,Broad Market Indices,21.53,3.35,1.26
2026-03-18,NIFTY 200,Broad Market Indices,21.76,3.39,1.25
2026-03-19,NIFTY 200,Broad Market Indices,21.05,3.28,1.29
2026-03-20,NIFTY 200,Broad Market Indices,21.16,3.29,1.28
2026-03-23,NIFTY 200,Broad Market Indices,20.53,3.19,1.32
2026-03-24,NIFTY 200,Broad Market Indices,20.91,3.25,1.29
2026-03-25,NIFTY 200,Broad Market Indices,21.31,3.32,1.27
2026-03-27,NIFTY 200,Broad Market Indices,20.84,3.24,1.31
2026-03-30,NIFTY 200,Broad Market Indices,20.73,3.23,1.31
2026-04-01,NIFTY 200,Broad Market Indices,21.11,3.29,1.29
2026-04-02,NIFTY 200,Broad Market Indices,21.12,3.3,1.29
2026-04-06,NIFTY 200,Broad Market Indices,21.38,3.34,1.27
2026-04-07,NIFTY 200,Broad Market Indices,21.5,3.36,1.26
2026-04-08,NIFTY 200,Broad Market Indices,22.35,3.49,1.22
2026-04-09,NIFTY 200,Broad Market Indices,22.23,3.47,1.22
2026-04-10,NIFTY 200,Broad Market Indices,22.53,3.52,1.21
2026-04-13,NIFTY 200,Broad Market Indices,22.34,3.49,1.22
2026-04-15,NIFTY 200,Broad Market Indices,22.75,3.55,1.19
2026-04-16,NIFTY 200,Broad Market Indices,22.79,3.56,1.19
2026-04-17,NIFTY 200,Broad Market Indices,22.99,3.59,1.18
2026-04-20,NIFTY 200,Broad Market Indices,22.98,3.59,1.18
2026-04-21,NIFTY 200,Broad Market Indices,23.06,3.62,1.17
2026-04-22,NIFTY 200,Broad Market Indices,22.97,3.6,1.18
2026-04-23,NIFTY 200,Broad Market Indices,22.77,3.57,1.19
2026-04-24,NIFTY 200,Broad Market Indices,22.53,3.53,1.22
2026-04-27,NIFTY 200,Broad Market Indices,22.71,3.57,1.2
2026-04-28,NIFTY 200,Broad Market Indices,22.53,3.56,1.2
2026-04-29,NIFTY 200,Broad Market Indices,22.63,3.58,1.19
2026-04-30,NIFTY 200,Broad Market Indices,22.51,3.56,1.2
2026-03-02,NIFTY 50,Broad Market Indices,21.76,3.38,1.25
2026-03-04,NIFTY 50,Broad Market Indices,21.42,3.33,1.27
2026-03-05,NIFTY 50,Broad Market Indices,21.67,3.37,1.26
2026-03-06,NIFTY 50,Broad Market Indices,21.39,3.32,1.28
2026-03-09,NIFTY 50,Broad Market Indices,21.02,3.27,1.3
2026-03-10,NIFTY 50,Broad Market Indices,21.23,3.3,1.29
2026-03-11,NIFTY 50,Broad Market Indices,20.88,3.24,1.31
2026-03-12,NIFTY 50,Broad Market Indices,20.68,3.21,1.32
2026-03-13,NIFTY 50,Broad Market Indices,20.26,3.15,1.35
2026-03-16,NIFTY 50,Broad Market Indices,20.48,3.18,1.33
2026-03-17,NIFTY 50,Broad Market Indices,20.63,3.2,1.32
2026-03-18,NIFTY 50,Broad Market Indices,20.81,3.23,1.31
2026-03-19,NIFTY 50,Broad Market Indices,20.13,3.13,1.36
2026-03-20,NIFTY 50,Broad Market Indices,20.23,3.14,1.35
2026-03-23,NIFTY 50,Broad Market Indices,19.7,3.06,1.39
2026-03-24,NIFTY 50,Broad Market Indices,20.05,3.11,1.36
2026-03-25,NIFTY 50,Broad Market Indices,20.39,3.17,1.34
2026-03-27,NIFTY 50,Broad Market Indices,19.97,3.1,1.37
2026-03-30,NIFTY 50,Broad Market Indices,19.62,3.05,1.39
2026-04-01,NIFTY 50,Broad Market Indices,19.93,3.1,1.37
2026-04-02,NIFTY 50,Broad Market Indices,19.96,3.1,1.37
2026-04-06,NIFTY 50,Broad Market Indices,20.18,3.14,1.35
2026-04-07,NIFTY 50,Broad Market Indices,20.32,3.16,1.34
2026-04-08,NIFTY 50,Broad Market Indices,21.09,3.28,1.3
2026-04-09,NIFTY 50,Broad Market Indices,20.89,3.25,1.31
2026-04-10,NIFTY 50,Broad Market Indices,21.13,3.28,1.29
2026-04-13,NIFTY 50,Broad Market Indices,20.93,3.26,1.3
2026-04-15,NIFTY 50,Broad Market Indices,21.27,3.31,1.28
2026-04-16,NIFTY 50,Broad Market Indices,21.24,3.3,1.28
2026-04-17,NIFTY 50,Broad Market Indices,21.38,3.33,1.28
2026-04-20,NIFTY 50,Broad Market Indices,21.39,3.33,1.28
2026-04-21,NIFTY 50,Broad Market Indices,21.45,3.36,1.26
2026-04-22,NIFTY 50,Broad Market Indices,21.28,3.33,1.27
2026-04-23,NIFTY 50,Broad Market Indices,21.09,3.3,1.29
2026-04-24,NIFTY 50,Broad Market Indices,20.85,3.26,1.32
2026-04-27,NIFTY 50,Broad Market Indices,20.96,3.29,1.31
2026-04-28,NIFTY 50,Broad Market Indices,20.87,3.28,1.3
2026-04-29,NIFTY 50,Broad Market Indices,21.02,3.3,1.29
2026-04-30,NIFTY 50,Broad Market Indices,20.94,3.29,1.3
2026-03-02,NIFTY 500,Broad Market Indices,23.17,3.55,1.14
2026-03-04,NIFTY 500,Broad Market Indices,22.74,3.48,1.16
2026-03-05,NIFTY 500,Broad Market Indices,23.03,3.53,1.14
2026-03-06,NIFTY 500,Broad Market Indices,22.81,3.49,1.16
2026-03-09,NIFTY 500,Broad Market Indices,22.37,3.43,1.18
2026-03-10,NIFTY 500,Broad Market Indices,22.66,3.47,1.16
2026-03-11,NIFTY 500,Broad Market Indices,22.36,3.42,1.18
2026-03-12,NIFTY 500,Broad Market Indices,22.21,3.4,1.19
2026-03-13,NIFTY 500,Broad Market Indices,21.7,3.32,1.22
2026-03-16,NIFTY 500,Broad Market Indices,21.81,3.34,1.21
2026-03-17,NIFTY 500,Broad Market Indices,21.98,3.37,1.2
2026-03-18,NIFTY 500,Broad Market Indices,22.23,3.4,1.19
2026-03-19,NIFTY 500,Broad Market Indices,21.53,3.3,1.22
2026-03-20,NIFTY 500,Broad Market Indices,21.64,3.31,1.22
2026-03-23,NIFTY 500,Broad Market Indices,20.96,3.21,1.26
2026-03-24,NIFTY 500,Broad Market Indices,21.37,3.27,1.23
2026-03-25,NIFTY 500,Broad Market Indices,21.79,3.34,1.21
2026-03-27,NIFTY 500,Broad Market Indices,21.32,3.26,1.24
2026-03-30,NIFTY 500,Broad Market Indices,21.24,3.23,1.25
2026-04-01,NIFTY 500,Broad Market Indices,21.66,3.3,1.23
2026-04-02,NIFTY 500,Broad Market Indices,21.66,3.3,1.23
2026-04-06,NIFTY 500,Broad Market Indices,21.93,3.34,1.21
2026-04-07,NIFTY 500,Broad Market Indices,22.03,3.35,1.21
2026-04-08,NIFTY 500,Broad Market Indices,22.9,3.49,1.16
2026-04-09,NIFTY 500,Broad Market Indices,22.8,3.47,1.17
2026-04-10,NIFTY 500,Broad Market Indices,23.12,3.52,1.15
2026-04-13,NIFTY 500,Broad Market Indices,22.94,3.49,1.16
2026-04-15,NIFTY 500,Broad Market Indices,23.37,3.56,1.14
2026-04-16,NIFTY 500,Broad Market Indices,23.43,3.57,1.13
2026-04-17,NIFTY 500,Broad Market Indices,23.65,3.6,1.12
2026-04-20,NIFTY 500,Broad Market Indices,23.64,3.6,1.12
2026-04-21,NIFTY 500,Broad Market Indices,23.73,3.63,1.12
2026-04-22,NIFTY 500,Broad Market Indices,23.67,3.62,1.12
2026-04-23,NIFTY 500,Broad Market Indices,23.47,3.59,1.13
2026-04-24,NIFTY 500,Broad Market Indices,23.22,3.55,1.15
2026-04-27,NIFTY 500,Broad Market Indices,23.44,3.59,1.14
2026-04-28,NIFTY 500,Broad Market Indices,23.25,3.59,1.13
2026-04-29,NIFTY 500,Broad Market Indices,23.35,3.6,1.13
2026-04-30,NIFTY 500,Broad Market Indices,23.23,3.58,1.14
2026-03-02,NIFTY FPI 150,Broad Market Indices,23.63,3.74,1.21
2026-03-04,NIFTY FPI 150,Broad Market Indices,23.2,3.67,1.23
2026-03-05,NIFTY FPI 150,Broad Market Indices,23.53,3.72,1.22
2026-03-06,NIFTY FPI 150,Broad Market Indices,23.34,3.69,1.23
2026-03-09,NIFTY FPI 150,Broad Market Indices,22.96,3.63,1.25
2026-03-10,NIFTY FPI 150,Broad Market Indices,23.21,3.67,1.24
2026-03-11,NIFTY FPI 150,Broad Market Indices,22.87,3.62,1.25
2026-03-12,NIFTY FPI 150,Broad Market Indices,22.72,3.6,1.27
2026-03-13,NIFTY FPI 150,Broad Market Indices,22.23,3.52,1.3
2026-03-16,NIFTY FPI 150,Broad Market Indices,22.34,3.54,1.29
2026-03-17,NIFTY FPI 150,Broad Market Indices,22.5,3.56,1.28
2026-03-18,NIFTY FPI 150,Broad Market Indices,22.77,3.6,1.27
2026-03-19,NIFTY FPI 150,Broad Market Indices,22.05,3.49,1.3
2026-03-20,NIFTY FPI 150,Broad Market Indices,22.22,3.52,1.3
2026-03-23,NIFTY FPI 150,Broad Market Indices,21.59,3.42,1.33
2026-03-24,NIFTY FPI 150,Broad Market Indices,21.97,3.48,1.31
2026-03-25,NIFTY FPI 150,Broad Market Indices,22.36,3.54,1.28
2026-03-27,NIFTY FPI 150,Broad Market Indices,21.91,3.47,1.32
2026-03-30,NIFTY FPI 150,Broad Market Indices,21.55,3.38,1.33
2026-04-01,NIFTY FPI 150,Broad Market Indices,21.93,3.44,1.3
2026-04-02,NIFTY FPI 150,Broad Market Indices,21.94,3.44,1.3
2026-04-06,NIFTY FPI 150,Broad Market Indices,22.18,3.48,1.29
2026-04-07,NIFTY FPI 150,Broad Market Indices,22.32,3.5,1.28
2026-04-08,NIFTY FPI 150,Broad Market Indices,23.14,3.63,1.24
2026-04-09,NIFTY FPI 150,Broad Market Indices,23.04,3.62,1.24
2026-04-10,NIFTY FPI 150,Broad Market Indices,23.32,3.66,1.23
2026-04-13,NIFTY FPI 150,Broad Market Indices,23.1,3.63,1.24
2026-04-15,NIFTY FPI 150,Broad Market Indices,23.53,3.69,1.21
2026-04-16,NIFTY FPI 150,Broad Market Indices,23.57,3.7,1.21
2026-04-17,NIFTY FPI 150,Broad Market Indices,23.78,3.73,1.2
2026-04-20,NIFTY FPI 150,Broad Market Indices,23.78,3.73,1.2
2026-04-21,NIFTY FPI 150,Broad Market Indices,23.86,3.76,1.2
2026-04-22,NIFTY FPI 150,Broad Market Indices,23.76,3.74,1.2
2026-04-23,NIFTY FPI 150,Broad Market Indices,23.56,3.72,1.21
2026-04-24,NIFTY FPI 150,Broad Market Indices,23.28,3.67,1.24
2026-04-27,NIFTY FPI 150,Broad Market Indices,23.49,3.71,1.23
2026-04-28,NIFTY FPI 150,Broad Market Indices,23.35,3.71,1.21
2026-04-29,NIFTY FPI 150,Broad Market Indices,23.47,3.73,1.21
2026-04-30,NIFTY FPI 150,Broad Market Indices,23.38,3.71,1.22
2026-03-02,NIFTY LARGEMID250,Broad Market Indices,25.59,3.82,1.05
2026-03-04,NIFTY LARGEMID250,Broad Market Indices,25.09,3.75,1.07
2026-03-05,NIFTY LARGEMID250,Broad Market Indices,25.43,3.8,1.06
2026-03-06,NIFTY LARGEMID250,Broad Market Indices,25.2,3.76,1.07
2026-03-09,NIFTY LARGEMID250,Broad Market Indices,24.71,3.69,1.09
2026-03-10,NIFTY LARGEMID250,Broad Market Indices,25.05,3.74,1.08
2026-03-11,NIFTY LARGEMID250,Broad Market Indices,24.71,3.69,1.09
2026-03-12,NIFTY LARGEMID250,Broad Market Indices,24.58,3.67,1.1
2026-03-13,NIFTY LARGEMID250,Broad Market Indices,23.99,3.58,1.13
2026-03-16,NIFTY LARGEMID250,Broad Market Indices,24.04,3.59,1.12
2026-03-17,NIFTY LARGEMID250,Broad Market Indices,24.26,3.62,1.11
2026-03-18,NIFTY LARGEMID250,Broad Market Indices,24.59,3.67,1.1
2026-03-19,NIFTY LARGEMID250,Broad Market Indices,23.81,3.56,1.13
2026-03-20,NIFTY LARGEMID250,Broad Market Indices,23.94,3.58,1.13
2026-03-23,NIFTY LARGEMID250,Broad Market Indices,23.14,3.46,1.16
2026-03-24,NIFTY LARGEMID250,Broad Market Indices,23.63,3.53,1.13
2026-03-25,NIFTY LARGEMID250,Broad Market Indices,24.12,3.6,1.11
2026-03-27,NIFTY LARGEMID250,Broad Market Indices,23.59,3.52,1.14
2026-03-30,NIFTY LARGEMID250,Broad Market Indices,23.55,3.54,1.12
2026-04-01,NIFTY LARGEMID250,Broad Market Indices,24.02,3.61,1.1
2026-04-02,NIFTY LARGEMID250,Broad Market Indices,24.0,3.6,1.1
2026-04-06,NIFTY LARGEMID250,Broad Market Indices,24.31,3.65,1.09
2026-04-07,NIFTY LARGEMID250,Broad Market Indices,24.4,3.67,1.08
2026-04-08,NIFTY LARGEMID250,Broad Market Indices,25.37,3.81,1.04
2026-04-09,NIFTY LARGEMID250,Broad Market Indices,25.31,3.8,1.05
2026-04-10,NIFTY LARGEMID250,Broad Market Indices,25.68,3.86,1.03
2026-04-13,NIFTY LARGEMID250,Broad Market Indices,25.49,3.83,1.04
2026-04-15,NIFTY LARGEMID250,Broad Market Indices,25.99,3.9,1.02
2026-04-16,NIFTY LARGEMID250,Broad Market Indices,26.08,3.92,1.01
2026-04-17,NIFTY LARGEMID250,Broad Market Indices,26.34,3.96,1.0
2026-04-20,NIFTY LARGEMID250,Broad Market Indices,26.31,3.96,1.0
2026-04-21,NIFTY LARGEMID250,Broad Market Indices,26.39,3.98,1.0
2026-04-22,NIFTY LARGEMID250,Broad Market Indices,26.34,3.98,1.0
2026-04-23,NIFTY LARGEMID250,Broad Market Indices,26.15,3.95,1.01
2026-04-24,NIFTY LARGEMID250,Broad Market Indices,25.88,3.91,1.03
2026-04-27,NIFTY LARGEMID250,Broad Market Indices,26.15,3.96,1.01
2026-04-28,NIFTY LARGEMID250,Broad Market Indices,25.81,3.95,1.01
2026-04-29,NIFTY LARGEMID250,Broad Market Indices,25.88,3.96,1.0
2026-04-30,NIFTY LARGEMID250,Broad Market Indices,25.69,3.93,1.02
2026-03-02,NIFTY MICROCAP250,Broad Market Indices,24.52,2.66,0.84
2026-03-04,NIFTY MICROCAP250,Broad Market Indices,23.78,2.58,0.86
2026-03-05,NIFTY MICROCAP250,Broad Market Indices,24.03,2.61,0.85
2026-03-06,NIFTY MICROCAP250,Broad Market Indices,24.01,2.61,0.85
2026-03-09,NIFTY MICROCAP250,Broad Market Indices,23.37,2.54,0.87
2026-03-10,NIFTY MICROCAP250,Broad Market Indices,23.93,2.6,0.85
2026-03-11,NIFTY MICROCAP250,Broad Market Indices,23.9,2.6,0.85
2026-03-12,NIFTY MICROCAP250,Broad Market Indices,23.83,2.59,0.86
2026-03-13,NIFTY MICROCAP250,Broad Market Indices,23.13,2.51,0.88
2026-03-16,NIFTY MICROCAP250,Broad Market Indices,22.99,2.5,0.88
2026-03-17,NIFTY MICROCAP250,Broad Market Indices,23.22,2.52,0.87
2026-03-18,NIFTY MICROCAP250,Broad Market Indices,23.84,2.59,0.86
2026-03-19,NIFTY MICROCAP250,Broad Market Indices,23.17,2.52,0.88
2026-03-20,NIFTY MICROCAP250,Broad Market Indices,23.38,2.54,0.87
2026-03-23,NIFTY MICROCAP250,Broad Market Indices,22.3,2.42,0.92
2026-03-24,NIFTY MICROCAP250,Broad Market Indices,22.94,2.49,0.89
2026-03-25,NIFTY MICROCAP250,Broad Market Indices,23.48,2.55,0.87
2026-03-27,NIFTY MICROCAP250,Broad Market Indices,22.82,2.48,0.9
2026-03-30,NIFTY MICROCAP250,Broad Market Indices,22.85,2.69,0.91
2026-04-01,NIFTY MICROCAP250,Broad Market Indices,23.9,2.81,0.87
2026-04-02,NIFTY MICROCAP250,Broad Market Indices,24.06,2.83,0.86
2026-04-06,NIFTY MICROCAP250,Broad Market Indices,24.32,2.86,0.85
2026-04-07,NIFTY MICROCAP250,Broad Market Indices,24.4,2.87,0.85
2026-04-08,NIFTY MICROCAP250,Broad Market Indices,25.42,2.99,0.82
2026-04-09,NIFTY MICROCAP250,Broad Market Indices,25.4,2.99,0.82
2026-04-10,NIFTY MICROCAP250,Broad Market Indices,25.94,3.05,0.8
2026-04-13,NIFTY MICROCAP250,Broad Market Indices,25.93,3.05,0.8
2026-04-15,NIFTY MICROCAP250,Broad Market Indices,26.59,3.13,0.78
2026-04-16,NIFTY MICROCAP250,Broad Market Indices,26.9,3.16,0.77
2026-04-17,NIFTY MICROCAP250,Broad Market Indices,27.22,3.2,0.76
2026-04-20,NIFTY MICROCAP250,Broad Market Indices,27.09,3.18,0.77
2026-04-21,NIFTY MICROCAP250,Broad Market Indices,27.35,3.21,0.76
2026-04-22,NIFTY MICROCAP250,Broad Market Indices,27.71,3.25,0.76
2026-04-23,NIFTY MICROCAP250,Broad Market Indices,27.64,3.24,0.75
2026-04-24,NIFTY MICROCAP250,Broad Market Indices,27.27,3.2,0.76
2026-04-27,NIFTY MICROCAP250,Broad Market Indices,27.83,3.27,0.74
2026-04-28,NIFTY MICROCAP250,Broad Market Indices,27.57,3.27,0.69
2026-04-29,NIFTY MICROCAP250,Broad Market Indices,27.58,3.27,0.69
2026-04-30,NIFTY MICROCAP250,Broad Market Indices,27.45,3.26,0.69
2026-03-02,NIFTY MIDCAP 100,Broad Market Indices,32.37,4.23,0.83
2026-03-04,NIFTY MIDCAP 100,Broad Market Indices,31.67,4.14,0.85
2026-03-05,NIFTY MIDCAP 100,Broad Market Indices,32.16,4.2,0.83
2026-03-06,NIFTY MIDCAP 100,Broad Market Indices,31.93,4.17,0.84
2026-03-09,NIFTY MIDCAP 100,Broad Market Indices,31.31,4.09,0.86
2026-03-10,NIFTY MIDCAP 100,Broad Market Indices,31.81,4.16,0.84
2026-03-11,NIFTY MIDCAP 100,Broad Market Indices,31.42,4.11,0.86
2026-03-12,NIFTY MIDCAP 100,Broad Market Indices,31.3,4.09,0.86
2026-03-13,NIFTY MIDCAP 100,Broad Market Indices,30.47,3.98,0.88
2026-03-16,NIFTY MIDCAP 100,Broad Market Indices,30.39,3.97,0.88
2026-03-17,NIFTY MIDCAP 100,Broad Market Indices,30.7,4.01,0.87
2026-03-18,NIFTY MIDCAP 100,Broad Market Indices,31.32,4.09,0.86
2026-03-19,NIFTY MIDCAP 100,Broad Market Indices,30.32,3.96,0.89
2026-03-20,NIFTY MIDCAP 100,Broad Market Indices,30.52,3.99,0.88
2026-03-23,NIFTY MIDCAP 100,Broad Market Indices,29.33,3.83,0.89
2026-03-24,NIFTY MIDCAP 100,Broad Market Indices,30.09,3.93,0.86
2026-03-25,NIFTY MIDCAP 100,Broad Market Indices,30.79,4.02,0.85
2026-03-27,NIFTY MIDCAP 100,Broad Market Indices,30.1,3.93,0.87
2026-03-30,NIFTY MIDCAP 100,Broad Market Indices,32.55,4.16,0.78
2026-04-01,NIFTY MIDCAP 100,Broad Market Indices,33.27,4.25,0.76
2026-04-02,NIFTY MIDCAP 100,Broad Market Indices,33.18,4.24,0.76
2026-04-06,NIFTY MIDCAP 100,Broad Market Indices,33.69,4.3,0.75
2026-04-07,NIFTY MIDCAP 100,Broad Market Indices,33.75,4.31,0.75
2026-04-08,NIFTY MIDCAP 100,Broad Market Indices,35.11,4.48,0.72
2026-04-09,NIFTY MIDCAP 100,Broad Market Indices,35.23,4.5,0.72
2026-04-10,NIFTY MIDCAP 100,Broad Market Indices,35.76,4.57,0.71
2026-04-13,NIFTY MIDCAP 100,Broad Market Indices,35.56,4.54,0.71
2026-04-15,NIFTY MIDCAP 100,Broad Market Indices,36.34,4.64,0.7
2026-04-16,NIFTY MIDCAP 100,Broad Market Indices,36.57,4.67,0.69
2026-04-17,NIFTY MIDCAP 100,Broad Market Indices,37.03,4.73,0.69
2026-04-20,NIFTY MIDCAP 100,Broad Market Indices,36.87,4.72,0.69
2026-04-21,NIFTY MIDCAP 100,Broad Market Indices,36.97,4.74,0.68
2026-04-22,NIFTY MIDCAP 100,Broad Market Indices,37.03,4.75,0.68
2026-04-23,NIFTY MIDCAP 100,Broad Market Indices,36.82,4.73,0.68
2026-04-24,NIFTY MIDCAP 100,Broad Market Indices,36.49,4.69,0.69
2026-04-27,NIFTY MIDCAP 100,Broad Market Indices,37.02,4.75,0.69
2026-04-28,NIFTY MIDCAP 100,Broad Market Indices,35.82,4.77,0.69
2026-04-29,NIFTY MIDCAP 100,Broad Market Indices,35.8,4.77,0.68
2026-04-30,NIFTY MIDCAP 100,Broad Market Indices,35.44,4.72,0.69
2026-03-02,NIFTY MIDCAP 150,Broad Market Indices,32.01,4.34,0.84
2026-03-04,NIFTY MIDCAP 150,Broad Market Indices,31.31,4.25,0.86
2026-03-05,NIFTY MIDCAP 150,Broad Market Indices,31.79,4.31,0.84
2026-03-06,NIFTY MIDCAP 150,Broad Market Indices,31.57,4.28,0.85
2026-03-09,NIFTY MIDCAP 150,Broad Market Indices,30.91,4.2,0.87
2026-03-10,NIFTY MIDCAP 150,Broad Market Indices,31.41,4.26,0.85
2026-03-11,NIFTY MIDCAP 150,Broad Market Indices,31.05,4.21,0.87
2026-03-12,NIFTY MIDCAP 150,Broad Market Indices,30.97,4.2,0.87
2026-03-13,NIFTY MIDCAP 150,Broad Market Indices,30.14,4.09,0.89
2026-03-16,NIFTY MIDCAP 150,Broad Market Indices,30.03,4.08,0.89
2026-03-17,NIFTY MIDCAP 150,Broad Market Indices,30.34,4.12,0.88
2026-03-18,NIFTY MIDCAP 150,Broad Market Indices,30.91,4.2,0.87
2026-03-19,NIFTY MIDCAP 150,Broad Market Indices,29.96,4.07,0.9
2026-03-20,NIFTY MIDCAP 150,Broad Market Indices,30.13,4.09,0.89
2026-03-23,NIFTY MIDCAP 150,Broad Market Indices,28.97,3.93,0.9
2026-03-24,NIFTY MIDCAP 150,Broad Market Indices,29.69,4.03,0.88
2026-03-25,NIFTY MIDCAP 150,Broad Market Indices,30.39,4.12,0.86
2026-03-27,NIFTY MIDCAP 150,Broad Market Indices,29.73,4.03,0.88
2026-03-30,NIFTY MIDCAP 150,Broad Market Indices,30.61,4.16,0.81
2026-04-01,NIFTY MIDCAP 150,Broad Market Indices,31.3,4.25,0.79
2026-04-02,NIFTY MIDCAP 150,Broad Market Indices,31.2,4.24,0.8
2026-04-06,NIFTY MIDCAP 150,Broad Market Indices,31.65,4.3,0.79
2026-04-07,NIFTY MIDCAP 150,Broad Market Indices,31.68,4.3,0.79
2026-04-08,NIFTY MIDCAP 150,Broad Market Indices,32.94,4.47,0.76
2026-04-09,NIFTY MIDCAP 150,Broad Market Indices,33.03,4.49,0.75
2026-04-10,NIFTY MIDCAP 150,Broad Market Indices,33.55,4.56,0.74
2026-04-13,NIFTY MIDCAP 150,Broad Market Indices,33.36,4.53,0.75
2026-04-15,NIFTY MIDCAP 150,Broad Market Indices,34.1,4.63,0.73
2026-04-16,NIFTY MIDCAP 150,Broad Market Indices,34.31,4.66,0.72
2026-04-17,NIFTY MIDCAP 150,Broad Market Indices,34.71,4.72,0.71
2026-04-20,NIFTY MIDCAP 150,Broad Market Indices,34.61,4.71,0.71
2026-04-21,NIFTY MIDCAP 150,Broad Market Indices,34.73,4.74,0.71
2026-04-22,NIFTY MIDCAP 150,Broad Market Indices,34.75,4.75,0.71
2026-04-23,NIFTY MIDCAP 150,Broad Market Indices,34.57,4.73,0.71
2026-04-24,NIFTY MIDCAP 150,Broad Market Indices,34.24,4.68,0.72
2026-04-27,NIFTY MIDCAP 150,Broad Market Indices,34.74,4.75,0.72
2026-04-28,NIFTY MIDCAP 150,Broad Market Indices,33.81,4.75,0.72
2026-04-29,NIFTY MIDCAP 150,Broad Market Indices,33.8,4.75,0.71
2026-04-30,NIFTY MIDCAP 150,Broad Market Indices,33.45,4.71,0.72
2026-03-02,NIFTY MIDCAP 50,Broad Market Indices,31.85,4.4,0.82
2026-03-04,NIFTY MIDCAP 50,Broad Market Indices,31.23,4.31,0.84
2026-03-05,NIFTY MIDCAP 50,Broad Market Indices,31.7,4.38,0.83
2026-03-06,NIFTY MIDCAP 50,Broad Market Indices,31.43,4.34,0.84
2026-03-09,NIFTY MIDCAP 50,Broad Market Indices,30.86,4.26,0.85
2026-03-10,NIFTY MIDCAP 50,Broad Market Indices,31.36,4.33,0.84
2026-03-11,NIFTY MIDCAP 50,Broad Market Indices,30.83,4.26,0.86
2026-03-12,NIFTY MIDCAP 50,Broad Market Indices,30.7,4.24,0.86
2026-03-13,NIFTY MIDCAP 50,Broad Market Indices,29.93,4.13,0.88
2026-03-16,NIFTY MIDCAP 50,Broad Market Indices,29.88,4.13,0.88
2026-03-17,NIFTY MIDCAP 50,Broad Market Indices,30.19,4.17,0.87
2026-03-18,NIFTY MIDCAP 50,Broad Market Indices,30.82,4.25,0.86
2026-03-19,NIFTY MIDCAP 50,Broad Market Indices,29.8,4.12,0.89
2026-03-20,NIFTY MIDCAP 50,Broad Market Indices,30.03,4.15,0.88
2026-03-23,NIFTY MIDCAP 50,Broad Market Indices,28.92,3.99,0.87
2026-03-24,NIFTY MIDCAP 50,Broad Market Indices,29.72,4.1,0.85
2026-03-25,NIFTY MIDCAP 50,Broad Market Indices,30.33,4.19,0.83
2026-03-27,NIFTY MIDCAP 50,Broad Market Indices,29.69,4.1,0.85
2026-03-30,NIFTY MIDCAP 50,Broad Market Indices,32.13,4.08,0.71
2026-04-01,NIFTY MIDCAP 50,Broad Market Indices,32.8,4.17,0.7
2026-04-02,NIFTY MIDCAP 50,Broad Market Indices,32.75,4.16,0.7
2026-04-06,NIFTY MIDCAP 50,Broad Market Indices,33.25,4.22,0.69
2026-04-07,NIFTY MIDCAP 50,Broad Market Indices,33.4,4.24,0.68
2026-04-08,NIFTY MIDCAP 50,Broad Market Indices,34.76,4.41,0.66
2026-04-09,NIFTY MIDCAP 50,Broad Market Indices,34.84,4.42,0.66
2026-04-10,NIFTY MIDCAP 50,Broad Market Indices,35.28,4.48,0.65
2026-04-13,NIFTY MIDCAP 50,Broad Market Indices,35.01,4.45,0.65
2026-04-15,NIFTY MIDCAP 50,Broad Market Indices,35.81,4.55,0.64
2026-04-16,NIFTY MIDCAP 50,Broad Market Indices,36.04,4.58,0.63
2026-04-17,NIFTY MIDCAP 50,Broad Market Indices,36.49,4.63,0.63
2026-04-20,NIFTY MIDCAP 50,Broad Market Indices,36.27,4.62,0.63
2026-04-21,NIFTY MIDCAP 50,Broad Market Indices,36.32,4.65,0.62
2026-04-22,NIFTY MIDCAP 50,Broad Market Indices,36.31,4.64,0.62
2026-04-23,NIFTY MIDCAP 50,Broad Market Indices,36.0,4.61,0.63
2026-04-24,NIFTY MIDCAP 50,Broad Market Indices,35.54,4.56,0.64
2026-04-27,NIFTY MIDCAP 50,Broad Market Indices,36.08,4.63,0.63
2026-04-28,NIFTY MIDCAP 50,Broad Market Indices,34.5,4.64,0.63
2026-04-29,NIFTY MIDCAP 50,Broad Market Indices,34.48,4.64,0.63
2026-04-30,NIFTY MIDCAP 50,Broad Market Indices,34.17,4.6,0.63
2026-03-02,NIFTY MID SELECT,Broad Market Indices,27.95,4.38,0.84
2026-03-04,NIFTY MID SELECT,Broad Market Indices,27.41,4.3,0.85
2026-03-05,NIFTY MID SELECT,Broad Market Indices,27.88,4.37,0.84
2026-03-06,NIFTY MID SELECT,Broad Market Indices,27.69,4.34,0.84
2026-03-09,NIFTY MID SELECT,Broad Market Indices,27.21,4.27,0.86
2026-03-10,NIFTY MID SELECT,Broad Market Indices,27.78,4.35,0.84
2026-03-11,NIFTY MID SELECT,Broad Market Indices,27.26,4.27,0.86
2026-03-12,NIFTY MID SELECT,Broad Market Indices,27.25,4.27,0.86
2026-03-13,NIFTY MID SELECT,Broad Market Indices,26.53,4.16,0.88
2026-03-16,NIFTY MID SELECT,Broad Market Indices,26.53,4.16,0.88
2026-03-17,NIFTY MID SELECT,Broad Market Indices,26.78,4.2,0.87
2026-03-18,NIFTY MID SELECT,Broad Market Indices,27.29,4.28,0.85
2026-03-19,NIFTY MID SELECT,Broad Market Indices,26.32,4.13,0.89
2026-03-20,NIFTY MID SELECT,Broad Market Indices,26.55,4.16,0.88
2026-03-23,NIFTY MID SELECT,Broad Market Indices,25.62,4.02,0.91
2026-03-24,NIFTY MID SELECT,Broad Market Indices,26.35,4.13,0.89
2026-03-25,NIFTY MID SELECT,Broad Market Indices,26.89,4.22,0.87
2026-03-27,NIFTY MID SELECT,Broad Market Indices,26.32,4.13,0.89
2026-03-30,NIFTY MID SELECT,Broad Market Indices,29.66,4.13,0.73
2026-04-01,NIFTY MID SELECT,Broad Market Indices,30.4,4.23,0.71
2026-04-02,NIFTY MID SELECT,Broad Market Indices,30.24,4.21,0.71
2026-04-06,NIFTY MID SELECT,Broad Market Indices,30.7,4.28,0.7
2026-04-07,NIFTY MID SELECT,Broad Market Indices,30.79,4.29,0.7
2026-04-08,NIFTY MID SELECT,Broad Market Indices,32.25,4.49,0.67
2026-04-09,NIFTY MID SELECT,Broad Market Indices,32.22,4.49,0.67
2026-04-10,NIFTY MID SELECT,Broad Market Indices,32.71,4.56,0.66
2026-04-13,NIFTY MID SELECT,Broad Market Indices,32.37,4.51,0.67
2026-04-15,NIFTY MID SELECT,Broad Market Indices,33.06,4.61,0.65
2026-04-16,NIFTY MID SELECT,Broad Market Indices,33.38,4.65,0.65
2026-04-17,NIFTY MID SELECT,Broad Market Indices,33.76,4.7,0.64
2026-04-20,NIFTY MID SELECT,Broad Market Indices,33.69,4.69,0.64
2026-04-21,NIFTY MID SELECT,Broad Market Indices,33.79,4.73,0.63
2026-04-22,NIFTY MID SELECT,Broad Market Indices,33.84,4.74,0.63
2026-04-23,NIFTY MID SELECT,Broad Market Indices,33.53,4.71,0.64
2026-04-24,NIFTY MID SELECT,Broad Market Indices,33.25,4.67,0.64
2026-04-27,NIFTY MID SELECT,Broad Market Indices,33.74,4.73,0.63
2026-04-28,NIFTY MID SELECT,Broad Market Indices,31.56,4.75,0.63
2026-04-29,NIFTY MID SELECT,Broad Market Indices,31.46,4.73,0.63
2026-04-30,NIFTY MID SELECT,Broad Market Indices,31.22,4.7,0.64
2026-03-02,NIFTY MIDSML 400,Broad Market Indices,29.55,3.94,0.81
2026-03-04,NIFTY MIDSML 400,Broad Market Indices,28.91,3.85,0.83
2026-03-05,NIFTY MIDSML 400,Broad Market Indices,29.34,3.91,0.82
2026-03-06,NIFTY MIDSML 400,Broad Market Indices,29.17,3.89,0.82
2026-03-09,NIFTY MIDSML 400,Broad Market Indices,28.54,3.81,0.84
2026-03-10,NIFTY MIDSML 400,Broad Market Indices,29.05,3.88,0.83
2026-03-11,NIFTY MIDSML 400,Broad Market Indices,28.8,3.84,0.84
2026-03-12,NIFTY MIDSML 400,Broad Market Indices,28.72,3.83,0.84
2026-03-13,NIFTY MIDSML 400,Broad Market Indices,27.95,3.73,0.86
2026-03-16,NIFTY MIDSML 400,Broad Market Indices,27.85,3.71,0.86
2026-03-17,NIFTY MIDSML 400,Broad Market Indices,28.09,3.75,0.86
2026-03-18,NIFTY MIDSML 400,Broad Market Indices,28.61,3.81,0.83
2026-03-19,NIFTY MIDSML 400,Broad Market Indices,27.77,3.7,0.86
2026-03-20,NIFTY MIDSML 400,Broad Market Indices,27.9,3.72,0.85
2026-03-23,NIFTY MIDSML 400,Broad Market Indices,26.83,3.58,0.87
2026-03-24,NIFTY MIDSML 400,Broad Market Indices,27.49,3.67,0.85
2026-03-25,NIFTY MIDSML 400,Broad Market Indices,28.15,3.75,0.83
2026-03-27,NIFTY MIDSML 400,Broad Market Indices,27.56,3.68,0.85
2026-03-30,NIFTY MIDSML 400,Broad Market Indices,28.86,3.68,0.81
2026-04-01,NIFTY MIDSML 400,Broad Market Indices,29.61,3.78,0.79
2026-04-02,NIFTY MIDSML 400,Broad Market Indices,29.53,3.77,0.8
2026-04-06,NIFTY MIDSML 400,Broad Market Indices,29.91,3.82,0.79
2026-04-07,NIFTY MIDSML 400,Broad Market Indices,29.95,3.82,0.79
2026-04-08,NIFTY MIDSML 400,Broad Market Indices,31.13,3.97,0.76
2026-04-09,NIFTY MIDSML 400,Broad Market Indices,31.2,3.98,0.76
2026-04-10,NIFTY MIDSML 400,Broad Market Indices,31.7,4.04,0.74
2026-04-13,NIFTY MIDSML 400,Broad Market Indices,31.53,4.02,0.75
2026-04-15,NIFTY MIDSML 400,Broad Market Indices,32.24,4.11,0.73
2026-04-16,NIFTY MIDSML 400,Broad Market Indices,32.47,4.14,0.72
2026-04-17,NIFTY MIDSML 400,Broad Market Indices,32.91,4.19,0.71
2026-04-20,NIFTY MIDSML 400,Broad Market Indices,32.81,4.19,0.72
2026-04-21,NIFTY MIDSML 400,Broad Market Indices,32.95,4.21,0.71
2026-04-22,NIFTY MIDSML 400,Broad Market Indices,33.07,4.23,0.71
2026-04-23,NIFTY MIDSML 400,Broad Market Indices,32.89,4.21,0.71
2026-04-24,NIFTY MIDSML 400,Broad Market Indices,32.57,4.17,0.72
2026-04-27,NIFTY MIDSML 400,Broad Market Indices,33.05,4.24,0.71
2026-04-28,NIFTY MIDSML 400,Broad Market Indices,32.36,4.24,0.71
2026-04-29,NIFTY MIDSML 400,Broad Market Indices,32.41,4.25,0.71
2026-04-30,NIFTY MIDSML 400,Broad Market Indices,32.2,4.23,0.71
2026-03-02,NIFTY MIDSMALLCAP400 50:50,Broad Market Indices,28.51,3.78,0.8
2026-03-04,NIFTY MIDSMALLCAP400 50:50,Broad Market Indices,27.89,3.69,0.82
2026-03-05,NIFTY MIDSMALLCAP400 50:50,Broad Market Indices,28.3,3.75,0.81
2026-03-06,NIFTY MIDSMALLCAP400 50:50,Broad Market Indices,28.16,3.73,0.81
2026-03-09,NIFTY MIDSMALLCAP400 50:50,Broad Market Indices,27.55,3.65,0.83
2026-03-10,NIFTY MIDSMALLCAP400 50:50,Broad Market Indices,28.06,3.72,0.81
2026-03-11,NIFTY MIDSMALLCAP400 50:50,Broad Market Indices,27.86,3.69,0.82
2026-03-12,NIFTY MIDSMALLCAP400 50:50,Broad Market Indices,27.77,3.68,0.83
2026-03-13,NIFTY MIDSMALLCAP400 50:50,Broad Market Indices,27.02,3.58,0.85
2026-03-16,NIFTY MIDSMALLCAP400 50:50,Broad Market Indices,26.93,3.57,0.85
2026-03-17,NIFTY MIDSMALLCAP400 50:50,Broad Market Indices,27.14,3.59,0.84
2026-03-18,NIFTY MIDSMALLCAP400 50:50,Broad Market Indices,27.64,3.66,0.82
2026-03-19,NIFTY MIDSMALLCAP400 50:50,Broad Market Indices,26.85,3.55,0.84
2026-03-20,NIFTY MIDSMALLCAP400 50:50,Broad Market Indices,26.96,3.57,0.83
2026-03-23,NIFTY MIDSMALLCAP400 50:50,Broad Market Indices,25.93,3.43,0.86
2026-03-24,NIFTY MIDSMALLCAP400 50:50,Broad Market Indices,26.56,3.52,0.83
2026-03-25,NIFTY MIDSMALLCAP400 50:50,Broad Market Indices,27.2,3.6,0.82
2026-03-27,NIFTY MIDSMALLCAP400 50:50,Broad Market Indices,26.65,3.53,0.84
2026-03-30,NIFTY MIDSMALLCAP400 50:50,Broad Market Indices,28.02,3.47,0.81
2026-04-01,NIFTY MIDSMALLCAP400 50:50,Broad Market Indices,28.79,3.57,0.79
2026-04-02,NIFTY MIDSMALLCAP400 50:50,Broad Market Indices,28.72,3.56,0.8
2026-04-06,NIFTY MIDSMALLCAP400 50:50,Broad Market Indices,29.08,3.6,0.79
2026-04-07,NIFTY MIDSMALLCAP400 50:50,Broad Market Indices,29.11,3.61,0.79
2026-04-08,NIFTY MIDSMALLCAP400 50:50,Broad Market Indices,30.26,3.75,0.76
2026-04-09,NIFTY MIDSMALLCAP400 50:50,Broad Market Indices,30.32,3.76,0.76
2026-04-10,NIFTY MIDSMALLCAP400 50:50,Broad Market Indices,30.81,3.82,0.74
2026-04-13,NIFTY MIDSMALLCAP400 50:50,Broad Market Indices,30.65,3.8,0.75
2026-04-15,NIFTY MIDSMALLCAP400 50:50,Broad Market Indices,31.34,3.88,0.73
2026-04-16,NIFTY MIDSMALLCAP400 50:50,Broad Market Indices,31.59,3.91,0.72
2026-04-17,NIFTY MIDSMALLCAP400 50:50,Broad Market Indices,32.04,3.97,0.71
2026-04-20,NIFTY MIDSMALLCAP400 50:50,Broad Market Indices,31.94,3.96,0.72
2026-04-21,NIFTY MIDSMALLCAP400 50:50,Broad Market Indices,32.1,3.98,0.71
2026-04-22,NIFTY MIDSMALLCAP400 50:50,Broad Market Indices,32.26,4.01,0.71
2026-04-23,NIFTY MIDSMALLCAP400 50:50,Broad Market Indices,32.09,3.99,0.71
2026-04-24,NIFTY MIDSMALLCAP400 50:50,Broad Market Indices,31.76,3.95,0.72
2026-04-27,NIFTY MIDSMALLCAP400 50:50,Broad Market Indices,32.24,4.01,0.71
2026-04-28,NIFTY MIDSMALLCAP400 50:50,Broad Market Indices,31.65,4.02,0.71
2026-04-29,NIFTY MIDSMALLCAP400 50:50,Broad Market Indices,31.73,4.03,0.71
2026-04-30,NIFTY MIDSMALLCAP400 50:50,Broad Market Indices,31.59,4.02,0.71
2026-03-02,NIFTY NEXT 50,Broad Market Indices,19.19,3.56,1.34
2026-03-04,NIFTY NEXT 50,Broad Market Indices,18.67,3.46,1.38
2026-03-05,NIFTY NEXT 50,Broad Market Indices,18.93,3.51,1.36
2026-03-06,NIFTY NEXT 50,Broad Market Indices,18.86,3.5,1.36
2026-03-09,NIFTY NEXT 50,Broad Market Indices,18.46,3.43,1.39
2026-03-10,NIFTY NEXT 50,Broad Market Indices,18.79,3.49,1.37
2026-03-11,NIFTY NEXT 50,Broad Market Indices,18.58,3.45,1.38
2026-03-12,NIFTY NEXT 50,Broad Market Indices,18.56,3.44,1.42
2026-03-13,NIFTY NEXT 50,Broad Market Indices,18.08,3.35,1.47
2026-03-16,NIFTY NEXT 50,Broad Market Indices,18.02,3.34,1.47
2026-03-17,NIFTY NEXT 50,Broad Market Indices,18.17,3.37,1.46
2026-03-18,NIFTY NEXT 50,Broad Market Indices,18.35,3.4,1.45
2026-03-19,NIFTY NEXT 50,Broad Market Indices,17.77,3.29,1.47
2026-03-20,NIFTY NEXT 50,Broad Market Indices,17.85,3.31,1.48
2026-03-23,NIFTY NEXT 50,Broad Market Indices,17.16,3.18,1.55
2026-03-24,NIFTY NEXT 50,Broad Market Indices,17.43,3.23,1.53
2026-03-25,NIFTY NEXT 50,Broad Market Indices,17.78,3.29,1.5
2026-03-27,NIFTY NEXT 50,Broad Market Indices,17.34,3.21,1.6
2026-03-30,NIFTY NEXT 50,Broad Market Indices,17.09,3.22,1.63
2026-04-01,NIFTY NEXT 50,Broad Market Indices,17.53,3.31,1.59
2026-04-02,NIFTY NEXT 50,Broad Market Indices,17.54,3.31,1.59
2026-04-06,NIFTY NEXT 50,Broad Market Indices,17.8,3.36,1.56
2026-04-07,NIFTY NEXT 50,Broad Market Indices,17.88,3.37,1.55
2026-04-08,NIFTY NEXT 50,Broad Market Indices,18.73,3.53,1.49
2026-04-09,NIFTY NEXT 50,Broad Market Indices,18.76,3.54,1.48
2026-04-10,NIFTY NEXT 50,Broad Market Indices,19.15,3.61,1.45
2026-04-13,NIFTY NEXT 50,Broad Market Indices,19.0,3.59,1.47
2026-04-15,NIFTY NEXT 50,Broad Market Indices,19.41,3.66,1.43
2026-04-16,NIFTY NEXT 50,Broad Market Indices,19.62,3.7,1.42
2026-04-17,NIFTY NEXT 50,Broad Market Indices,19.9,3.75,1.41
2026-04-20,NIFTY NEXT 50,Broad Market Indices,19.92,3.75,1.41
2026-04-21,NIFTY NEXT 50,Broad Market Indices,20.05,3.78,1.4
2026-04-22,NIFTY NEXT 50,Broad Market Indices,20.2,3.8,1.39
2026-04-23,NIFTY NEXT 50,Broad Market Indices,19.94,3.75,1.41
2026-04-24,NIFTY NEXT 50,Broad Market Indices,19.79,3.73,1.42
2026-04-27,NIFTY NEXT 50,Broad Market Indices,20.02,3.77,1.39
2026-04-28,NIFTY NEXT 50,Broad Market Indices,19.89,3.76,1.39
2026-04-29,NIFTY NEXT 50,Broad Market Indices,19.88,3.76,1.4
2026-04-30,NIFTY NEXT 50,Broad Market Indices,19.7,3.71,1.44
2026-03-02,NIFTY SMLCAP 100,Broad Market Indices,29.62,3.6,0.77
2026-03-04,NIFTY SMLCAP 100,Broad Market Indices,28.99,3.52,0.78
2026-03-05,NIFTY SMLCAP 100,Broad Market Indices,29.45,3.58,0.77
2026-03-06,NIFTY SMLCAP 100,Broad Market Indices,29.38,3.57,0.77
2026-03-09,NIFTY SMLCAP 100,Broad Market Indices,28.72,3.49,0.79
2026-03-10,NIFTY SMLCAP 100,Broad Market Indices,29.33,3.56,0.78
2026-03-11,NIFTY SMLCAP 100,Broad Market Indices,29.25,3.55,0.78
2026-03-12,NIFTY SMLCAP 100,Broad Market Indices,29.06,3.52,0.78
2026-03-13,NIFTY SMLCAP 100,Broad Market Indices,28.33,3.44,0.8
2026-03-16,NIFTY SMLCAP 100,Broad Market Indices,28.17,3.42,0.81
2026-03-17,NIFTY SMLCAP 100,Broad Market Indices,28.36,3.44,0.8
2026-03-18,NIFTY SMLCAP 100,Broad Market Indices,28.83,3.5,0.74
2026-03-19,NIFTY SMLCAP 100,Broad Market Indices,27.99,3.39,0.77
2026-03-20,NIFTY SMLCAP 100,Broad Market Indices,28.01,3.4,0.76
2026-03-23,NIFTY SMLCAP 100,Broad Market Indices,26.9,3.26,0.79
2026-03-24,NIFTY SMLCAP 100,Broad Market Indices,27.61,3.35,0.77
2026-03-25,NIFTY SMLCAP 100,Broad Market Indices,28.32,3.44,0.75
2026-03-27,NIFTY SMLCAP 100,Broad Market Indices,27.83,3.38,0.77
2026-03-30,NIFTY SMLCAP 100,Broad Market Indices,25.91,2.97,0.78
2026-04-01,NIFTY SMLCAP 100,Broad Market Indices,26.78,3.07,0.76
2026-04-02,NIFTY SMLCAP 100,Broad Market Indices,26.67,3.06,0.77
2026-04-06,NIFTY SMLCAP 100,Broad Market Indices,27.02,3.1,0.76
2026-04-07,NIFTY SMLCAP 100,Broad Market Indices,27.0,3.09,0.76
2026-04-08,NIFTY SMLCAP 100,Broad Market Indices,28.19,3.23,0.73
2026-04-09,NIFTY SMLCAP 100,Broad Market Indices,28.23,3.23,0.72
2026-04-10,NIFTY SMLCAP 100,Broad Market Indices,28.7,3.28,0.71
2026-04-13,NIFTY SMLCAP 100,Broad Market Indices,28.56,3.27,0.72
2026-04-15,NIFTY SMLCAP 100,Broad Market Indices,29.23,3.35,0.7
2026-04-16,NIFTY SMLCAP 100,Broad Market Indices,29.49,3.38,0.69
2026-04-17,NIFTY SMLCAP 100,Broad Market Indices,29.93,3.43,0.68
2026-04-20,NIFTY SMLCAP 100,Broad Market Indices,29.79,3.41,0.69
2026-04-21,NIFTY SMLCAP 100,Broad Market Indices,29.97,3.44,0.68
2026-04-22,NIFTY SMLCAP 100,Broad Market Indices,30.24,3.48,0.67
2026-04-23,NIFTY SMLCAP 100,Broad Market Indices,30.04,3.46,0.68
2026-04-24,NIFTY SMLCAP 100,Broad Market Indices,29.78,3.43,0.68
2026-04-27,NIFTY SMLCAP 100,Broad Market Indices,30.32,3.49,0.67
2026-04-28,NIFTY SMLCAP 100,Broad Market Indices,30.18,3.51,0.67
2026-04-29,NIFTY SMLCAP 100,Broad Market Indices,30.38,3.53,0.66
2026-04-30,NIFTY SMLCAP 100,Broad Market Indices,30.36,3.52,0.66
2026-03-02,NIFTY SMLCAP 250,Broad Market Indices,25.63,3.33,0.76
2026-03-04,NIFTY SMLCAP 250,Broad Market Indices,25.09,3.26,0.78
2026-03-05,NIFTY SMLCAP 250,Broad Market Indices,25.44,3.3,0.77
2026-03-06,NIFTY SMLCAP 250,Broad Market Indices,25.37,3.29,0.77
2026-03-09,NIFTY SMLCAP 250,Broad Market Indices,24.78,3.22,0.79
2026-03-10,NIFTY SMLCAP 250,Broad Market Indices,25.31,3.29,0.77
2026-03-11,NIFTY SMLCAP 250,Broad Market Indices,25.24,3.27,0.78
2026-03-12,NIFTY SMLCAP 250,Broad Market Indices,25.14,3.26,0.78
2026-03-13,NIFTY SMLCAP 250,Broad Market Indices,24.46,3.17,0.8
2026-03-16,NIFTY SMLCAP 250,Broad Market Indices,24.38,3.16,0.8
2026-03-17,NIFTY SMLCAP 250,Broad Market Indices,24.52,3.18,0.8
2026-03-18,NIFTY SMLCAP 250,Broad Market Indices,24.95,3.24,0.76
2026-03-19,NIFTY SMLCAP 250,Broad Market Indices,24.29,3.15,0.78
2026-03-20,NIFTY SMLCAP 250,Broad Market Indices,24.36,3.16,0.77
2026-03-23,NIFTY SMLCAP 250,Broad Market Indices,23.43,3.04,0.81
2026-03-24,NIFTY SMLCAP 250,Broad Market Indices,23.99,3.11,0.79
2026-03-25,NIFTY SMLCAP 250,Broad Market Indices,24.59,3.19,0.77
2026-03-27,NIFTY SMLCAP 250,Broad Market Indices,24.12,3.13,0.79
2026-03-30,NIFTY SMLCAP 250,Broad Market Indices,25.86,2.99,0.82
2026-04-01,NIFTY SMLCAP 250,Broad Market Indices,26.69,3.08,0.79
2026-04-02,NIFTY SMLCAP 250,Broad Market Indices,26.65,3.08,0.8
2026-04-06,NIFTY SMLCAP 250,Broad Market Indices,26.93,3.11,0.79
2026-04-07,NIFTY SMLCAP 250,Broad Market Indices,26.97,3.11,0.79
2026-04-08,NIFTY SMLCAP 250,Broad Market Indices,28.02,3.23,0.76
2026-04-09,NIFTY SMLCAP 250,Broad Market Indices,28.06,3.24,0.76
2026-04-10,NIFTY SMLCAP 250,Broad Market Indices,28.51,3.29,0.75
2026-04-13,NIFTY SMLCAP 250,Broad Market Indices,28.38,3.28,0.75
2026-04-15,NIFTY SMLCAP 250,Broad Market Indices,29.04,3.35,0.73
2026-04-16,NIFTY SMLCAP 250,Broad Market Indices,29.31,3.38,0.73
2026-04-17,NIFTY SMLCAP 250,Broad Market Indices,29.8,3.43,0.72
2026-04-20,NIFTY SMLCAP 250,Broad Market Indices,29.69,3.42,0.72
2026-04-21,NIFTY SMLCAP 250,Broad Market Indices,29.89,3.45,0.71
2026-04-22,NIFTY SMLCAP 250,Broad Market Indices,30.16,3.48,0.7
2026-04-23,NIFTY SMLCAP 250,Broad Market Indices,30.0,3.47,0.71
2026-04-24,NIFTY SMLCAP 250,Broad Market Indices,29.67,3.43,0.72
2026-04-27,NIFTY SMLCAP 250,Broad Market Indices,30.14,3.49,0.7
2026-04-28,NIFTY SMLCAP 250,Broad Market Indices,29.81,3.49,0.7
2026-04-29,NIFTY SMLCAP 250,Broad Market Indices,29.96,3.51,0.7
2026-04-30,NIFTY SMLCAP 250,Broad Market Indices,30.0,3.54,0.7
2026-03-02,NIFTY SMLCAP 50,Broad Market Indices,29.42,3.62,0.79
2026-03-04,NIFTY SMLCAP 50,Broad Market Indices,28.78,3.54,0.81
2026-03-05,NIFTY SMLCAP 50,Broad Market Indices,29.31,3.61,0.79
2026-03-06,NIFTY SMLCAP 50,Broad Market Indices,29.14,3.59,0.8
2026-03-09,NIFTY SMLCAP 50,Broad Market Indices,28.55,3.51,0.81
2026-03-10,NIFTY SMLCAP 50,Broad Market Indices,29.17,3.59,0.8
2026-03-11,NIFTY SMLCAP 50,Broad Market Indices,29.01,3.57,0.8
2026-03-12,NIFTY SMLCAP 50,Broad Market Indices,28.76,3.54,0.81
2026-03-13,NIFTY SMLCAP 50,Broad Market Indices,28.06,3.45,0.83
2026-03-16,NIFTY SMLCAP 50,Broad Market Indices,27.96,3.44,0.83
2026-03-17,NIFTY SMLCAP 50,Broad Market Indices,28.14,3.46,0.83
2026-03-18,NIFTY SMLCAP 50,Broad Market Indices,28.6,3.52,0.75
2026-03-19,NIFTY SMLCAP 50,Broad Market Indices,27.72,3.41,0.77
2026-03-20,NIFTY SMLCAP 50,Broad Market Indices,27.67,3.41,0.76
2026-03-23,NIFTY SMLCAP 50,Broad Market Indices,26.64,3.28,0.79
2026-03-24,NIFTY SMLCAP 50,Broad Market Indices,27.36,3.37,0.77
2026-03-25,NIFTY SMLCAP 50,Broad Market Indices,28.1,3.46,0.75
2026-03-27,NIFTY SMLCAP 50,Broad Market Indices,27.57,3.39,0.78
2026-03-30,NIFTY SMLCAP 50,Broad Market Indices,24.26,2.82,0.81
2026-04-01,NIFTY SMLCAP 50,Broad Market Indices,24.92,2.9,0.78
2026-04-02,NIFTY SMLCAP 50,Broad Market Indices,24.79,2.88,0.8
2026-04-06,NIFTY SMLCAP 50,Broad Market Indices,25.14,2.92,0.79
2026-04-07,NIFTY SMLCAP 50,Broad Market Indices,25.1,2.92,0.79
2026-04-08,NIFTY SMLCAP 50,Broad Market Indices,26.26,3.05,0.76
2026-04-09,NIFTY SMLCAP 50,Broad Market Indices,26.22,3.05,0.76
2026-04-10,NIFTY SMLCAP 50,Broad Market Indices,26.66,3.1,0.74
2026-04-13,NIFTY SMLCAP 50,Broad Market Indices,26.53,3.09,0.75
2026-04-15,NIFTY SMLCAP 50,Broad Market Indices,27.16,3.16,0.73
2026-04-16,NIFTY SMLCAP 50,Broad Market Indices,27.34,3.18,0.73
2026-04-17,NIFTY SMLCAP 50,Broad Market Indices,27.78,3.23,0.71
2026-04-20,NIFTY SMLCAP 50,Broad Market Indices,27.64,3.22,0.72
2026-04-21,NIFTY SMLCAP 50,Broad Market Indices,27.78,3.25,0.71
2026-04-22,NIFTY SMLCAP 50,Broad Market Indices,28.04,3.29,0.7
2026-04-23,NIFTY SMLCAP 50,Broad Market Indices,27.85,3.26,0.71
2026-04-24,NIFTY SMLCAP 50,Broad Market Indices,27.7,3.25,0.71
2026-04-27,NIFTY SMLCAP 50,Broad Market Indices,28.19,3.31,0.7
2026-04-28,NIFTY SMLCAP 50,Broad Market Indices,27.97,3.32,0.69
2026-04-29,NIFTY SMLCAP 50,Broad Market Indices,28.11,3.34,0.69
2026-04-30,NIFTY SMLCAP 50,Broad Market Indices,28.06,3.33,0.69
2026-03-02,NIFTY SMALLCAP 500,Broad Market Indices,25.51,3.13,0.77
2026-03-04,NIFTY SMALLCAP 500,Broad Market Indices,24.91,3.06,0.79
2026-03-05,NIFTY SMALLCAP 500,Broad Market Indices,25.24,3.1,0.78
2026-03-06,NIFTY SMALLCAP 500,Broad Market Indices,25.17,3.09,0.78
2026-03-09,NIFTY SMALLCAP 500,Broad Market Indices,24.57,3.02,0.8
2026-03-10,NIFTY SMALLCAP 500,Broad Market Indices,25.11,3.09,0.78
2026-03-11,NIFTY SMALLCAP 500,Broad Market Indices,25.04,3.08,0.79
2026-03-12,NIFTY SMALLCAP 500,Broad Market Indices,24.95,3.06,0.79
2026-03-13,NIFTY SMALLCAP 500,Broad Market Indices,24.27,2.98,0.81
2026-03-16,NIFTY SMALLCAP 500,Broad Market Indices,24.17,2.97,0.81
2026-03-17,NIFTY SMALLCAP 500,Broad Market Indices,24.34,2.99,0.81
2026-03-18,NIFTY SMALLCAP 500,Broad Market Indices,24.64,3.05,0.77
2026-03-19,NIFTY SMALLCAP 500,Broad Market Indices,23.99,2.97,0.8
2026-03-20,NIFTY SMALLCAP 500,Broad Market Indices,24.09,2.98,0.79
2026-03-23,NIFTY SMALLCAP 500,Broad Market Indices,23.13,2.86,0.82
2026-03-24,NIFTY SMALLCAP 500,Broad Market Indices,23.7,2.93,0.8
2026-03-25,NIFTY SMALLCAP 500,Broad Market Indices,24.27,3.0,0.78
2026-03-27,NIFTY SMALLCAP 500,Broad Market Indices,23.75,2.94,0.8
2026-03-30,NIFTY SMALLCAP 500,Broad Market Indices,24.87,2.9,0.84
2026-04-01,NIFTY SMALLCAP 500,Broad Market Indices,25.76,3.01,0.82
2026-04-02,NIFTY SMALLCAP 500,Broad Market Indices,25.77,3.01,0.82
2026-04-06,NIFTY SMALLCAP 500,Broad Market Indices,26.05,3.04,0.81
2026-04-07,NIFTY SMALLCAP 500,Broad Market Indices,26.09,3.04,0.81
2026-04-08,NIFTY SMALLCAP 500,Broad Market Indices,27.12,3.16,0.78
2026-04-09,NIFTY SMALLCAP 500,Broad Market Indices,27.15,3.17,0.78
2026-04-10,NIFTY SMALLCAP 500,Broad Market Indices,27.62,3.22,0.77
2026-04-13,NIFTY SMALLCAP 500,Broad Market Indices,27.53,3.21,0.77
2026-04-15,NIFTY SMALLCAP 500,Broad Market Indices,28.19,3.29,0.75
2026-04-16,NIFTY SMALLCAP 500,Broad Market Indices,28.47,3.32,0.74
2026-04-17,NIFTY SMALLCAP 500,Broad Market Indices,28.91,3.37,0.73
2026-04-20,NIFTY SMALLCAP 500,Broad Market Indices,28.8,3.35,0.74
2026-04-21,NIFTY SMALLCAP 500,Broad Market Indices,29.01,3.38,0.73
2026-04-22,NIFTY SMALLCAP 500,Broad Market Indices,29.31,3.42,0.72
2026-04-23,NIFTY SMALLCAP 500,Broad Market Indices,29.18,3.4,0.72
2026-04-24,NIFTY SMALLCAP 500,Broad Market Indices,28.84,3.36,0.73
2026-04-27,NIFTY SMALLCAP 500,Broad Market Indices,29.33,3.43,0.72
2026-04-28,NIFTY SMALLCAP 500,Broad Market Indices,29.03,3.43,0.7
2026-04-29,NIFTY SMALLCAP 500,Broad Market Indices,29.13,3.44,0.7
2026-04-30,NIFTY SMALLCAP 500,Broad Market Indices,29.12,3.46,0.7
2026-03-02,NIFTY TOTAL MKT,Broad Market Indices,23.21,3.51,1.13
2026-03-04,NIFTY TOTAL MKT,Broad Market Indices,22.77,3.44,1.15
2026-03-05,NIFTY TOTAL MKT,Broad Market Indices,23.06,3.48,1.13
2026-03-06,NIFTY TOTAL MKT,Broad Market Indices,22.85,3.45,1.15
2026-03-09,NIFTY TOTAL MKT,Broad Market Indices,22.41,3.39,1.17
2026-03-10,NIFTY TOTAL MKT,Broad Market Indices,22.71,3.43,1.15
2026-03-11,NIFTY TOTAL MKT,Broad Market Indices,22.41,3.39,1.17
2026-03-12,NIFTY TOTAL MKT,Broad Market Indices,22.27,3.36,1.18
2026-03-13,NIFTY TOTAL MKT,Broad Market Indices,21.75,3.29,1.21
2026-03-16,NIFTY TOTAL MKT,Broad Market Indices,21.85,3.3,1.2
2026-03-17,NIFTY TOTAL MKT,Broad Market Indices,22.02,3.33,1.19
2026-03-18,NIFTY TOTAL MKT,Broad Market Indices,22.29,3.37,1.18
2026-03-19,NIFTY TOTAL MKT,Broad Market Indices,21.59,3.26,1.21
2026-03-20,NIFTY TOTAL MKT,Broad Market Indices,21.7,3.28,1.21
2026-03-23,NIFTY TOTAL MKT,Broad Market Indices,21.01,3.17,1.24
2026-03-24,NIFTY TOTAL MKT,Broad Market Indices,21.42,3.24,1.22
2026-03-25,NIFTY TOTAL MKT,Broad Market Indices,21.85,3.3,1.2
2026-03-27,NIFTY TOTAL MKT,Broad Market Indices,21.37,3.23,1.23
2026-03-30,NIFTY TOTAL MKT,Broad Market Indices,21.29,3.21,1.24
2026-04-01,NIFTY TOTAL MKT,Broad Market Indices,21.74,3.28,1.21
2026-04-02,NIFTY TOTAL MKT,Broad Market Indices,21.75,3.28,1.21
2026-04-06,NIFTY TOTAL MKT,Broad Market Indices,22.01,3.32,1.2
2026-04-07,NIFTY TOTAL MKT,Broad Market Indices,22.11,3.33,1.19
2026-04-08,NIFTY TOTAL MKT,Broad Market Indices,22.99,3.47,1.15
2026-04-09,NIFTY TOTAL MKT,Broad Market Indices,22.89,3.45,1.15
2026-04-10,NIFTY TOTAL MKT,Broad Market Indices,23.22,3.5,1.14
2026-04-13,NIFTY TOTAL MKT,Broad Market Indices,23.04,3.47,1.14
2026-04-15,NIFTY TOTAL MKT,Broad Market Indices,23.48,3.54,1.12
2026-04-16,NIFTY TOTAL MKT,Broad Market Indices,23.55,3.55,1.12
2026-04-17,NIFTY TOTAL MKT,Broad Market Indices,23.77,3.58,1.11
2026-04-20,NIFTY TOTAL MKT,Broad Market Indices,23.76,3.58,1.11
2026-04-21,NIFTY TOTAL MKT,Broad Market Indices,23.85,3.61,1.1
2026-04-22,NIFTY TOTAL MKT,Broad Market Indices,23.8,3.6,1.1
2026-04-23,NIFTY TOTAL MKT,Broad Market Indices,23.61,3.58,1.11
2026-04-24,NIFTY TOTAL MKT,Broad Market Indices,23.36,3.54,1.14
2026-04-27,NIFTY TOTAL MKT,Broad Market Indices,23.58,3.58,1.12
2026-04-28,NIFTY TOTAL MKT,Broad Market Indices,23.39,3.57,1.11
2026-04-29,NIFTY TOTAL MKT,Broad Market Indices,23.49,3.59,1.11
2026-04-30,NIFTY TOTAL MKT,Broad Market Indices,23.37,3.57,1.12
2026-03-02,NIFTY500 LMS EQL,Broad Market Indices,25.6,3.64,0.96
2026-03-04,NIFTY500 LMS EQL,Broad Market Indices,25.09,3.57,0.98
2026-03-05,NIFTY500 LMS EQL,Broad Market Indices,25.43,3.62,0.96
2026-03-06,NIFTY500 LMS EQL,Broad Market Indices,25.25,3.6,0.97
2026-03-09,NIFTY500 LMS EQL,Broad Market Indices,24.73,3.52,0.99
2026-03-10,NIFTY500 LMS EQL,Broad Market Indices,25.13,3.58,0.98
2026-03-11,NIFTY500 LMS EQL,Broad Market Indices,24.88,3.54,0.99
2026-03-12,NIFTY500 LMS EQL,Broad Market Indices,24.76,3.52,0.99
2026-03-13,NIFTY500 LMS EQL,Broad Market Indices,24.14,3.44,1.02
2026-03-16,NIFTY500 LMS EQL,Broad Market Indices,24.15,3.44,1.02
2026-03-17,NIFTY500 LMS EQL,Broad Market Indices,24.34,3.46,1.01
2026-03-18,NIFTY500 LMS EQL,Broad Market Indices,24.71,3.52,0.99
2026-03-19,NIFTY500 LMS EQL,Broad Market Indices,23.97,3.41,1.02
2026-03-20,NIFTY500 LMS EQL,Broad Market Indices,24.08,3.43,1.01
2026-03-23,NIFTY500 LMS EQL,Broad Market Indices,23.24,3.31,1.04
2026-03-24,NIFTY500 LMS EQL,Broad Market Indices,23.75,3.38,1.02
2026-03-25,NIFTY500 LMS EQL,Broad Market Indices,24.27,3.45,1.0
2026-03-27,NIFTY500 LMS EQL,Broad Market Indices,23.77,3.38,1.02
2026-03-30,NIFTY500 LMS EQL,Broad Market Indices,24.28,3.33,1.02
2026-04-01,NIFTY500 LMS EQL,Broad Market Indices,24.86,3.41,1.0
2026-04-02,NIFTY500 LMS EQL,Broad Market Indices,24.83,3.41,1.0
2026-04-06,NIFTY500 LMS EQL,Broad Market Indices,25.14,3.45,0.99
2026-04-07,NIFTY500 LMS EQL,Broad Market Indices,25.21,3.46,0.98
2026-04-08,NIFTY500 LMS EQL,Broad Market Indices,26.2,3.59,0.95
2026-04-09,NIFTY500 LMS EQL,Broad Market Indices,26.17,3.59,0.95
2026-04-10,NIFTY500 LMS EQL,Broad Market Indices,26.57,3.64,0.93
2026-04-13,NIFTY500 LMS EQL,Broad Market Indices,26.4,3.62,0.94
2026-04-15,NIFTY500 LMS EQL,Broad Market Indices,26.95,3.7,0.92
2026-04-16,NIFTY500 LMS EQL,Broad Market Indices,27.1,3.72,0.91
2026-04-17,NIFTY500 LMS EQL,Broad Market Indices,27.43,3.76,0.9
2026-04-20,NIFTY500 LMS EQL,Broad Market Indices,27.37,3.76,0.91
2026-04-21,NIFTY500 LMS EQL,Broad Market Indices,27.49,3.78,0.9
2026-04-22,NIFTY500 LMS EQL,Broad Market Indices,27.54,3.79,0.9
2026-04-23,NIFTY500 LMS EQL,Broad Market Indices,27.35,3.77,0.9
2026-04-24,NIFTY500 LMS EQL,Broad Market Indices,27.07,3.73,0.92
2026-04-27,NIFTY500 LMS EQL,Broad Market Indices,27.4,3.78,0.91
2026-04-28,NIFTY500 LMS EQL,Broad Market Indices,27.07,3.78,0.9
2026-04-29,NIFTY500 LMS EQL,Broad Market Indices,27.16,3.79,0.9
2026-04-30,NIFTY500 LMS EQL,Broad Market Indices,27.04,3.78,0.91
2026-03-02,NIFTY500 MULTICAP,Broad Market Indices,24.36,3.58,1.04
2026-03-04,NIFTY500 MULTICAP,Broad Market Indices,23.89,3.51,1.06
2026-03-05,NIFTY500 MULTICAP,Broad Market Indices,24.21,3.56,1.04
2026-03-06,NIFTY500 MULTICAP,Broad Market Indices,24.01,3.53,1.05
2026-03-09,NIFTY500 MULTICAP,Broad Market Indices,23.53,3.46,1.08
2026-03-10,NIFTY500 MULTICAP,Broad Market Indices,23.88,3.51,1.06
2026-03-11,NIFTY500 MULTICAP,Broad Market Indices,23.61,3.47,1.07
2026-03-12,NIFTY500 MULTICAP,Broad Market Indices,23.48,3.45,1.08
2026-03-13,NIFTY500 MULTICAP,Broad Market Indices,22.91,3.37,1.11
2026-03-16,NIFTY500 MULTICAP,Broad Market Indices,22.97,3.38,1.1
2026-03-17,NIFTY500 MULTICAP,Broad Market Indices,23.15,3.4,1.09
2026-03-18,NIFTY500 MULTICAP,Broad Market Indices,23.46,3.45,1.07
2026-03-19,NIFTY500 MULTICAP,Broad Market Indices,22.74,3.34,1.11
2026-03-20,NIFTY500 MULTICAP,Broad Market Indices,22.84,3.36,1.1
2026-03-23,NIFTY500 MULTICAP,Broad Market Indices,22.08,3.25,1.13
2026-03-24,NIFTY500 MULTICAP,Broad Market Indices,22.55,3.31,1.11
2026-03-25,NIFTY500 MULTICAP,Broad Market Indices,23.02,3.38,1.09
2026-03-27,NIFTY500 MULTICAP,Broad Market Indices,22.53,3.31,1.12
2026-03-30,NIFTY500 MULTICAP,Broad Market Indices,22.75,3.26,1.12
2026-04-01,NIFTY500 MULTICAP,Broad Market Indices,23.26,3.34,1.1
2026-04-02,NIFTY500 MULTICAP,Broad Market Indices,23.25,3.34,1.1
2026-04-06,NIFTY500 MULTICAP,Broad Market Indices,23.53,3.38,1.09
2026-04-07,NIFTY500 MULTICAP,Broad Market Indices,23.62,3.39,1.08
2026-04-08,NIFTY500 MULTICAP,Broad Market Indices,24.55,3.52,1.04
2026-04-09,NIFTY500 MULTICAP,Broad Market Indices,24.49,3.51,1.05
2026-04-10,NIFTY500 MULTICAP,Broad Market Indices,24.84,3.56,1.03
2026-04-13,NIFTY500 MULTICAP,Broad Market Indices,24.67,3.54,1.04
2026-04-15,NIFTY500 MULTICAP,Broad Market Indices,25.16,3.61,1.02
2026-04-16,NIFTY500 MULTICAP,Broad Market Indices,25.27,3.63,1.01
2026-04-17,NIFTY500 MULTICAP,Broad Market Indices,25.55,3.66,1.0
2026-04-20,NIFTY500 MULTICAP,Broad Market Indices,25.51,3.66,1.0
2026-04-21,NIFTY500 MULTICAP,Broad Market Indices,25.62,3.69,1.0
2026-04-22,NIFTY500 MULTICAP,Broad Market Indices,25.62,3.69,0.99
2026-04-23,NIFTY500 MULTICAP,Broad Market Indices,25.43,3.66,1.0
2026-04-24,NIFTY500 MULTICAP,Broad Market Indices,25.16,3.63,1.02
2026-04-27,NIFTY500 MULTICAP,Broad Market Indices,25.44,3.67,1.01
2026-04-28,NIFTY500 MULTICAP,Broad Market Indices,25.18,3.67,1.0
2026-04-29,NIFTY500 MULTICAP,Broad Market Indices,25.29,3.68,1.0
2026-04-30,NIFTY500 MULTICAP,Broad Market Indices,25.18,3.67,1.01
2026-03-02,NIFTY AUTO,Sectoral Indices,32.56,4.72,1.15
2026-03-04,NIFTY AUTO,Sectoral Indices,31.76,4.61,1.18
2026-03-05,NIFTY AUTO,Sectoral Indices,32.35,4.69,1.16
2026-03-06,NIFTY AUTO,Sectoral Indices,32.01,4.64,1.17
2026-03-09,NIFTY AUTO,Sectoral Indices,30.7,4.45,1.22
2026-03-10,NIFTY AUTO,Sectoral Indices,31.65,4.59,1.18
2026-03-11,NIFTY AUTO,Sectoral Indices,30.65,4.44,1.22
2026-03-12,NIFTY AUTO,Sectoral Indices,29.67,4.3,1.26
2026-03-13,NIFTY AUTO,Sectoral Indices,28.6,4.15,1.31
2026-03-16,NIFTY AUTO,Sectoral Indices,29.08,4.22,1.29
2026-03-17,NIFTY AUTO,Sectoral Indices,29.69,4.31,1.26
2026-03-18,NIFTY AUTO,Sectoral Indices,30.26,4.39,1.24
2026-03-19,NIFTY AUTO,Sectoral Indices,28.97,4.2,1.29
2026-03-20,NIFTY AUTO,Sectoral Indices,29.22,4.24,1.28
2026-03-23,NIFTY AUTO,Sectoral Indices,28.29,4.1,1.32
2026-03-24,NIFTY AUTO,Sectoral Indices,28.98,4.2,1.29
2026-03-25,NIFTY AUTO,Sectoral Indices,29.62,4.3,1.26
2026-03-27,NIFTY AUTO,Sectoral Indices,28.79,4.17,1.29
2026-03-30,NIFTY AUTO,Sectoral Indices,28.1,4.07,1.34
2026-04-01,NIFTY AUTO,Sectoral Indices,28.66,4.15,1.31
2026-04-02,NIFTY AUTO,Sectoral Indices,28.48,4.13,1.32
2026-04-06,NIFTY AUTO,Sectoral Indices,28.79,4.17,1.31
2026-04-07,NIFTY AUTO,Sectoral Indices,28.81,4.18,1.3
2026-04-08,NIFTY AUTO,Sectoral Indices,30.74,4.46,1.22
2026-04-09,NIFTY AUTO,Sectoral Indices,30.62,4.44,1.23
2026-04-10,NIFTY AUTO,Sectoral Indices,31.49,4.57,1.19
2026-04-13,NIFTY AUTO,Sectoral Indices,30.84,4.47,1.22
2026-04-15,NIFTY AUTO,Sectoral Indices,31.31,4.54,1.2
2026-04-16,NIFTY AUTO,Sectoral Indices,31.19,4.52,1.21
2026-04-17,NIFTY AUTO,Sectoral Indices,31.25,4.53,1.2
2026-04-20,NIFTY AUTO,Sectoral Indices,31.35,4.55,1.2
2026-04-21,NIFTY AUTO,Sectoral Indices,31.48,4.56,1.19
2026-04-22,NIFTY AUTO,Sectoral Indices,31.27,4.53,1.2
2026-04-23,NIFTY AUTO,Sectoral Indices,30.53,4.43,1.23
2026-04-24,NIFTY AUTO,Sectoral Indices,30.33,4.4,1.24
2026-04-27,NIFTY AUTO,Sectoral Indices,30.8,4.46,1.22
2026-04-28,NIFTY AUTO,Sectoral Indices,30.49,4.42,1.23
2026-04-29,NIFTY AUTO,Sectoral Indices,30.84,4.47,1.22
2026-04-30,NIFTY AUTO,Sectoral Indices,30.73,4.44,1.23
2026-03-02,NIFTY BANK,Sectoral Indices,16.03,2.09,0.98
2026-03-04,NIFTY BANK,Sectoral Indices,15.74,2.05,1.0
2026-03-05,NIFTY BANK,Sectoral Indices,15.82,2.06,0.99
2026-03-06,NIFTY BANK,Sectoral Indices,15.48,2.02,1.01
2026-03-09,NIFTY BANK,Sectoral Indices,15.01,1.96,1.05
2026-03-10,NIFTY BANK,Sectoral Indices,15.26,1.99,1.03
2026-03-11,NIFTY BANK,Sectoral Indices,14.93,1.95,1.05
2026-03-12,NIFTY BANK,Sectoral Indices,14.76,1.92,1.06
2026-03-13,NIFTY BANK,Sectoral Indices,14.4,1.88,1.09
2026-03-16,NIFTY BANK,Sectoral Indices,14.58,1.9,1.08
2026-03-17,NIFTY BANK,Sectoral Indices,14.7,1.92,1.07
2026-03-18,NIFTY BANK,Sectoral Indices,14.82,1.93,1.06
2026-03-19,NIFTY BANK,Sectoral Indices,14.32,1.87,1.1
2026-03-20,NIFTY BANK,Sectoral Indices,14.31,1.87,1.1
2026-03-23,NIFTY BANK,Sectoral Indices,13.78,1.8,1.14
2026-03-24,NIFTY BANK,Sectoral Indices,14.09,1.84,1.11
2026-03-25,NIFTY BANK,Sectoral Indices,14.39,1.88,1.09
2026-03-27,NIFTY BANK,Sectoral Indices,14.0,1.83,1.12
2026-03-30,NIFTY BANK,Sectoral Indices,13.38,1.71,1.17
2026-04-01,NIFTY BANK,Sectoral Indices,13.69,1.75,1.14
2026-04-02,NIFTY BANK,Sectoral Indices,13.72,1.76,1.14
2026-04-06,NIFTY BANK,Sectoral Indices,14.0,1.79,1.12
2026-04-07,NIFTY BANK,Sectoral Indices,14.03,1.8,1.12
2026-04-08,NIFTY BANK,Sectoral Indices,14.82,1.9,1.06
2026-04-09,NIFTY BANK,Sectoral Indices,14.59,1.87,1.07
2026-04-10,NIFTY BANK,Sectoral Indices,14.88,1.91,1.05
2026-04-13,NIFTY BANK,Sectoral Indices,14.8,1.9,1.06
2026-04-15,NIFTY BANK,Sectoral Indices,14.98,1.92,1.05
2026-04-16,NIFTY BANK,Sectoral Indices,14.93,1.91,1.05
2026-04-17,NIFTY BANK,Sectoral Indices,15.05,1.93,1.04
2026-04-20,NIFTY BANK,Sectoral Indices,15.06,1.93,1.04
2026-04-21,NIFTY BANK,Sectoral Indices,15.13,1.96,1.03
2026-04-22,NIFTY BANK,Sectoral Indices,15.06,1.95,1.03
2026-04-23,NIFTY BANK,Sectoral Indices,14.85,1.92,1.05
2026-04-24,NIFTY BANK,Sectoral Indices,14.79,1.91,1.05
2026-04-27,NIFTY BANK,Sectoral Indices,14.81,1.92,1.05
2026-04-28,NIFTY BANK,Sectoral Indices,14.09,1.89,1.06
2026-04-29,NIFTY BANK,Sectoral Indices,14.08,1.89,1.06
2026-04-30,NIFTY BANK,Sectoral Indices,13.95,1.87,1.07
2026-03-02,NIFTY CEMENT,Sectoral Indices,30.21,2.44,0.43
2026-03-04,NIFTY CEMENT,Sectoral Indices,29.37,2.38,0.44
2026-03-05,NIFTY CEMENT,Sectoral Indices,29.58,2.39,0.44
2026-03-06,NIFTY CEMENT,Sectoral Indices,29.1,2.35,0.45
2026-03-09,NIFTY CEMENT,Sectoral Indices,27.91,2.26,0.47
2026-03-10,NIFTY CEMENT,Sectoral Indices,28.28,2.29,0.46
2026-03-11,NIFTY CEMENT,Sectoral Indices,28.16,2.28,0.46
2026-03-12,NIFTY CEMENT,Sectoral Indices,27.81,2.25,0.47
2026-03-13,NIFTY CEMENT,Sectoral Indices,26.86,2.17,0.49
2026-03-16,NIFTY CEMENT,Sectoral Indices,27.31,2.21,0.48
2026-03-17,NIFTY CEMENT,Sectoral Indices,27.55,2.23,0.47
2026-03-18,NIFTY CEMENT,Sectoral Indices,27.94,2.26,0.47
2026-03-19,NIFTY CEMENT,Sectoral Indices,26.92,2.18,0.48
2026-03-20,NIFTY CEMENT,Sectoral Indices,27.04,2.19,0.48
2026-03-23,NIFTY CEMENT,Sectoral Indices,25.93,2.1,0.5
2026-03-24,NIFTY CEMENT,Sectoral Indices,26.63,2.16,0.49
2026-03-25,NIFTY CEMENT,Sectoral Indices,27.6,2.23,0.47
2026-03-27,NIFTY CEMENT,Sectoral Indices,27.02,2.19,0.48
2026-03-30,NIFTY CEMENT,Sectoral Indices,26.71,2.16,0.49
2026-04-01,NIFTY CEMENT,Sectoral Indices,27.26,2.2,0.48
2026-04-02,NIFTY CEMENT,Sectoral Indices,27.12,2.19,0.49
2026-04-06,NIFTY CEMENT,Sectoral Indices,27.82,2.25,0.47
2026-04-07,NIFTY CEMENT,Sectoral Indices,27.57,2.23,0.48
2026-04-08,NIFTY CEMENT,Sectoral Indices,29.03,2.34,0.45
2026-04-09,NIFTY CEMENT,Sectoral Indices,28.67,2.31,0.46
2026-04-10,NIFTY CEMENT,Sectoral Indices,29.18,2.36,0.45
2026-04-13,NIFTY CEMENT,Sectoral Indices,28.82,2.33,0.46
2026-04-15,NIFTY CEMENT,Sectoral Indices,29.33,2.37,0.45
2026-04-16,NIFTY CEMENT,Sectoral Indices,29.46,2.38,0.45
2026-04-17,NIFTY CEMENT,Sectoral Indices,29.61,2.39,0.45
2026-04-20,NIFTY CEMENT,Sectoral Indices,29.81,2.4,0.44
2026-04-21,NIFTY CEMENT,Sectoral Indices,30.03,2.42,0.44
2026-04-22,NIFTY CEMENT,Sectoral Indices,30.19,2.43,0.44
2026-04-23,NIFTY CEMENT,Sectoral Indices,29.71,2.4,0.44
2026-04-24,NIFTY CEMENT,Sectoral Indices,29.38,2.37,0.45
2026-04-27,NIFTY CEMENT,Sectoral Indices,29.69,2.39,0.44
2026-04-28,NIFTY CEMENT,Sectoral Indices,29.14,2.37,0.45
2026-04-29,NIFTY CEMENT,Sectoral Indices,29.04,2.36,0.45
2026-04-30,NIFTY CEMENT,Sectoral Indices,28.64,2.32,0.46
2026-03-02,NIFTY CHEMICALS,Sectoral Indices,38.64,4.04,0.63
2026-03-04,NIFTY CHEMICALS,Sectoral Indices,38.2,3.99,0.64
2026-03-05,NIFTY CHEMICALS,Sectoral Indices,38.67,4.04,0.63
2026-03-06,NIFTY CHEMICALS,Sectoral Indices,38.73,4.05,0.63
2026-03-09,NIFTY CHEMICALS,Sectoral Indices,37.92,3.96,0.64
2026-03-10,NIFTY CHEMICALS,Sectoral Indices,38.51,4.03,0.63
2026-03-11,NIFTY CHEMICALS,Sectoral Indices,37.95,3.97,0.64
2026-03-12,NIFTY CHEMICALS,Sectoral Indices,38.15,3.99,0.64
2026-03-13,NIFTY CHEMICALS,Sectoral Indices,37.13,3.88,0.65
2026-03-16,NIFTY CHEMICALS,Sectoral Indices,36.93,3.86,0.66
2026-03-17,NIFTY CHEMICALS,Sectoral Indices,37.19,3.89,0.65
2026-03-18,NIFTY CHEMICALS,Sectoral Indices,37.66,3.94,0.65
2026-03-19,NIFTY CHEMICALS,Sectoral Indices,36.56,3.82,0.66
2026-03-20,NIFTY CHEMICALS,Sectoral Indices,36.62,3.83,0.66
2026-03-23,NIFTY CHEMICALS,Sectoral Indices,35.42,3.7,0.69
2026-03-24,NIFTY CHEMICALS,Sectoral Indices,36.29,3.79,0.67
2026-03-25,NIFTY CHEMICALS,Sectoral Indices,37.18,3.89,0.65
2026-03-27,NIFTY CHEMICALS,Sectoral Indices,35.9,3.76,0.68
2026-03-30,NIFTY CHEMICALS,Sectoral Indices,35.14,3.68,0.69
2026-04-01,NIFTY CHEMICALS,Sectoral Indices,36.34,3.8,0.67
2026-04-02,NIFTY CHEMICALS,Sectoral Indices,36.04,3.77,0.67
2026-04-06,NIFTY CHEMICALS,Sectoral Indices,36.21,3.79,0.67
2026-04-07,NIFTY CHEMICALS,Sectoral Indices,36.34,3.8,0.67
2026-04-08,NIFTY CHEMICALS,Sectoral Indices,37.59,3.94,0.64
2026-04-09,NIFTY CHEMICALS,Sectoral Indices,37.66,3.94,0.64
2026-04-10,NIFTY CHEMICALS,Sectoral Indices,38.15,3.99,0.64
2026-04-13,NIFTY CHEMICALS,Sectoral Indices,38.04,3.98,0.64
2026-04-15,NIFTY CHEMICALS,Sectoral Indices,38.82,4.06,0.62
2026-04-16,NIFTY CHEMICALS,Sectoral Indices,38.92,4.07,0.62
2026-04-17,NIFTY CHEMICALS,Sectoral Indices,39.25,4.11,0.62
2026-04-20,NIFTY CHEMICALS,Sectoral Indices,38.98,4.08,0.62
2026-04-21,NIFTY CHEMICALS,Sectoral Indices,39.14,4.1,0.62
2026-04-22,NIFTY CHEMICALS,Sectoral Indices,39.52,4.14,0.61
2026-04-23,NIFTY CHEMICALS,Sectoral Indices,39.62,4.15,0.61
2026-04-24,NIFTY CHEMICALS,Sectoral Indices,39.24,4.11,0.62
2026-04-27,NIFTY CHEMICALS,Sectoral Indices,39.57,4.15,0.61
2026-04-28,NIFTY CHEMICALS,Sectoral Indices,39.6,4.18,0.61
2026-04-29,NIFTY CHEMICALS,Sectoral Indices,39.82,4.2,0.6
2026-04-30,NIFTY CHEMICALS,Sectoral Indices,39.82,4.2,0.6
2026-03-02,NIFTY CONSR DURBL,Sectoral Indices,58.52,11.52,0.4
2026-03-04,NIFTY CONSR DURBL,Sectoral Indices,57.28,11.28,0.41
2026-03-05,NIFTY CONSR DURBL,Sectoral Indices,58.48,11.52,0.4
2026-03-06,NIFTY CONSR DURBL,Sectoral Indices,58.11,11.44,0.4
2026-03-09,NIFTY CONSR DURBL,Sectoral Indices,56.48,11.12,0.41
2026-03-10,NIFTY CONSR DURBL,Sectoral Indices,57.99,11.42,0.4
2026-03-11,NIFTY CONSR DURBL,Sectoral Indices,57.62,11.35,0.41
2026-03-12,NIFTY CONSR DURBL,Sectoral Indices,57.35,11.29,0.41
2026-03-13,NIFTY CONSR DURBL,Sectoral Indices,55.71,10.97,0.42
2026-03-16,NIFTY CONSR DURBL,Sectoral Indices,55.59,10.95,0.42
2026-03-17,NIFTY CONSR DURBL,Sectoral Indices,55.99,11.03,0.42
2026-03-18,NIFTY CONSR DURBL,Sectoral Indices,56.96,11.22,0.41
2026-03-19,NIFTY CONSR DURBL,Sectoral Indices,54.88,10.81,0.43
2026-03-20,NIFTY CONSR DURBL,Sectoral Indices,55.28,10.88,0.42
2026-03-23,NIFTY CONSR DURBL,Sectoral Indices,52.42,10.32,0.45
2026-03-24,NIFTY CONSR DURBL,Sectoral Indices,53.44,10.52,0.44
2026-03-25,NIFTY CONSR DURBL,Sectoral Indices,55.31,10.89,0.42
2026-03-27,NIFTY CONSR DURBL,Sectoral Indices,53.94,10.62,0.43
2026-03-30,NIFTY CONSR DURBL,Sectoral Indices,53.19,10.79,0.43
2026-04-01,NIFTY CONSR DURBL,Sectoral Indices,54.22,11.0,0.42
2026-04-02,NIFTY CONSR DURBL,Sectoral Indices,53.71,10.9,0.42
2026-04-06,NIFTY CONSR DURBL,Sectoral Indices,55.11,11.18,0.41
2026-04-07,NIFTY CONSR DURBL,Sectoral Indices,55.0,11.16,0.41
2026-04-08,NIFTY CONSR DURBL,Sectoral Indices,57.88,11.74,0.39
2026-04-09,NIFTY CONSR DURBL,Sectoral Indices,57.73,11.71,0.39
2026-04-10,NIFTY CONSR DURBL,Sectoral Indices,58.74,11.92,0.39
2026-04-13,NIFTY CONSR DURBL,Sectoral Indices,58.48,11.86,0.39
2026-04-15,NIFTY CONSR DURBL,Sectoral Indices,60.18,12.21,0.38
2026-04-16,NIFTY CONSR DURBL,Sectoral Indices,60.53,12.28,0.38
2026-04-17,NIFTY CONSR DURBL,Sectoral Indices,61.26,12.43,0.37
2026-04-20,NIFTY CONSR DURBL,Sectoral Indices,61.13,12.4,0.37
2026-04-21,NIFTY CONSR DURBL,Sectoral Indices,61.12,12.4,0.37
2026-04-22,NIFTY CONSR DURBL,Sectoral Indices,61.29,12.43,0.37
2026-04-23,NIFTY CONSR DURBL,Sectoral Indices,60.08,12.19,0.38
2026-04-24,NIFTY CONSR DURBL,Sectoral Indices,58.88,12.12,0.38
2026-04-27,NIFTY CONSR DURBL,Sectoral Indices,60.36,12.42,0.37
2026-04-28,NIFTY CONSR DURBL,Sectoral Indices,60.37,12.43,0.37
2026-04-29,NIFTY CONSR DURBL,Sectoral Indices,60.12,12.38,0.37
2026-04-30,NIFTY CONSR DURBL,Sectoral Indices,59.18,12.18,0.38
2026-03-02,NIFTY FIN SERVICE,Sectoral Indices,17.6,2.9,0.84
2026-03-04,NIFTY FIN SERVICE,Sectoral Indices,17.26,2.85,0.85
2026-03-05,NIFTY FIN SERVICE,Sectoral Indices,17.39,2.87,0.85
2026-03-06,NIFTY FIN SERVICE,Sectoral Indices,17.02,2.81,0.87
2026-03-09,NIFTY FIN SERVICE,Sectoral Indices,16.63,2.74,0.88
2026-03-10,NIFTY FIN SERVICE,Sectoral Indices,16.95,2.8,0.87
2026-03-11,NIFTY FIN SERVICE,Sectoral Indices,16.55,2.73,0.89
2026-03-12,NIFTY FIN SERVICE,Sectoral Indices,16.39,2.7,0.9
2026-03-13,NIFTY FIN SERVICE,Sectoral Indices,16.05,2.65,0.92
2026-03-16,NIFTY FIN SERVICE,Sectoral Indices,16.3,2.69,0.91
2026-03-17,NIFTY FIN SERVICE,Sectoral Indices,16.43,2.71,0.9
2026-03-18,NIFTY FIN SERVICE,Sectoral Indices,16.56,2.73,0.89
2026-03-19,NIFTY FIN SERVICE,Sectoral Indices,15.94,2.63,0.91
2026-03-20,NIFTY FIN SERVICE,Sectoral Indices,15.83,2.61,0.93
2026-03-23,NIFTY FIN SERVICE,Sectoral Indices,15.3,2.52,0.98
2026-03-24,NIFTY FIN SERVICE,Sectoral Indices,15.64,2.58,0.96
2026-03-25,NIFTY FIN SERVICE,Sectoral Indices,16.0,2.64,0.93
2026-03-27,NIFTY FIN SERVICE,Sectoral Indices,15.57,2.57,0.94
2026-03-30,NIFTY FIN SERVICE,Sectoral Indices,15.35,2.51,0.98
2026-04-01,NIFTY FIN SERVICE,Sectoral Indices,15.65,2.56,0.96
2026-04-02,NIFTY FIN SERVICE,Sectoral Indices,15.69,2.56,0.96
2026-04-06,NIFTY FIN SERVICE,Sectoral Indices,16.05,2.62,0.94
2026-04-07,NIFTY FIN SERVICE,Sectoral Indices,16.11,2.63,0.93
2026-04-08,NIFTY FIN SERVICE,Sectoral Indices,17.0,2.78,0.88
2026-04-09,NIFTY FIN SERVICE,Sectoral Indices,16.76,2.74,0.9
2026-04-10,NIFTY FIN SERVICE,Sectoral Indices,17.1,2.79,0.88
2026-04-13,NIFTY FIN SERVICE,Sectoral Indices,16.99,2.78,0.88
2026-04-15,NIFTY FIN SERVICE,Sectoral Indices,17.25,2.82,0.87
2026-04-16,NIFTY FIN SERVICE,Sectoral Indices,17.19,2.81,0.87
2026-04-17,NIFTY FIN SERVICE,Sectoral Indices,17.3,2.83,0.88
2026-04-20,NIFTY FIN SERVICE,Sectoral Indices,17.31,2.83,0.88
2026-04-21,NIFTY FIN SERVICE,Sectoral Indices,17.38,2.86,0.87
2026-04-22,NIFTY FIN SERVICE,Sectoral Indices,17.24,2.84,0.87
2026-04-23,NIFTY FIN SERVICE,Sectoral Indices,16.99,2.8,0.89
2026-04-24,NIFTY FIN SERVICE,Sectoral Indices,16.92,2.79,0.89
2026-04-27,NIFTY FIN SERVICE,Sectoral Indices,16.94,2.79,0.88
2026-04-28,NIFTY FIN SERVICE,Sectoral Indices,16.73,2.76,0.89
2026-04-29,NIFTY FIN SERVICE,Sectoral Indices,16.7,2.76,0.89
2026-04-30,NIFTY FIN SERVICE,Sectoral Indices,16.71,2.76,0.89
2026-03-02,NIFTY FINSRV25 50,Sectoral Indices,17.37,3.02,0.93
2026-03-04,NIFTY FINSRV25 50,Sectoral Indices,17.02,2.96,0.95
2026-03-05,NIFTY FINSRV25 50,Sectoral Indices,17.17,2.98,0.94
2026-03-06,NIFTY FINSRV25 50,Sectoral Indices,16.8,2.92,0.96
2026-03-09,NIFTY FINSRV25 50,Sectoral Indices,16.43,2.85,0.98
2026-03-10,NIFTY FINSRV25 50,Sectoral Indices,16.77,2.91,0.96
2026-03-11,NIFTY FINSRV25 50,Sectoral Indices,16.44,2.86,0.98
2026-03-12,NIFTY FINSRV25 50,Sectoral Indices,16.32,2.83,0.99
2026-03-13,NIFTY FINSRV25 50,Sectoral Indices,16.01,2.78,1.01
2026-03-16,NIFTY FINSRV25 50,Sectoral Indices,16.23,2.82,1.0
2026-03-17,NIFTY FINSRV25 50,Sectoral Indices,16.39,2.85,0.99
2026-03-18,NIFTY FINSRV25 50,Sectoral Indices,16.52,2.87,0.98
2026-03-19,NIFTY FINSRV25 50,Sectoral Indices,15.89,2.76,0.99
2026-03-20,NIFTY FINSRV25 50,Sectoral Indices,15.77,2.74,1.02
2026-03-23,NIFTY FINSRV25 50,Sectoral Indices,15.22,2.64,1.08
2026-03-24,NIFTY FINSRV25 50,Sectoral Indices,15.54,2.7,1.06
2026-03-25,NIFTY FINSRV25 50,Sectoral Indices,15.89,2.76,1.04
2026-03-27,NIFTY FINSRV25 50,Sectoral Indices,15.46,2.69,1.04
2026-03-30,NIFTY FINSRV25 50,Sectoral Indices,15.12,2.6,1.08
2026-04-01,NIFTY FINSRV25 50,Sectoral Indices,15.41,2.65,1.06
2026-04-02,NIFTY FINSRV25 50,Sectoral Indices,15.42,2.65,1.06
2026-04-06,NIFTY FINSRV25 50,Sectoral Indices,15.77,2.71,1.04
2026-04-07,NIFTY FINSRV25 50,Sectoral Indices,15.82,2.72,1.03
2026-04-08,NIFTY FINSRV25 50,Sectoral Indices,16.68,2.87,0.98
2026-04-09,NIFTY FINSRV25 50,Sectoral Indices,16.47,2.83,0.99
2026-04-10,NIFTY FINSRV25 50,Sectoral Indices,16.82,2.89,0.97
2026-04-13,NIFTY FINSRV25 50,Sectoral Indices,16.73,2.88,0.98
2026-04-15,NIFTY FINSRV25 50,Sectoral Indices,17.0,2.92,0.96
2026-04-16,NIFTY FINSRV25 50,Sectoral Indices,16.96,2.92,0.96
2026-04-17,NIFTY FINSRV25 50,Sectoral Indices,17.07,2.93,0.97
2026-04-20,NIFTY FINSRV25 50,Sectoral Indices,17.08,2.94,0.97
2026-04-21,NIFTY FINSRV25 50,Sectoral Indices,17.11,2.97,0.96
2026-04-22,NIFTY FINSRV25 50,Sectoral Indices,16.96,2.94,0.97
2026-04-23,NIFTY FINSRV25 50,Sectoral Indices,16.72,2.9,0.98
2026-04-24,NIFTY FINSRV25 50,Sectoral Indices,16.62,2.88,0.99
2026-04-27,NIFTY FINSRV25 50,Sectoral Indices,16.67,2.89,0.97
2026-04-28,NIFTY FINSRV25 50,Sectoral Indices,16.47,2.87,0.98
2026-04-29,NIFTY FINSRV25 50,Sectoral Indices,16.42,2.86,0.98
2026-04-30,NIFTY FINSRV25 50,Sectoral Indices,16.44,2.85,0.99
2026-03-02,NIFTY FINSEREXBNK,Sectoral Indices,23.17,4.35,0.78
2026-03-04,NIFTY FINSEREXBNK,Sectoral Indices,22.52,4.23,0.8
2026-03-05,NIFTY FINSEREXBNK,Sectoral Indices,22.9,4.3,0.79
2026-03-06,NIFTY FINSEREXBNK,Sectoral Indices,22.55,4.23,0.81
2026-03-09,NIFTY FINSEREXBNK,Sectoral Indices,22.23,4.18,0.81
2026-03-10,NIFTY FINSEREXBNK,Sectoral Indices,22.73,4.27,0.8
2026-03-11,NIFTY FINSEREXBNK,Sectoral Indices,22.23,4.17,0.82
2026-03-12,NIFTY FINSEREXBNK,Sectoral Indices,22.08,4.15,0.82
2026-03-13,NIFTY FINSEREXBNK,Sectoral Indices,21.67,4.07,0.85
2026-03-16,NIFTY FINSEREXBNK,Sectoral Indices,21.88,4.11,0.84
2026-03-17,NIFTY FINSEREXBNK,Sectoral Indices,22.12,4.15,0.84
2026-03-18,NIFTY FINSEREXBNK,Sectoral Indices,22.48,4.22,0.82
2026-03-19,NIFTY FINSEREXBNK,Sectoral Indices,21.58,4.05,0.82
2026-03-20,NIFTY FINSEREXBNK,Sectoral Indices,21.43,4.03,0.85
2026-03-23,NIFTY FINSEREXBNK,Sectoral Indices,20.55,3.86,0.91
2026-03-24,NIFTY FINSEREXBNK,Sectoral Indices,21.1,3.96,0.89
2026-03-25,NIFTY FINSEREXBNK,Sectoral Indices,21.69,4.07,0.86
2026-03-27,NIFTY FINSEREXBNK,Sectoral Indices,21.05,3.95,0.87
2026-03-30,NIFTY FINSEREXBNK,Sectoral Indices,19.85,3.64,0.89
2026-04-01,NIFTY FINSEREXBNK,Sectoral Indices,20.35,3.74,0.87
2026-04-02,NIFTY FINSEREXBNK,Sectoral Indices,20.29,3.72,0.87
2026-04-06,NIFTY FINSEREXBNK,Sectoral Indices,20.84,3.83,0.85
2026-04-07,NIFTY FINSEREXBNK,Sectoral Indices,20.86,3.83,0.85
2026-04-08,NIFTY FINSEREXBNK,Sectoral Indices,22.14,4.06,0.8
2026-04-09,NIFTY FINSEREXBNK,Sectoral Indices,22.06,4.05,0.8
2026-04-10,NIFTY FINSEREXBNK,Sectoral Indices,22.48,4.13,0.79
2026-04-13,NIFTY FINSEREXBNK,Sectoral Indices,22.21,4.08,0.8
2026-04-15,NIFTY FINSEREXBNK,Sectoral Indices,22.78,4.18,0.78
2026-04-16,NIFTY FINSEREXBNK,Sectoral Indices,22.9,4.2,0.77
2026-04-17,NIFTY FINSEREXBNK,Sectoral Indices,23.16,4.25,0.78
2026-04-20,NIFTY FINSEREXBNK,Sectoral Indices,23.05,4.25,0.78
2026-04-21,NIFTY FINSEREXBNK,Sectoral Indices,23.12,4.26,0.78
2026-04-22,NIFTY FINSEREXBNK,Sectoral Indices,22.99,4.24,0.78
2026-04-23,NIFTY FINSEREXBNK,Sectoral Indices,22.75,4.2,0.79
2026-04-24,NIFTY FINSEREXBNK,Sectoral Indices,22.61,4.17,0.8
2026-04-27,NIFTY FINSEREXBNK,Sectoral Indices,22.72,4.19,0.79
2026-04-28,NIFTY FINSEREXBNK,Sectoral Indices,22.5,4.19,0.79
2026-04-29,NIFTY FINSEREXBNK,Sectoral Indices,22.52,4.2,0.78
2026-04-30,NIFTY FINSEREXBNK,Sectoral Indices,22.89,4.25,0.77
2026-03-02,NIFTY FMCG,Sectoral Indices,36.6,9.09,1.62
2026-03-04,NIFTY FMCG,Sectoral Indices,35.92,8.91,1.65
2026-03-05,NIFTY FMCG,Sectoral Indices,36.06,8.95,1.64
2026-03-06,NIFTY FMCG,Sectoral Indices,36.04,8.95,1.65
2026-03-09,NIFTY FMCG,Sectoral Indices,35.48,8.81,1.67
2026-03-10,NIFTY FMCG,Sectoral Indices,35.78,8.88,1.66
2026-03-11,NIFTY FMCG,Sectoral Indices,35.38,8.78,1.68
2026-03-12,NIFTY FMCG,Sectoral Indices,34.76,8.63,1.71
2026-03-13,NIFTY FMCG,Sectoral Indices,34.56,8.58,1.72
2026-03-16,NIFTY FMCG,Sectoral Indices,34.96,8.68,1.7
2026-03-17,NIFTY FMCG,Sectoral Indices,34.69,8.52,1.71
2026-03-18,NIFTY FMCG,Sectoral Indices,34.68,8.52,1.71
2026-03-19,NIFTY FMCG,Sectoral Indices,33.8,8.3,1.75
2026-03-20,NIFTY FMCG,Sectoral Indices,33.9,8.33,1.75
2026-03-23,NIFTY FMCG,Sectoral Indices,33.06,8.12,1.79
2026-03-24,NIFTY FMCG,Sectoral Indices,33.47,8.22,1.77
2026-03-25,NIFTY FMCG,Sectoral Indices,34.1,8.38,1.74
2026-03-27,NIFTY FMCG,Sectoral Indices,33.48,8.22,1.77
2026-03-30,NIFTY FMCG,Sectoral Indices,32.56,8.02,1.81
2026-04-01,NIFTY FMCG,Sectoral Indices,32.98,8.13,1.79
2026-04-02,NIFTY FMCG,Sectoral Indices,33.05,8.15,1.79
2026-04-06,NIFTY FMCG,Sectoral Indices,33.32,8.21,1.75
2026-04-07,NIFTY FMCG,Sectoral Indices,33.59,8.28,1.74
2026-04-08,NIFTY FMCG,Sectoral Indices,34.11,8.41,1.72
2026-04-09,NIFTY FMCG,Sectoral Indices,34.06,8.39,1.72
2026-04-10,NIFTY FMCG,Sectoral Indices,34.46,8.49,1.7
2026-04-13,NIFTY FMCG,Sectoral Indices,34.01,8.38,1.73
2026-04-15,NIFTY FMCG,Sectoral Indices,34.53,8.51,1.7
2026-04-16,NIFTY FMCG,Sectoral Indices,34.59,8.52,1.7
2026-04-17,NIFTY FMCG,Sectoral Indices,35.5,8.75,1.65
2026-04-20,NIFTY FMCG,Sectoral Indices,35.43,8.73,1.66
2026-04-21,NIFTY FMCG,Sectoral Indices,36.33,8.95,1.61
2026-04-22,NIFTY FMCG,Sectoral Indices,36.6,9.02,1.6
2026-04-23,NIFTY FMCG,Sectoral Indices,36.45,9.01,1.6
2026-04-24,NIFTY FMCG,Sectoral Indices,36.18,8.95,1.62
2026-04-27,NIFTY FMCG,Sectoral Indices,36.38,8.99,1.61
2026-04-28,NIFTY FMCG,Sectoral Indices,36.19,8.97,1.62
2026-04-29,NIFTY FMCG,Sectoral Indices,36.83,9.12,1.59
2026-04-30,NIFTY FMCG,Sectoral Indices,36.33,9.0,1.62
2026-03-02,NIFTY HEALTHCARE,Sectoral Indices,37.73,5.57,0.57
2026-03-04,NIFTY HEALTHCARE,Sectoral Indices,37.21,5.5,0.58
2026-03-05,NIFTY HEALTHCARE,Sectoral Indices,37.72,5.57,0.57
2026-03-06,NIFTY HEALTHCARE,Sectoral Indices,37.57,5.55,0.57
2026-03-09,NIFTY HEALTHCARE,Sectoral Indices,37.52,5.54,0.57
2026-03-10,NIFTY HEALTHCARE,Sectoral Indices,37.94,5.6,0.57
2026-03-11,NIFTY HEALTHCARE,Sectoral Indices,37.99,5.61,0.57
2026-03-12,NIFTY HEALTHCARE,Sectoral Indices,37.77,5.58,0.57
2026-03-13,NIFTY HEALTHCARE,Sectoral Indices,37.09,5.48,0.58
2026-03-16,NIFTY HEALTHCARE,Sectoral Indices,36.58,5.4,0.59
2026-03-17,NIFTY HEALTHCARE,Sectoral Indices,36.67,5.42,0.59
2026-03-18,NIFTY HEALTHCARE,Sectoral Indices,36.75,5.43,0.59
2026-03-19,NIFTY HEALTHCARE,Sectoral Indices,35.85,5.3,0.6
2026-03-20,NIFTY HEALTHCARE,Sectoral Indices,36.53,5.4,0.59
2026-03-23,NIFTY HEALTHCARE,Sectoral Indices,35.76,5.28,0.6
2026-03-24,NIFTY HEALTHCARE,Sectoral Indices,36.13,5.34,0.6
2026-03-25,NIFTY HEALTHCARE,Sectoral Indices,36.87,5.45,0.58
2026-03-27,NIFTY HEALTHCARE,Sectoral Indices,36.65,5.41,0.59
2026-03-30,NIFTY HEALTHCARE,Sectoral Indices,36.07,5.33,0.6
2026-04-01,NIFTY HEALTHCARE,Sectoral Indices,35.7,5.27,0.6
2026-04-02,NIFTY HEALTHCARE,Sectoral Indices,35.39,5.23,0.61
2026-04-06,NIFTY HEALTHCARE,Sectoral Indices,35.46,5.24,0.61
2026-04-07,NIFTY HEALTHCARE,Sectoral Indices,35.54,5.25,0.61
2026-04-08,NIFTY HEALTHCARE,Sectoral Indices,35.75,5.28,0.6
2026-04-09,NIFTY HEALTHCARE,Sectoral Indices,36.01,5.32,0.6
2026-04-10,NIFTY HEALTHCARE,Sectoral Indices,36.05,5.32,0.6
2026-04-13,NIFTY HEALTHCARE,Sectoral Indices,35.95,5.31,0.6
2026-04-15,NIFTY HEALTHCARE,Sectoral Indices,36.63,5.41,0.59
2026-04-16,NIFTY HEALTHCARE,Sectoral Indices,36.66,5.41,0.59
2026-04-17,NIFTY HEALTHCARE,Sectoral Indices,36.81,5.44,0.59
2026-04-20,NIFTY HEALTHCARE,Sectoral Indices,36.75,5.43,0.59
2026-04-21,NIFTY HEALTHCARE,Sectoral Indices,36.84,5.44,0.58
2026-04-22,NIFTY HEALTHCARE,Sectoral Indices,36.79,5.43,0.59
2026-04-23,NIFTY HEALTHCARE,Sectoral Indices,37.56,5.55,0.57
2026-04-24,NIFTY HEALTHCARE,Sectoral Indices,37.0,5.47,0.58
2026-04-27,NIFTY HEALTHCARE,Sectoral Indices,37.9,5.6,0.57
2026-04-28,NIFTY HEALTHCARE,Sectoral Indices,37.85,5.59,0.57
2026-04-29,NIFTY HEALTHCARE,Sectoral Indices,37.94,5.6,0.57
2026-04-30,NIFTY HEALTHCARE,Sectoral Indices,37.89,5.6,0.57
2026-03-02,NIFTY IT,Sectoral Indices,21.51,5.62,3.5
2026-03-04,NIFTY IT,Sectoral Indices,21.53,5.62,3.49
2026-03-05,NIFTY IT,Sectoral Indices,21.41,5.59,3.52
2026-03-06,NIFTY IT,Sectoral Indices,21.41,5.59,3.51
2026-03-09,NIFTY IT,Sectoral Indices,21.43,5.6,3.51
2026-03-10,NIFTY IT,Sectoral Indices,21.33,5.57,3.53
2026-03-11,NIFTY IT,Sectoral Indices,21.07,5.5,3.57
2026-03-12,NIFTY IT,Sectoral Indices,21.02,5.49,3.58
2026-03-13,NIFTY IT,Sectoral Indices,20.66,5.39,3.64
2026-03-16,NIFTY IT,Sectoral Indices,20.64,5.39,3.65
2026-03-17,NIFTY IT,Sectoral Indices,20.44,5.34,3.68
2026-03-18,NIFTY IT,Sectoral Indices,21.0,5.48,3.58
2026-03-19,NIFTY IT,Sectoral Indices,20.31,5.3,3.71
2026-03-20,NIFTY IT,Sectoral Indices,20.75,5.42,3.63
2026-03-23,NIFTY IT,Sectoral Indices,20.71,5.41,3.63
2026-03-24,NIFTY IT,Sectoral Indices,21.07,5.5,3.57
2026-03-25,NIFTY IT,Sectoral Indices,21.08,5.5,3.57
2026-03-27,NIFTY IT,Sectoral Indices,20.99,5.48,3.59
2026-03-30,NIFTY IT,Sectoral Indices,20.64,5.39,3.64
2026-04-01,NIFTY IT,Sectoral Indices,21.08,5.5,3.57
2026-04-02,NIFTY IT,Sectoral Indices,21.62,5.65,3.48
2026-04-06,NIFTY IT,Sectoral Indices,21.76,5.68,3.46
2026-04-07,NIFTY IT,Sectoral Indices,22.31,5.82,3.37
2026-04-08,NIFTY IT,Sectoral Indices,22.42,5.85,3.35
2026-04-09,NIFTY IT,Sectoral Indices,22.47,5.87,3.35
2026-04-10,NIFTY IT,Sectoral Indices,22.04,5.75,3.41
2026-04-13,NIFTY IT,Sectoral Indices,21.63,5.69,3.45
2026-04-15,NIFTY IT,Sectoral Indices,22.24,5.85,3.36
2026-04-16,NIFTY IT,Sectoral Indices,22.43,5.9,3.33
2026-04-17,NIFTY IT,Sectoral Indices,22.43,5.9,3.33
2026-04-20,NIFTY IT,Sectoral Indices,22.28,5.86,3.35
2026-04-21,NIFTY IT,Sectoral Indices,22.38,5.88,3.34
2026-04-22,NIFTY IT,Sectoral Indices,21.51,5.66,3.47
2026-04-23,NIFTY IT,Sectoral Indices,21.18,5.59,3.51
2026-04-24,NIFTY IT,Sectoral Indices,19.96,5.29,3.93
2026-04-27,NIFTY IT,Sectoral Indices,20.05,5.41,3.85
2026-04-28,NIFTY IT,Sectoral Indices,19.88,5.37,3.71
2026-04-29,NIFTY IT,Sectoral Indices,20.07,5.42,3.67
2026-04-30,NIFTY IT,Sectoral Indices,20.15,5.44,3.66
2026-03-02,NIFTY MEDIA,Sectoral Indices,29.18,1.46,1.3
2026-03-04,NIFTY MEDIA,Sectoral Indices,28.29,1.42,1.34
2026-03-05,NIFTY MEDIA,Sectoral Indices,28.6,1.43,1.33
2026-03-06,NIFTY MEDIA,Sectoral Indices,28.43,1.43,1.33
2026-03-09,NIFTY MEDIA,Sectoral Indices,27.95,1.4,1.36
2026-03-10,NIFTY MEDIA,Sectoral Indices,28.37,1.42,1.34
2026-03-11,NIFTY MEDIA,Sectoral Indices,28.22,1.42,1.34
2026-03-12,NIFTY MEDIA,Sectoral Indices,28.32,1.42,1.37
2026-03-13,NIFTY MEDIA,Sectoral Indices,27.31,1.37,1.35
2026-03-16,NIFTY MEDIA,Sectoral Indices,27.15,1.36,1.36
2026-03-17,NIFTY MEDIA,Sectoral Indices,27.45,1.38,1.35
2026-03-18,NIFTY MEDIA,Sectoral Indices,28.37,1.42,1.3
2026-03-19,NIFTY MEDIA,Sectoral Indices,27.53,1.38,1.34
2026-03-20,NIFTY MEDIA,Sectoral Indices,27.39,1.37,1.35
2026-03-23,NIFTY MEDIA,Sectoral Indices,26.31,1.32,1.41
2026-03-24,NIFTY MEDIA,Sectoral Indices,27.21,1.36,1.36
2026-03-25,NIFTY MEDIA,Sectoral Indices,27.52,1.38,1.34
2026-03-27,NIFTY MEDIA,Sectoral Indices,27.16,1.36,1.36
2026-03-30,NIFTY MEDIA,Sectoral Indices,26.59,1.33,1.39
2026-04-01,NIFTY MEDIA,Sectoral Indices,27.57,1.38,1.34
2026-04-02,NIFTY MEDIA,Sectoral Indices,27.46,1.37,1.35
2026-04-06,NIFTY MEDIA,Sectoral Indices,27.4,1.37,1.35
2026-04-07,NIFTY MEDIA,Sectoral Indices,27.62,1.38,1.34
2026-04-08,NIFTY MEDIA,Sectoral Indices,28.44,1.42,1.3
2026-04-09,NIFTY MEDIA,Sectoral Indices,28.21,1.41,1.31
2026-04-10,NIFTY MEDIA,Sectoral Indices,28.77,1.44,1.28
2026-04-13,NIFTY MEDIA,Sectoral Indices,28.67,1.43,1.29
2026-04-15,NIFTY MEDIA,Sectoral Indices,29.28,1.47,1.26
2026-04-16,NIFTY MEDIA,Sectoral Indices,29.46,1.47,1.25
2026-04-17,NIFTY MEDIA,Sectoral Indices,29.85,1.49,1.24
2026-04-20,NIFTY MEDIA,Sectoral Indices,30.12,1.51,1.23
2026-04-21,NIFTY MEDIA,Sectoral Indices,30.55,1.52,1.22
2026-04-22,NIFTY MEDIA,Sectoral Indices,30.76,1.53,1.21
2026-04-23,NIFTY MEDIA,Sectoral Indices,31.04,1.55,1.2
2026-04-24,NIFTY MEDIA,Sectoral Indices,30.46,1.52,1.22
2026-04-27,NIFTY MEDIA,Sectoral Indices,30.91,1.55,1.19
2026-04-28,NIFTY MEDIA,Sectoral Indices,30.89,1.55,1.19
2026-04-29,NIFTY MEDIA,Sectoral Indices,30.74,1.54,1.2
2026-04-30,NIFTY MEDIA,Sectoral Indices,30.58,1.54,1.2
2026-03-02,NIFTY METAL,Sectoral Indices,20.81,3.19,1.5
2026-03-04,NIFTY METAL,Sectoral Indices,19.98,3.07,1.56
2026-03-05,NIFTY METAL,Sectoral Indices,20.44,3.14,1.53
2026-03-06,NIFTY METAL,Sectoral Indices,20.36,3.12,1.53
2026-03-09,NIFTY METAL,Sectoral Indices,19.83,3.04,1.57
2026-03-10,NIFTY METAL,Sectoral Indices,20.13,3.09,1.55
2026-03-11,NIFTY METAL,Sectoral Indices,20.05,3.08,1.56
2026-03-12,NIFTY METAL,Sectoral Indices,20.12,3.09,1.55
2026-03-13,NIFTY METAL,Sectoral Indices,19.15,2.94,1.63
2026-03-16,NIFTY METAL,Sectoral Indices,19.2,2.95,1.62
2026-03-17,NIFTY METAL,Sectoral Indices,19.74,3.03,1.58
2026-03-18,NIFTY METAL,Sectoral Indices,19.72,3.03,1.58
2026-03-19,NIFTY METAL,Sectoral Indices,19.08,2.93,1.63
2026-03-20,NIFTY METAL,Sectoral Indices,19.36,2.97,1.61
2026-03-23,NIFTY METAL,Sectoral Indices,18.43,2.83,1.59
2026-03-24,NIFTY METAL,Sectoral Indices,18.76,2.88,1.56
2026-03-25,NIFTY METAL,Sectoral Indices,19.24,2.95,1.52
2026-03-27,NIFTY METAL,Sectoral Indices,18.93,2.9,1.78
2026-03-30,NIFTY METAL,Sectoral Indices,18.89,2.9,1.79
2026-04-01,NIFTY METAL,Sectoral Indices,19.35,2.97,1.75
2026-04-02,NIFTY METAL,Sectoral Indices,19.43,2.98,1.74
2026-04-06,NIFTY METAL,Sectoral Indices,19.64,3.01,1.72
2026-04-07,NIFTY METAL,Sectoral Indices,19.95,3.06,1.69
2026-04-08,NIFTY METAL,Sectoral Indices,20.48,3.14,1.65
2026-04-09,NIFTY METAL,Sectoral Indices,20.74,3.18,1.63
2026-04-10,NIFTY METAL,Sectoral Indices,20.95,3.22,1.61
2026-04-13,NIFTY METAL,Sectoral Indices,20.91,3.21,1.62
2026-04-15,NIFTY METAL,Sectoral Indices,21.28,3.27,1.59
2026-04-16,NIFTY METAL,Sectoral Indices,21.6,3.32,1.56
2026-04-17,NIFTY METAL,Sectoral Indices,21.84,3.35,1.55
2026-04-20,NIFTY METAL,Sectoral Indices,21.76,3.34,1.55
2026-04-21,NIFTY METAL,Sectoral Indices,21.77,3.34,1.55
2026-04-22,NIFTY METAL,Sectoral Indices,21.86,3.35,1.54
2026-04-23,NIFTY METAL,Sectoral Indices,21.68,3.33,1.56
2026-04-24,NIFTY METAL,Sectoral Indices,21.62,3.32,1.56
2026-04-27,NIFTY METAL,Sectoral Indices,22.01,3.38,1.53
2026-04-28,NIFTY METAL,Sectoral Indices,22.01,3.39,1.53
2026-04-29,NIFTY METAL,Sectoral Indices,22.12,3.41,1.52
2026-04-30,NIFTY METAL,Sectoral Indices,21.83,3.36,1.59
2026-03-02,NIFTY MS FIN SERV,Sectoral Indices,28.24,2.92,0.65
2026-03-04,NIFTY MS FIN SERV,Sectoral Indices,27.63,2.85,0.67
2026-03-05,NIFTY MS FIN SERV,Sectoral Indices,28.05,2.9,0.66
2026-03-06,NIFTY MS FIN SERV,Sectoral Indices,27.67,2.86,0.66
2026-03-09,NIFTY MS FIN SERV,Sectoral Indices,27.16,2.81,0.68
2026-03-10,NIFTY MS FIN SERV,Sectoral Indices,27.71,2.86,0.66
2026-03-11,NIFTY MS FIN SERV,Sectoral Indices,27.24,2.82,0.68
2026-03-12,NIFTY MS FIN SERV,Sectoral Indices,27.03,2.79,0.69
2026-03-13,NIFTY MS FIN SERV,Sectoral Indices,26.47,2.74,0.7
2026-03-16,NIFTY MS FIN SERV,Sectoral Indices,26.65,2.75,0.69
2026-03-17,NIFTY MS FIN SERV,Sectoral Indices,27.03,2.79,0.68
2026-03-18,NIFTY MS FIN SERV,Sectoral Indices,27.56,2.85,0.67
2026-03-19,NIFTY MS FIN SERV,Sectoral Indices,26.68,2.76,0.69
2026-03-20,NIFTY MS FIN SERV,Sectoral Indices,26.62,2.75,0.69
2026-03-23,NIFTY MS FIN SERV,Sectoral Indices,25.39,2.62,0.72
2026-03-24,NIFTY MS FIN SERV,Sectoral Indices,26.13,2.7,0.7
2026-03-25,NIFTY MS FIN SERV,Sectoral Indices,26.81,2.77,0.68
2026-03-27,NIFTY MS FIN SERV,Sectoral Indices,26.11,2.7,0.72
2026-03-30,NIFTY MS FIN SERV,Sectoral Indices,27.8,2.72,0.62
2026-04-01,NIFTY MS FIN SERV,Sectoral Indices,28.71,2.81,0.6
2026-04-02,NIFTY MS FIN SERV,Sectoral Indices,28.53,2.79,0.6
2026-04-06,NIFTY MS FIN SERV,Sectoral Indices,29.29,2.87,0.59
2026-04-07,NIFTY MS FIN SERV,Sectoral Indices,29.23,2.86,0.59
2026-04-08,NIFTY MS FIN SERV,Sectoral Indices,30.88,3.02,0.56
2026-04-09,NIFTY MS FIN SERV,Sectoral Indices,30.94,3.03,0.56
2026-04-10,NIFTY MS FIN SERV,Sectoral Indices,31.4,3.07,0.55
2026-04-13,NIFTY MS FIN SERV,Sectoral Indices,31.22,3.06,0.55
2026-04-15,NIFTY MS FIN SERV,Sectoral Indices,31.95,3.13,0.54
2026-04-16,NIFTY MS FIN SERV,Sectoral Indices,32.23,3.16,0.53
2026-04-17,NIFTY MS FIN SERV,Sectoral Indices,32.71,3.2,0.53
2026-04-20,NIFTY MS FIN SERV,Sectoral Indices,32.29,3.19,0.53
2026-04-21,NIFTY MS FIN SERV,Sectoral Indices,32.19,3.2,0.53
2026-04-22,NIFTY MS FIN SERV,Sectoral Indices,32.09,3.2,0.53
2026-04-23,NIFTY MS FIN SERV,Sectoral Indices,31.95,3.19,0.53
2026-04-24,NIFTY MS FIN SERV,Sectoral Indices,31.73,3.17,0.53
2026-04-27,NIFTY MS FIN SERV,Sectoral Indices,32.04,3.2,0.54
2026-04-28,NIFTY MS FIN SERV,Sectoral Indices,29.37,3.2,0.54
2026-04-29,NIFTY MS FIN SERV,Sectoral Indices,29.56,3.22,0.52
2026-04-30,NIFTY MS FIN SERV,Sectoral Indices,29.27,3.2,0.53
2026-03-02,NIFTY MIDSML HLTH,Sectoral Indices,40.81,5.32,0.44
2026-03-04,NIFTY MIDSML HLTH,Sectoral Indices,40.14,5.23,0.44
2026-03-05,NIFTY MIDSML HLTH,Sectoral Indices,40.66,5.3,0.44
2026-03-06,NIFTY MIDSML HLTH,Sectoral Indices,40.57,5.29,0.44
2026-03-09,NIFTY MIDSML HLTH,Sectoral Indices,40.21,5.24,0.44
2026-03-10,NIFTY MIDSML HLTH,Sectoral Indices,40.86,5.32,0.44
2026-03-11,NIFTY MIDSML HLTH,Sectoral Indices,41.03,5.35,0.43
2026-03-12,NIFTY MIDSML HLTH,Sectoral Indices,40.77,5.31,0.44
2026-03-13,NIFTY MIDSML HLTH,Sectoral Indices,39.83,5.19,0.45
2026-03-16,NIFTY MIDSML HLTH,Sectoral Indices,39.27,5.12,0.45
2026-03-17,NIFTY MIDSML HLTH,Sectoral Indices,39.44,5.14,0.45
2026-03-18,NIFTY MIDSML HLTH,Sectoral Indices,39.83,5.19,0.45
2026-03-19,NIFTY MIDSML HLTH,Sectoral Indices,38.77,5.05,0.46
2026-03-20,NIFTY MIDSML HLTH,Sectoral Indices,39.33,5.13,0.45
2026-03-23,NIFTY MIDSML HLTH,Sectoral Indices,38.33,4.99,0.46
2026-03-24,NIFTY MIDSML HLTH,Sectoral Indices,38.94,5.08,0.46
2026-03-25,NIFTY MIDSML HLTH,Sectoral Indices,39.81,5.19,0.45
2026-03-27,NIFTY MIDSML HLTH,Sectoral Indices,39.53,5.15,0.45
2026-03-30,NIFTY MIDSML HLTH,Sectoral Indices,39.48,5.15,0.44
2026-04-01,NIFTY MIDSML HLTH,Sectoral Indices,39.78,5.18,0.44
2026-04-02,NIFTY MIDSML HLTH,Sectoral Indices,39.51,5.15,0.46
2026-04-06,NIFTY MIDSML HLTH,Sectoral Indices,39.81,5.19,0.45
2026-04-07,NIFTY MIDSML HLTH,Sectoral Indices,39.87,5.2,0.45
2026-04-08,NIFTY MIDSML HLTH,Sectoral Indices,40.4,5.26,0.45
2026-04-09,NIFTY MIDSML HLTH,Sectoral Indices,40.6,5.29,0.45
2026-04-10,NIFTY MIDSML HLTH,Sectoral Indices,41.05,5.35,0.44
2026-04-13,NIFTY MIDSML HLTH,Sectoral Indices,40.89,5.33,0.44
2026-04-15,NIFTY MIDSML HLTH,Sectoral Indices,41.65,5.43,0.43
2026-04-16,NIFTY MIDSML HLTH,Sectoral Indices,41.58,5.42,0.44
2026-04-17,NIFTY MIDSML HLTH,Sectoral Indices,41.98,5.47,0.43
2026-04-20,NIFTY MIDSML HLTH,Sectoral Indices,41.85,5.45,0.43
2026-04-21,NIFTY MIDSML HLTH,Sectoral Indices,42.0,5.47,0.43
2026-04-22,NIFTY MIDSML HLTH,Sectoral Indices,42.21,5.5,0.43
2026-04-23,NIFTY MIDSML HLTH,Sectoral Indices,42.66,5.56,0.42
2026-04-24,NIFTY MIDSML HLTH,Sectoral Indices,42.15,5.49,0.43
2026-04-27,NIFTY MIDSML HLTH,Sectoral Indices,42.92,5.59,0.42
2026-04-28,NIFTY MIDSML HLTH,Sectoral Indices,42.77,5.57,0.42
2026-04-29,NIFTY MIDSML HLTH,Sectoral Indices,42.63,5.56,0.42
2026-04-30,NIFTY MIDSML HLTH,Sectoral Indices,42.57,5.55,0.43
2026-03-02,NIFTY MS IT TELCM,Sectoral Indices,59.41,8.17,1.3
2026-03-04,NIFTY MS IT TELCM,Sectoral Indices,58.83,8.1,1.31
2026-03-05,NIFTY MS IT TELCM,Sectoral Indices,58.78,8.09,1.31
2026-03-06,NIFTY MS IT TELCM,Sectoral Indices,58.81,8.09,1.31
2026-03-09,NIFTY MS IT TELCM,Sectoral Indices,58.27,8.02,1.33
2026-03-10,NIFTY MS IT TELCM,Sectoral Indices,58.67,8.07,1.32
2026-03-11,NIFTY MS IT TELCM,Sectoral Indices,57.89,7.97,1.33
2026-03-12,NIFTY MS IT TELCM,Sectoral Indices,57.59,7.92,1.34
2026-03-13,NIFTY MS IT TELCM,Sectoral Indices,56.22,7.74,1.37
2026-03-16,NIFTY MS IT TELCM,Sectoral Indices,55.93,7.7,1.38
2026-03-17,NIFTY MS IT TELCM,Sectoral Indices,55.87,7.69,1.38
2026-03-18,NIFTY MS IT TELCM,Sectoral Indices,57.64,7.93,1.34
2026-03-19,NIFTY MS IT TELCM,Sectoral Indices,55.8,7.68,1.38
2026-03-20,NIFTY MS IT TELCM,Sectoral Indices,56.62,7.79,1.36
2026-03-23,NIFTY MS IT TELCM,Sectoral Indices,55.25,7.6,1.4
2026-03-24,NIFTY MS IT TELCM,Sectoral Indices,56.56,7.78,1.37
2026-03-25,NIFTY MS IT TELCM,Sectoral Indices,57.31,7.89,1.35
2026-03-27,NIFTY MS IT TELCM,Sectoral Indices,56.77,7.81,1.36
2026-03-30,NIFTY MS IT TELCM,Sectoral Indices,53.77,7.31,1.37
2026-04-01,NIFTY MS IT TELCM,Sectoral Indices,55.36,7.52,1.33
2026-04-02,NIFTY MS IT TELCM,Sectoral Indices,56.52,7.68,1.3
2026-04-06,NIFTY MS IT TELCM,Sectoral Indices,56.99,7.75,1.29
2026-04-07,NIFTY MS IT TELCM,Sectoral Indices,57.47,7.81,1.28
2026-04-08,NIFTY MS IT TELCM,Sectoral Indices,58.81,7.99,1.25
2026-04-09,NIFTY MS IT TELCM,Sectoral Indices,59.02,8.02,1.25
2026-04-10,NIFTY MS IT TELCM,Sectoral Indices,58.91,8.01,1.25
2026-04-13,NIFTY MS IT TELCM,Sectoral Indices,58.66,7.97,1.25
2026-04-15,NIFTY MS IT TELCM,Sectoral Indices,59.8,8.13,1.21
2026-04-16,NIFTY MS IT TELCM,Sectoral Indices,60.42,8.17,1.19
2026-04-17,NIFTY MS IT TELCM,Sectoral Indices,60.54,8.19,1.19
2026-04-20,NIFTY MS IT TELCM,Sectoral Indices,59.63,8.06,1.21
2026-04-21,NIFTY MS IT TELCM,Sectoral Indices,60.14,8.13,1.2
2026-04-22,NIFTY MS IT TELCM,Sectoral Indices,58.78,7.95,1.23
2026-04-23,NIFTY MS IT TELCM,Sectoral Indices,57.55,7.93,1.23
2026-04-24,NIFTY MS IT TELCM,Sectoral Indices,57.28,7.71,1.27
2026-04-27,NIFTY MS IT TELCM,Sectoral Indices,59.57,7.89,1.24
2026-04-28,NIFTY MS IT TELCM,Sectoral Indices,59.72,7.94,1.23
2026-04-29,NIFTY MS IT TELCM,Sectoral Indices,59.93,7.96,1.23
2026-04-30,NIFTY MS IT TELCM,Sectoral Indices,60.01,7.98,1.22
2026-03-02,NIFTY OIL AND GAS,Sectoral Indices,10.14,1.64,2.15
2026-03-04,NIFTY OIL AND GAS,Sectoral Indices,9.83,1.59,2.22
2026-03-05,NIFTY OIL AND GAS,Sectoral Indices,9.98,1.61,2.19
2026-03-06,NIFTY OIL AND GAS,Sectoral Indices,9.96,1.61,2.19
2026-03-09,NIFTY OIL AND GAS,Sectoral Indices,9.72,1.57,2.25
2026-03-10,NIFTY OIL AND GAS,Sectoral Indices,9.69,1.56,2.26
2026-03-11,NIFTY OIL AND GAS,Sectoral Indices,9.7,1.57,2.25
2026-03-12,NIFTY OIL AND GAS,Sectoral Indices,9.75,1.57,2.36
2026-03-13,NIFTY OIL AND GAS,Sectoral Indices,9.54,1.54,2.42
2026-03-16,NIFTY OIL AND GAS,Sectoral Indices,9.39,1.52,2.45
2026-03-17,NIFTY OIL AND GAS,Sectoral Indices,9.4,1.52,2.45
2026-03-18,NIFTY OIL AND GAS,Sectoral Indices,9.46,1.53,2.36
2026-03-19,NIFTY OIL AND GAS,Sectoral Indices,9.27,1.5,2.41
2026-03-20,NIFTY OIL AND GAS,Sectoral Indices,9.32,1.51,2.39
2026-03-23,NIFTY OIL AND GAS,Sectoral Indices,9.07,1.46,2.46
2026-03-24,NIFTY OIL AND GAS,Sectoral Indices,9.19,1.48,2.43
2026-03-25,NIFTY OIL AND GAS,Sectoral Indices,9.25,1.49,2.41
2026-03-27,NIFTY OIL AND GAS,Sectoral Indices,9.15,1.48,2.44
2026-03-30,NIFTY OIL AND GAS,Sectoral Indices,9.0,1.47,2.45
2026-04-01,NIFTY OIL AND GAS,Sectoral Indices,9.12,1.49,2.42
2026-04-02,NIFTY OIL AND GAS,Sectoral Indices,9.05,1.47,2.44
2026-04-06,NIFTY OIL AND GAS,Sectoral Indices,8.93,1.45,2.48
2026-04-07,NIFTY OIL AND GAS,Sectoral Indices,8.97,1.46,2.46
2026-04-08,NIFTY OIL AND GAS,Sectoral Indices,9.29,1.51,2.38
2026-04-09,NIFTY OIL AND GAS,Sectoral Indices,9.26,1.51,2.39
2026-04-10,NIFTY OIL AND GAS,Sectoral Indices,9.34,1.52,2.37
2026-04-13,NIFTY OIL AND GAS,Sectoral Indices,9.21,1.5,2.4
2026-04-15,NIFTY OIL AND GAS,Sectoral Indices,9.41,1.53,2.35
2026-04-16,NIFTY OIL AND GAS,Sectoral Indices,9.39,1.53,2.35
2026-04-17,NIFTY OIL AND GAS,Sectoral Indices,9.52,1.55,2.32
2026-04-20,NIFTY OIL AND GAS,Sectoral Indices,9.54,1.56,2.32
2026-04-21,NIFTY OIL AND GAS,Sectoral Indices,9.55,1.56,2.31
2026-04-22,NIFTY OIL AND GAS,Sectoral Indices,9.6,1.56,2.3
2026-04-23,NIFTY OIL AND GAS,Sectoral Indices,9.53,1.55,2.32
2026-04-24,NIFTY OIL AND GAS,Sectoral Indices,9.46,1.54,2.34
2026-04-27,NIFTY OIL AND GAS,Sectoral Indices,9.6,1.57,2.3
2026-04-28,NIFTY OIL AND GAS,Sectoral Indices,9.74,1.59,2.27
2026-04-29,NIFTY OIL AND GAS,Sectoral Indices,9.81,1.6,2.25
2026-04-30,NIFTY OIL AND GAS,Sectoral Indices,9.74,1.59,2.27
2026-03-02,NIFTY PHARMA,Sectoral Indices,34.35,5.0,0.69
2026-03-04,NIFTY PHARMA,Sectoral Indices,33.93,4.94,0.69
2026-03-05,NIFTY PHARMA,Sectoral Indices,34.43,5.01,0.68
2026-03-06,NIFTY PHARMA,Sectoral Indices,34.37,5.0,0.68
2026-03-09,NIFTY PHARMA,Sectoral Indices,34.32,5.0,0.69
2026-03-10,NIFTY PHARMA,Sectoral Indices,34.8,5.07,0.68
2026-03-11,NIFTY PHARMA,Sectoral Indices,34.94,5.09,0.67
2026-03-12,NIFTY PHARMA,Sectoral Indices,34.83,5.07,0.68
2026-03-13,NIFTY PHARMA,Sectoral Indices,34.17,4.97,0.69
2026-03-16,NIFTY PHARMA,Sectoral Indices,33.74,4.91,0.7
2026-03-17,NIFTY PHARMA,Sectoral Indices,33.82,4.92,0.7
2026-03-18,NIFTY PHARMA,Sectoral Indices,33.87,4.93,0.69
2026-03-19,NIFTY PHARMA,Sectoral Indices,33.07,4.82,0.71
2026-03-20,NIFTY PHARMA,Sectoral Indices,33.73,4.91,0.7
2026-03-23,NIFTY PHARMA,Sectoral Indices,33.0,4.8,0.71
2026-03-24,NIFTY PHARMA,Sectoral Indices,33.28,4.85,0.71
2026-03-25,NIFTY PHARMA,Sectoral Indices,33.93,4.94,0.69
2026-03-27,NIFTY PHARMA,Sectoral Indices,33.76,4.92,0.7
2026-03-30,NIFTY PHARMA,Sectoral Indices,33.28,4.85,0.71
2026-04-01,NIFTY PHARMA,Sectoral Indices,32.95,4.8,0.71
2026-04-02,NIFTY PHARMA,Sectoral Indices,32.65,4.75,0.72
2026-04-06,NIFTY PHARMA,Sectoral Indices,32.69,4.76,0.72
2026-04-07,NIFTY PHARMA,Sectoral Indices,32.74,4.77,0.72
2026-04-08,NIFTY PHARMA,Sectoral Indices,32.92,4.79,0.71
2026-04-09,NIFTY PHARMA,Sectoral Indices,33.14,4.82,0.71
2026-04-10,NIFTY PHARMA,Sectoral Indices,33.18,4.83,0.71
2026-04-13,NIFTY PHARMA,Sectoral Indices,33.08,4.82,0.71
2026-04-15,NIFTY PHARMA,Sectoral Indices,33.59,4.89,0.7
2026-04-16,NIFTY PHARMA,Sectoral Indices,33.63,4.9,0.7
2026-04-17,NIFTY PHARMA,Sectoral Indices,33.68,4.9,0.7
2026-04-20,NIFTY PHARMA,Sectoral Indices,33.62,4.89,0.7
2026-04-21,NIFTY PHARMA,Sectoral Indices,33.59,4.89,0.7
2026-04-22,NIFTY PHARMA,Sectoral Indices,33.62,4.89,0.7
2026-04-23,NIFTY PHARMA,Sectoral Indices,34.41,5.01,0.68
2026-04-24,NIFTY PHARMA,Sectoral Indices,33.8,4.92,0.7
2026-04-27,NIFTY PHARMA,Sectoral Indices,34.69,5.05,0.68
2026-04-28,NIFTY PHARMA,Sectoral Indices,34.67,5.05,0.68
2026-04-29,NIFTY PHARMA,Sectoral Indices,34.82,5.07,0.68
2026-04-30,NIFTY PHARMA,Sectoral Indices,34.83,5.07,0.68
2026-03-02,NIFTY PVT BANK,Sectoral Indices,19.86,2.24,0.55
2026-03-04,NIFTY PVT BANK,Sectoral Indices,19.56,2.2,0.56
2026-03-05,NIFTY PVT BANK,Sectoral Indices,19.64,2.21,0.56
2026-03-06,NIFTY PVT BANK,Sectoral Indices,19.2,2.16,0.57
2026-03-09,NIFTY PVT BANK,Sectoral Indices,18.67,2.1,0.58
2026-03-10,NIFTY PVT BANK,Sectoral Indices,19.0,2.14,0.57
2026-03-11,NIFTY PVT BANK,Sectoral Indices,18.54,2.09,0.59
2026-03-12,NIFTY PVT BANK,Sectoral Indices,18.25,2.06,0.6
2026-03-13,NIFTY PVT BANK,Sectoral Indices,17.86,2.01,0.61
2026-03-16,NIFTY PVT BANK,Sectoral Indices,18.08,2.04,0.6
2026-03-17,NIFTY PVT BANK,Sectoral Indices,18.25,2.06,0.6
2026-03-18,NIFTY PVT BANK,Sectoral Indices,18.41,2.08,0.59
2026-03-19,NIFTY PVT BANK,Sectoral Indices,17.79,2.0,0.61
2026-03-20,NIFTY PVT BANK,Sectoral Indices,17.69,1.99,0.62
2026-03-23,NIFTY PVT BANK,Sectoral Indices,17.11,1.93,0.64
2026-03-24,NIFTY PVT BANK,Sectoral Indices,17.54,1.98,0.62
2026-03-25,NIFTY PVT BANK,Sectoral Indices,17.86,2.01,0.61
2026-03-27,NIFTY PVT BANK,Sectoral Indices,17.5,1.97,0.62
2026-03-30,NIFTY PVT BANK,Sectoral Indices,16.86,1.92,0.67
2026-04-01,NIFTY PVT BANK,Sectoral Indices,17.15,1.95,0.66
2026-04-02,NIFTY PVT BANK,Sectoral Indices,17.22,1.96,0.66
2026-04-06,NIFTY PVT BANK,Sectoral Indices,17.59,2.0,0.64
2026-04-07,NIFTY PVT BANK,Sectoral Indices,17.68,2.01,0.64
2026-04-08,NIFTY PVT BANK,Sectoral Indices,18.66,2.13,0.61
2026-04-09,NIFTY PVT BANK,Sectoral Indices,18.33,2.09,0.62
2026-04-10,NIFTY PVT BANK,Sectoral Indices,18.7,2.13,0.6
2026-04-13,NIFTY PVT BANK,Sectoral Indices,18.64,2.12,0.61
2026-04-15,NIFTY PVT BANK,Sectoral Indices,18.87,2.15,0.6
2026-04-16,NIFTY PVT BANK,Sectoral Indices,18.76,2.14,0.6
2026-04-17,NIFTY PVT BANK,Sectoral Indices,18.91,2.15,0.6
2026-04-20,NIFTY PVT BANK,Sectoral Indices,18.85,2.15,0.6
2026-04-21,NIFTY PVT BANK,Sectoral Indices,18.87,2.18,0.59
2026-04-22,NIFTY PVT BANK,Sectoral Indices,18.73,2.16,0.59
2026-04-23,NIFTY PVT BANK,Sectoral Indices,18.49,2.14,0.6
2026-04-24,NIFTY PVT BANK,Sectoral Indices,18.4,2.13,0.61
2026-04-27,NIFTY PVT BANK,Sectoral Indices,18.41,2.13,0.61
2026-04-28,NIFTY PVT BANK,Sectoral Indices,17.54,2.1,0.61
2026-04-29,NIFTY PVT BANK,Sectoral Indices,17.59,2.11,0.61
2026-04-30,NIFTY PVT BANK,Sectoral Indices,17.44,2.09,0.62
2026-03-02,NIFTY PSU BANK,Sectoral Indices,9.56,1.58,1.99
2026-03-04,NIFTY PSU BANK,Sectoral Indices,9.25,1.52,2.06
2026-03-05,NIFTY PSU BANK,Sectoral Indices,9.3,1.53,2.05
2026-03-06,NIFTY PSU BANK,Sectoral Indices,9.11,1.5,2.09
2026-03-09,NIFTY PSU BANK,Sectoral Indices,8.75,1.44,2.18
2026-03-10,NIFTY PSU BANK,Sectoral Indices,8.94,1.47,2.13
2026-03-11,NIFTY PSU BANK,Sectoral Indices,8.78,1.45,2.17
2026-03-12,NIFTY PSU BANK,Sectoral Indices,8.78,1.45,2.17
2026-03-13,NIFTY PSU BANK,Sectoral Indices,8.45,1.39,2.25
2026-03-16,NIFTY PSU BANK,Sectoral Indices,8.5,1.4,2.24
2026-03-17,NIFTY PSU BANK,Sectoral Indices,8.53,1.41,2.23
2026-03-18,NIFTY PSU BANK,Sectoral Indices,8.59,1.42,2.21
2026-03-19,NIFTY PSU BANK,Sectoral Indices,8.34,1.38,2.28
2026-03-20,NIFTY PSU BANK,Sectoral Indices,8.52,1.4,2.23
2026-03-23,NIFTY PSU BANK,Sectoral Indices,8.17,1.35,2.33
2026-03-24,NIFTY PSU BANK,Sectoral Indices,8.29,1.37,2.3
2026-03-25,NIFTY PSU BANK,Sectoral Indices,8.51,1.4,2.24
2026-03-27,NIFTY PSU BANK,Sectoral Indices,8.18,1.35,2.33
2026-03-30,NIFTY PSU BANK,Sectoral Indices,7.76,1.28,2.46
2026-04-01,NIFTY PSU BANK,Sectoral Indices,8.04,1.32,2.37
2026-04-02,NIFTY PSU BANK,Sectoral Indices,8.01,1.32,2.38
2026-04-06,NIFTY PSU BANK,Sectoral Indices,8.2,1.35,2.33
2026-04-07,NIFTY PSU BANK,Sectoral Indices,8.14,1.34,2.35
2026-04-08,NIFTY PSU BANK,Sectoral Indices,8.59,1.41,2.22
2026-04-09,NIFTY PSU BANK,Sectoral Indices,8.48,1.39,2.25
2026-04-10,NIFTY PSU BANK,Sectoral Indices,8.65,1.42,2.21
2026-04-13,NIFTY PSU BANK,Sectoral Indices,8.58,1.41,2.22
2026-04-15,NIFTY PSU BANK,Sectoral Indices,8.68,1.43,2.2
2026-04-16,NIFTY PSU BANK,Sectoral Indices,8.67,1.43,2.2
2026-04-17,NIFTY PSU BANK,Sectoral Indices,8.73,1.44,2.19
2026-04-20,NIFTY PSU BANK,Sectoral Indices,8.81,1.45,2.17
2026-04-21,NIFTY PSU BANK,Sectoral Indices,8.88,1.46,2.15
2026-04-22,NIFTY PSU BANK,Sectoral Indices,8.86,1.46,2.15
2026-04-23,NIFTY PSU BANK,Sectoral Indices,8.66,1.43,2.2
2026-04-24,NIFTY PSU BANK,Sectoral Indices,8.65,1.43,2.2
2026-04-27,NIFTY PSU BANK,Sectoral Indices,8.67,1.43,2.19
2026-04-28,NIFTY PSU BANK,Sectoral Indices,8.48,1.4,2.24
2026-04-29,NIFTY PSU BANK,Sectoral Indices,8.44,1.4,2.25
2026-04-30,NIFTY PSU BANK,Sectoral Indices,8.3,1.37,2.28
2026-03-02,NIFTY REALTY,Sectoral Indices,34.59,3.72,0.39
2026-03-04,NIFTY REALTY,Sectoral Indices,33.52,3.6,0.4
2026-03-05,NIFTY REALTY,Sectoral Indices,34.13,3.67,0.39
2026-03-06,NIFTY REALTY,Sectoral Indices,33.42,3.59,0.4
2026-03-09,NIFTY REALTY,Sectoral Indices,33.01,3.55,0.41
2026-03-10,NIFTY REALTY,Sectoral Indices,33.52,3.6,0.4
2026-03-11,NIFTY REALTY,Sectoral Indices,32.94,3.54,0.41
2026-03-12,NIFTY REALTY,Sectoral Indices,32.41,3.48,0.41
2026-03-13,NIFTY REALTY,Sectoral Indices,31.97,3.43,0.42
2026-03-16,NIFTY REALTY,Sectoral Indices,31.47,3.38,0.43
2026-03-17,NIFTY REALTY,Sectoral Indices,32.03,3.44,0.42
2026-03-18,NIFTY REALTY,Sectoral Indices,32.92,3.54,0.41
2026-03-19,NIFTY REALTY,Sectoral Indices,31.66,3.4,0.42
2026-03-20,NIFTY REALTY,Sectoral Indices,31.37,3.37,0.43
2026-03-23,NIFTY REALTY,Sectoral Indices,29.88,3.21,0.45
2026-03-24,NIFTY REALTY,Sectoral Indices,30.36,3.26,0.44
2026-03-25,NIFTY REALTY,Sectoral Indices,31.17,3.35,0.43
2026-03-27,NIFTY REALTY,Sectoral Indices,30.18,3.24,0.44
2026-03-30,NIFTY REALTY,Sectoral Indices,30.8,3.12,0.46
2026-04-01,NIFTY REALTY,Sectoral Indices,31.46,3.19,0.45
2026-04-02,NIFTY REALTY,Sectoral Indices,31.79,3.22,0.44
2026-04-06,NIFTY REALTY,Sectoral Indices,32.5,3.29,0.43
2026-04-07,NIFTY REALTY,Sectoral Indices,33.05,3.35,0.42
2026-04-08,NIFTY REALTY,Sectoral Indices,35.28,3.57,0.4
2026-04-09,NIFTY REALTY,Sectoral Indices,35.18,3.56,0.4
2026-04-10,NIFTY REALTY,Sectoral Indices,35.92,3.64,0.39
2026-04-13,NIFTY REALTY,Sectoral Indices,35.82,3.63,0.39
2026-04-15,NIFTY REALTY,Sectoral Indices,36.73,3.72,0.38
2026-04-16,NIFTY REALTY,Sectoral Indices,36.88,3.73,0.38
2026-04-17,NIFTY REALTY,Sectoral Indices,37.23,3.77,0.38
2026-04-20,NIFTY REALTY,Sectoral Indices,36.99,3.75,0.38
2026-04-21,NIFTY REALTY,Sectoral Indices,37.79,3.83,0.37
2026-04-22,NIFTY REALTY,Sectoral Indices,38.0,3.85,0.37
2026-04-23,NIFTY REALTY,Sectoral Indices,37.31,3.78,0.38
2026-04-24,NIFTY REALTY,Sectoral Indices,36.8,3.73,0.38
2026-04-27,NIFTY REALTY,Sectoral Indices,37.71,3.82,0.37
2026-04-28,NIFTY REALTY,Sectoral Indices,36.89,3.8,0.37
2026-04-29,NIFTY REALTY,Sectoral Indices,37.43,3.86,0.37
2026-04-30,NIFTY REALTY,Sectoral Indices,36.87,3.8,0.37
2026-03-02,NIFTY 50 ARBITRAGE,Strategy Indices,,,
2026-03-04,NIFTY 50 ARBITRAGE,Strategy Indices,,,
2026-03-05,NIFTY 50 ARBITRAGE,Strategy Indices,,,
2026-03-06,NIFTY 50 ARBITRAGE,Strategy Indices,,,
2026-03-09,NIFTY 50 ARBITRAGE,Strategy Indices,,,
2026-03-10,NIFTY 50 ARBITRAGE,Strategy Indices,,,
2026-03-11,NIFTY 50 ARBITRAGE,Strategy Indices,,,
2026-03-12,NIFTY 50 ARBITRAGE,Strategy Indices,,,
2026-03-13,NIFTY 50 ARBITRAGE,Strategy Indices,,,
2026-03-16,NIFTY 50 ARBITRAGE,Strategy Indices,,,
2026-03-17,NIFTY 50 ARBITRAGE,Strategy Indices,,,
2026-03-18,NIFTY 50 ARBITRAGE,Strategy Indices,,,
2026-03-19,NIFTY 50 ARBITRAGE,Strategy Indices,,,
2026-03-20,NIFTY 50 ARBITRAGE,Strategy Indices,,,
2026-03-23,NIFTY 50 ARBITRAGE,Strategy Indices,,,
2026-03-24,NIFTY 50 ARBITRAGE,Strategy Indices,,,
2026-03-25,NIFTY 50 ARBITRAGE,Strategy Indices,,,
2026-03-27,NIFTY 50 ARBITRAGE,Strategy Indices,,,
2026-03-30,NIFTY 50 ARBITRAGE,Strategy Indices,,,
2026-04-01,NIFTY 50 ARBITRAGE,Strategy Indices,,,
2026-04-02,NIFTY 50 ARBITRAGE,Strategy Indices,,,
2026-04-06,NIFTY 50 ARBITRAGE,Strategy Indices,,,
2026-04-07,NIFTY 50 ARBITRAGE,Strategy Indices,,,
2026-04-08,NIFTY 50 ARBITRAGE,Strategy Indices,,,
2026-04-09,NIFTY 50 ARBITRAGE,Strategy Indices,,,
2026-04-10,NIFTY 50 ARBITRAGE,Strategy Indices,,,
2026-04-13,NIFTY 50 ARBITRAGE,Strategy Indices,,,
2026-04-15,NIFTY 50 ARBITRAGE,Strategy Indices,,,
2026-04-16,NIFTY 50 ARBITRAGE,Strategy Indices,,,
2026-04-17,NIFTY 50 ARBITRAGE,Strategy Indices,,,
2026-04-20,NIFTY 50 ARBITRAGE,Strategy Indices,,,
2026-04-21,NIFTY 50 ARBITRAGE,Strategy Indices,,,
2026-04-22,NIFTY 50 ARBITRAGE,Strategy Indices,,,
2026-04-23,NIFTY 50 ARBITRAGE,Strategy Indices,,,
2026-04-24,NIFTY 50 ARBITRAGE,Strategy Indices,,,
2026-04-27,NIFTY 50 ARBITRAGE,Strategy Indices,,,
2026-04-28,NIFTY 50 ARBITRAGE,Strategy Indices,,,
2026-04-29,NIFTY 50 ARBITRAGE,Strategy Indices,,,
2026-04-30,NIFTY 50 ARBITRAGE,Strategy Indices,,,
2026-03-02,NIFTY ALPHA 50,Strategy Indices,31.05,4.32,0.59
2026-03-04,NIFTY ALPHA 50,Strategy Indices,30.22,4.2,0.6
2026-03-05,NIFTY ALPHA 50,Strategy Indices,30.78,4.28,0.59
2026-03-06,NIFTY ALPHA 50,Strategy Indices,30.53,4.25,0.61
2026-03-09,NIFTY ALPHA 50,Strategy Indices,29.93,4.16,0.62
2026-03-10,NIFTY ALPHA 50,Strategy Indices,30.61,4.26,0.6
2026-03-11,NIFTY ALPHA 50,Strategy Indices,30.01,4.18,0.61
2026-03-12,NIFTY ALPHA 50,Strategy Indices,29.75,4.14,0.61
2026-03-13,NIFTY ALPHA 50,Strategy Indices,29.06,4.04,0.63
2026-03-16,NIFTY ALPHA 50,Strategy Indices,29.13,4.05,0.63
2026-03-17,NIFTY ALPHA 50,Strategy Indices,29.52,4.11,0.62
2026-03-18,NIFTY ALPHA 50,Strategy Indices,29.97,4.17,0.61
2026-03-19,NIFTY ALPHA 50,Strategy Indices,28.98,4.03,0.63
2026-03-20,NIFTY ALPHA 50,Strategy Indices,29.02,4.04,0.63
2026-03-23,NIFTY ALPHA 50,Strategy Indices,27.86,3.88,0.66
2026-03-24,NIFTY ALPHA 50,Strategy Indices,28.57,3.98,0.64
2026-03-25,NIFTY ALPHA 50,Strategy Indices,29.39,4.09,0.62
2026-03-27,NIFTY ALPHA 50,Strategy Indices,28.51,3.97,0.64
2026-03-30,NIFTY ALPHA 50,Strategy Indices,23.91,3.73,0.9
2026-04-01,NIFTY ALPHA 50,Strategy Indices,24.61,3.84,0.88
2026-04-02,NIFTY ALPHA 50,Strategy Indices,24.48,3.82,0.88
2026-04-06,NIFTY ALPHA 50,Strategy Indices,24.93,3.89,0.86
2026-04-07,NIFTY ALPHA 50,Strategy Indices,24.91,3.89,0.86
2026-04-08,NIFTY ALPHA 50,Strategy Indices,26.11,4.08,0.83
2026-04-09,NIFTY ALPHA 50,Strategy Indices,26.21,4.09,0.82
2026-04-10,NIFTY ALPHA 50,Strategy Indices,26.78,4.18,0.8
2026-04-13,NIFTY ALPHA 50,Strategy Indices,26.61,4.15,0.81
2026-04-15,NIFTY ALPHA 50,Strategy Indices,27.05,4.22,0.8
2026-04-16,NIFTY ALPHA 50,Strategy Indices,27.14,4.24,0.79
2026-04-17,NIFTY ALPHA 50,Strategy Indices,27.43,4.28,0.8
2026-04-20,NIFTY ALPHA 50,Strategy Indices,27.39,4.29,0.8
2026-04-21,NIFTY ALPHA 50,Strategy Indices,27.45,4.3,0.8
2026-04-22,NIFTY ALPHA 50,Strategy Indices,27.53,4.31,0.79
2026-04-23,NIFTY ALPHA 50,Strategy Indices,27.38,4.29,0.8
2026-04-24,NIFTY ALPHA 50,Strategy Indices,27.26,4.27,0.8
2026-04-27,NIFTY ALPHA 50,Strategy Indices,27.43,4.3,0.78
2026-04-28,NIFTY ALPHA 50,Strategy Indices,27.02,4.29,0.79
2026-04-29,NIFTY ALPHA 50,Strategy Indices,27.15,4.31,0.78
2026-04-30,NIFTY ALPHA 50,Strategy Indices,27.02,4.29,0.79
2026-03-02,NIFTY ALPHALOWVOL,Strategy Indices,31.88,4.76,0.7
2026-03-04,NIFTY ALPHALOWVOL,Strategy Indices,31.29,4.67,0.71
2026-03-05,NIFTY ALPHALOWVOL,Strategy Indices,31.58,4.71,0.71
2026-03-06,NIFTY ALPHALOWVOL,Strategy Indices,31.23,4.66,0.72
2026-03-09,NIFTY ALPHALOWVOL,Strategy Indices,30.6,4.57,0.73
2026-03-10,NIFTY ALPHALOWVOL,Strategy Indices,31.04,4.63,0.72
2026-03-11,NIFTY ALPHALOWVOL,Strategy Indices,30.48,4.55,0.74
2026-03-12,NIFTY ALPHALOWVOL,Strategy Indices,30.08,4.49,0.75
2026-03-13,NIFTY ALPHALOWVOL,Strategy Indices,29.53,4.41,0.76
2026-03-16,NIFTY ALPHALOWVOL,Strategy Indices,29.77,4.44,0.76
2026-03-17,NIFTY ALPHALOWVOL,Strategy Indices,29.97,4.47,0.75
2026-03-18,NIFTY ALPHALOWVOL,Strategy Indices,30.21,4.51,0.74
2026-03-19,NIFTY ALPHALOWVOL,Strategy Indices,29.33,4.38,0.77
2026-03-20,NIFTY ALPHALOWVOL,Strategy Indices,29.48,4.4,0.76
2026-03-23,NIFTY ALPHALOWVOL,Strategy Indices,28.6,4.27,0.79
2026-03-24,NIFTY ALPHALOWVOL,Strategy Indices,29.11,4.34,0.77
2026-03-25,NIFTY ALPHALOWVOL,Strategy Indices,29.72,4.44,0.76
2026-03-27,NIFTY ALPHALOWVOL,Strategy Indices,29.15,4.35,0.76
2026-03-30,NIFTY ALPHALOWVOL,Strategy Indices,28.47,4.25,0.79
2026-04-01,NIFTY ALPHALOWVOL,Strategy Indices,28.71,4.28,0.79
2026-04-02,NIFTY ALPHALOWVOL,Strategy Indices,28.61,4.27,0.79
2026-04-06,NIFTY ALPHALOWVOL,Strategy Indices,28.99,4.32,0.78
2026-04-07,NIFTY ALPHALOWVOL,Strategy Indices,29.07,4.33,0.78
2026-04-08,NIFTY ALPHALOWVOL,Strategy Indices,30.12,4.49,0.75
2026-04-09,NIFTY ALPHALOWVOL,Strategy Indices,29.97,4.47,0.75
2026-04-10,NIFTY ALPHALOWVOL,Strategy Indices,30.47,4.54,0.74
2026-04-13,NIFTY ALPHALOWVOL,Strategy Indices,30.17,4.5,0.75
2026-04-15,NIFTY ALPHALOWVOL,Strategy Indices,30.59,4.56,0.74
2026-04-16,NIFTY ALPHALOWVOL,Strategy Indices,30.48,4.54,0.74
2026-04-17,NIFTY ALPHALOWVOL,Strategy Indices,30.75,4.59,0.73
2026-04-20,NIFTY ALPHALOWVOL,Strategy Indices,30.82,4.6,0.73
2026-04-21,NIFTY ALPHALOWVOL,Strategy Indices,30.9,4.63,0.73
2026-04-22,NIFTY ALPHALOWVOL,Strategy Indices,30.79,4.61,0.73
2026-04-23,NIFTY ALPHALOWVOL,Strategy Indices,30.56,4.58,0.73
2026-04-24,NIFTY ALPHALOWVOL,Strategy Indices,30.33,4.54,0.74
2026-04-27,NIFTY ALPHALOWVOL,Strategy Indices,30.62,4.59,0.73
2026-04-28,NIFTY ALPHALOWVOL,Strategy Indices,30.43,4.56,0.74
2026-04-29,NIFTY ALPHALOWVOL,Strategy Indices,30.57,4.58,0.73
2026-04-30,NIFTY ALPHALOWVOL,Strategy Indices,30.4,4.56,0.74
2026-03-02,NIFTY AQL 30,Strategy Indices,32.86,7.74,1.48
2026-03-04,NIFTY AQL 30,Strategy Indices,32.26,7.6,1.51
2026-03-05,NIFTY AQL 30,Strategy Indices,32.6,7.68,1.49
2026-03-06,NIFTY AQL 30,Strategy Indices,32.42,7.64,1.51
2026-03-09,NIFTY AQL 30,Strategy Indices,31.8,7.5,1.54
2026-03-10,NIFTY AQL 30,Strategy Indices,32.33,7.62,1.52
2026-03-11,NIFTY AQL 30,Strategy Indices,31.8,7.5,1.54
2026-03-12,NIFTY AQL 30,Strategy Indices,31.42,7.41,1.56
2026-03-13,NIFTY AQL 30,Strategy Indices,30.88,7.28,1.59
2026-03-16,NIFTY AQL 30,Strategy Indices,30.93,7.29,1.58
2026-03-17,NIFTY AQL 30,Strategy Indices,31.04,7.32,1.58
2026-03-18,NIFTY AQL 30,Strategy Indices,31.3,7.38,1.56
2026-03-19,NIFTY AQL 30,Strategy Indices,30.38,7.16,1.61
2026-03-20,NIFTY AQL 30,Strategy Indices,30.66,7.23,1.6
2026-03-23,NIFTY AQL 30,Strategy Indices,29.83,7.03,1.64
2026-03-24,NIFTY AQL 30,Strategy Indices,30.36,7.16,1.61
2026-03-25,NIFTY AQL 30,Strategy Indices,30.88,7.28,1.59
2026-03-27,NIFTY AQL 30,Strategy Indices,30.26,7.13,1.62
2026-03-30,NIFTY AQL 30,Strategy Indices,29.65,6.99,1.65
2026-04-01,NIFTY AQL 30,Strategy Indices,30.02,7.08,1.63
2026-04-02,NIFTY AQL 30,Strategy Indices,30.0,7.07,1.63
2026-04-06,NIFTY AQL 30,Strategy Indices,30.3,7.14,1.61
2026-04-07,NIFTY AQL 30,Strategy Indices,30.41,7.17,1.6
2026-04-08,NIFTY AQL 30,Strategy Indices,31.21,7.36,1.56
2026-04-09,NIFTY AQL 30,Strategy Indices,31.29,7.38,1.56
2026-04-10,NIFTY AQL 30,Strategy Indices,31.75,7.48,1.53
2026-04-13,NIFTY AQL 30,Strategy Indices,31.29,7.39,1.56
2026-04-15,NIFTY AQL 30,Strategy Indices,31.7,7.48,1.54
2026-04-16,NIFTY AQL 30,Strategy Indices,31.71,7.49,1.53
2026-04-17,NIFTY AQL 30,Strategy Indices,32.25,7.61,1.51
2026-04-20,NIFTY AQL 30,Strategy Indices,32.32,7.63,1.51
2026-04-21,NIFTY AQL 30,Strategy Indices,32.54,7.69,1.49
2026-04-22,NIFTY AQL 30,Strategy Indices,32.53,7.69,1.49
2026-04-23,NIFTY AQL 30,Strategy Indices,32.46,7.69,1.49
2026-04-24,NIFTY AQL 30,Strategy Indices,32.25,7.64,1.5
2026-04-27,NIFTY AQL 30,Strategy Indices,32.44,7.68,1.5
2026-04-28,NIFTY AQL 30,Strategy Indices,32.09,7.65,1.5
2026-04-29,NIFTY AQL 30,Strategy Indices,32.29,7.7,1.49
2026-04-30,NIFTY AQL 30,Strategy Indices,32.11,7.65,1.5
2026-03-02,NIFTY AQLV 30,Strategy Indices,22.31,4.63,1.89
2026-03-04,NIFTY AQLV 30,Strategy Indices,21.97,4.56,1.91
2026-03-05,NIFTY AQLV 30,Strategy Indices,22.19,4.61,1.89
2026-03-06,NIFTY AQLV 30,Strategy Indices,22.03,4.57,1.92
2026-03-09,NIFTY AQLV 30,Strategy Indices,21.62,4.49,1.96
2026-03-10,NIFTY AQLV 30,Strategy Indices,21.9,4.54,1.94
2026-03-11,NIFTY AQLV 30,Strategy Indices,21.58,4.48,1.95
2026-03-12,NIFTY AQLV 30,Strategy Indices,21.41,4.44,1.97
2026-03-13,NIFTY AQLV 30,Strategy Indices,21.05,4.37,2.0
2026-03-16,NIFTY AQLV 30,Strategy Indices,21.08,4.37,2.0
2026-03-17,NIFTY AQLV 30,Strategy Indices,21.14,4.39,1.99
2026-03-18,NIFTY AQLV 30,Strategy Indices,21.3,4.42,1.98
2026-03-19,NIFTY AQLV 30,Strategy Indices,20.7,4.29,2.04
2026-03-20,NIFTY AQLV 30,Strategy Indices,20.87,4.33,2.02
2026-03-23,NIFTY AQLV 30,Strategy Indices,20.32,4.22,2.07
2026-03-24,NIFTY AQLV 30,Strategy Indices,20.64,4.28,2.04
2026-03-25,NIFTY AQLV 30,Strategy Indices,20.92,4.34,2.01
2026-03-27,NIFTY AQLV 30,Strategy Indices,20.59,4.27,2.05
2026-03-30,NIFTY AQLV 30,Strategy Indices,20.23,4.2,2.08
2026-04-01,NIFTY AQLV 30,Strategy Indices,20.48,4.25,2.06
2026-04-02,NIFTY AQLV 30,Strategy Indices,20.51,4.26,2.05
2026-04-06,NIFTY AQLV 30,Strategy Indices,20.7,4.3,2.04
2026-04-07,NIFTY AQLV 30,Strategy Indices,20.83,4.32,2.02
2026-04-08,NIFTY AQLV 30,Strategy Indices,21.36,4.43,1.97
2026-04-09,NIFTY AQLV 30,Strategy Indices,21.35,4.43,1.97
2026-04-10,NIFTY AQLV 30,Strategy Indices,21.56,4.47,1.95
2026-04-13,NIFTY AQLV 30,Strategy Indices,21.25,4.41,1.98
2026-04-15,NIFTY AQLV 30,Strategy Indices,21.59,4.49,1.95
2026-04-16,NIFTY AQLV 30,Strategy Indices,21.56,4.48,1.95
2026-04-17,NIFTY AQLV 30,Strategy Indices,21.84,4.54,1.93
2026-04-20,NIFTY AQLV 30,Strategy Indices,21.84,4.54,1.93
2026-04-21,NIFTY AQLV 30,Strategy Indices,21.98,4.58,1.91
2026-04-22,NIFTY AQLV 30,Strategy Indices,21.81,4.54,1.93
2026-04-23,NIFTY AQLV 30,Strategy Indices,21.74,4.53,1.93
2026-04-24,NIFTY AQLV 30,Strategy Indices,21.49,4.48,1.99
2026-04-27,NIFTY AQLV 30,Strategy Indices,21.66,4.53,1.98
2026-04-28,NIFTY AQLV 30,Strategy Indices,21.49,4.51,1.95
2026-04-29,NIFTY AQLV 30,Strategy Indices,21.65,4.54,1.93
2026-04-30,NIFTY AQLV 30,Strategy Indices,21.61,4.53,1.94
2026-03-02,NIFTY DIV OPPS 50,Strategy Indices,14.35,2.9,2.75
2026-03-04,NIFTY DIV OPPS 50,Strategy Indices,14.08,2.84,2.8
2026-03-05,NIFTY DIV OPPS 50,Strategy Indices,14.2,2.86,2.78
2026-03-06,NIFTY DIV OPPS 50,Strategy Indices,14.07,2.84,2.8
2026-03-09,NIFTY DIV OPPS 50,Strategy Indices,13.81,2.79,2.85
2026-03-10,NIFTY DIV OPPS 50,Strategy Indices,13.95,2.82,2.83
2026-03-11,NIFTY DIV OPPS 50,Strategy Indices,13.82,2.79,2.85
2026-03-12,NIFTY DIV OPPS 50,Strategy Indices,13.81,2.79,2.87
2026-03-13,NIFTY DIV OPPS 50,Strategy Indices,13.53,2.73,2.94
2026-03-16,NIFTY DIV OPPS 50,Strategy Indices,13.52,2.73,2.94
2026-03-17,NIFTY DIV OPPS 50,Strategy Indices,13.53,2.73,2.94
2026-03-18,NIFTY DIV OPPS 50,Strategy Indices,13.65,2.75,2.9
2026-03-19,NIFTY DIV OPPS 50,Strategy Indices,13.26,2.68,2.97
2026-03-20,NIFTY DIV OPPS 50,Strategy Indices,13.4,2.7,2.95
2026-03-23,NIFTY DIV OPPS 50,Strategy Indices,13.08,2.64,3.01
2026-03-24,NIFTY DIV OPPS 50,Strategy Indices,13.23,2.67,2.97
2026-03-25,NIFTY DIV OPPS 50,Strategy Indices,13.42,2.71,2.93
2026-03-27,NIFTY DIV OPPS 50,Strategy Indices,13.21,2.67,3.02
2026-03-30,NIFTY DIV OPPS 50,Strategy Indices,13.51,2.68,3.03
2026-04-01,NIFTY DIV OPPS 50,Strategy Indices,13.76,2.73,2.98
2026-04-02,NIFTY DIV OPPS 50,Strategy Indices,13.81,2.74,2.97
2026-04-06,NIFTY DIV OPPS 50,Strategy Indices,13.97,2.77,2.93
2026-04-07,NIFTY DIV OPPS 50,Strategy Indices,14.12,2.8,2.9
2026-04-08,NIFTY DIV OPPS 50,Strategy Indices,14.47,2.87,2.83
2026-04-09,NIFTY DIV OPPS 50,Strategy Indices,14.46,2.87,2.83
2026-04-10,NIFTY DIV OPPS 50,Strategy Indices,14.53,2.88,2.82
2026-04-13,NIFTY DIV OPPS 50,Strategy Indices,14.38,2.86,2.84
2026-04-15,NIFTY DIV OPPS 50,Strategy Indices,14.65,2.91,2.79
2026-04-16,NIFTY DIV OPPS 50,Strategy Indices,14.69,2.92,2.78
2026-04-17,NIFTY DIV OPPS 50,Strategy Indices,14.85,2.95,2.75
2026-04-20,NIFTY DIV OPPS 50,Strategy Indices,14.88,2.95,2.75
2026-04-21,NIFTY DIV OPPS 50,Strategy Indices,14.95,2.97,2.73
2026-04-22,NIFTY DIV OPPS 50,Strategy Indices,14.81,2.94,2.76
2026-04-23,NIFTY DIV OPPS 50,Strategy Indices,14.65,2.91,2.79
2026-04-24,NIFTY DIV OPPS 50,Strategy Indices,14.41,2.87,2.89
2026-04-27,NIFTY DIV OPPS 50,Strategy Indices,14.51,2.9,2.86
2026-04-28,NIFTY DIV OPPS 50,Strategy Indices,14.35,2.88,2.83
2026-04-29,NIFTY DIV OPPS 50,Strategy Indices,14.44,2.9,2.82
2026-04-30,NIFTY DIV OPPS 50,Strategy Indices,14.41,2.89,2.85
2026-03-02,NIFTY GROWSECT 15,Strategy Indices,29.14,6.73,1.88
2026-03-04,NIFTY GROWSECT 15,Strategy Indices,28.79,6.65,1.9
2026-03-05,NIFTY GROWSECT 15,Strategy Indices,29.06,6.71,1.88
2026-03-06,NIFTY GROWSECT 15,Strategy Indices,28.91,6.68,1.89
2026-03-09,NIFTY GROWSECT 15,Strategy Indices,28.48,6.57,1.92
2026-03-10,NIFTY GROWSECT 15,Strategy Indices,28.77,6.64,1.9
2026-03-11,NIFTY GROWSECT 15,Strategy Indices,28.24,6.52,1.93
2026-03-12,NIFTY GROWSECT 15,Strategy Indices,27.75,6.41,1.97
2026-03-13,NIFTY GROWSECT 15,Strategy Indices,27.27,6.3,2.0
2026-03-16,NIFTY GROWSECT 15,Strategy Indices,27.44,6.33,1.99
2026-03-17,NIFTY GROWSECT 15,Strategy Indices,27.52,6.35,1.99
2026-03-18,NIFTY GROWSECT 15,Strategy Indices,27.86,6.43,1.96
2026-03-19,NIFTY GROWSECT 15,Strategy Indices,26.93,6.22,2.03
2026-03-20,NIFTY GROWSECT 15,Strategy Indices,27.29,6.3,2.0
2026-03-23,NIFTY GROWSECT 15,Strategy Indices,26.76,6.18,2.04
2026-03-24,NIFTY GROWSECT 15,Strategy Indices,27.13,6.26,2.01
2026-03-25,NIFTY GROWSECT 15,Strategy Indices,27.55,6.36,1.98
2026-03-27,NIFTY GROWSECT 15,Strategy Indices,27.2,6.28,2.0
2026-03-30,NIFTY GROWSECT 15,Strategy Indices,28.21,6.67,1.91
2026-04-01,NIFTY GROWSECT 15,Strategy Indices,28.58,6.76,1.88
2026-04-02,NIFTY GROWSECT 15,Strategy Indices,28.71,6.78,1.88
2026-04-06,NIFTY GROWSECT 15,Strategy Indices,28.95,6.84,1.86
2026-04-07,NIFTY GROWSECT 15,Strategy Indices,29.24,6.91,1.84
2026-04-08,NIFTY GROWSECT 15,Strategy Indices,30.02,7.09,1.79
2026-04-09,NIFTY GROWSECT 15,Strategy Indices,29.99,7.09,1.79
2026-04-10,NIFTY GROWSECT 15,Strategy Indices,30.0,7.09,1.79
2026-04-13,NIFTY GROWSECT 15,Strategy Indices,29.33,6.97,1.83
2026-04-15,NIFTY GROWSECT 15,Strategy Indices,29.91,7.11,1.79
2026-04-16,NIFTY GROWSECT 15,Strategy Indices,29.91,7.11,1.79
2026-04-17,NIFTY GROWSECT 15,Strategy Indices,30.09,7.15,1.78
2026-04-20,NIFTY GROWSECT 15,Strategy Indices,30.06,7.14,1.78
2026-04-21,NIFTY GROWSECT 15,Strategy Indices,30.3,7.2,1.77
2026-04-22,NIFTY GROWSECT 15,Strategy Indices,29.89,7.1,1.79
2026-04-23,NIFTY GROWSECT 15,Strategy Indices,29.55,7.04,1.81
2026-04-24,NIFTY GROWSECT 15,Strategy Indices,28.75,6.86,1.85
2026-04-27,NIFTY GROWSECT 15,Strategy Indices,28.92,6.99,1.82
2026-04-28,NIFTY GROWSECT 15,Strategy Indices,28.72,6.94,1.83
2026-04-29,NIFTY GROWSECT 15,Strategy Indices,29.15,7.04,1.81
2026-04-30,NIFTY GROWSECT 15,Strategy Indices,29.07,7.01,1.81
2026-03-02,NIFTY HIGHBETA 50,Strategy Indices,22.32,2.87,1.12
2026-03-04,NIFTY HIGHBETA 50,Strategy Indices,21.75,2.8,1.15
2026-03-05,NIFTY HIGHBETA 50,Strategy Indices,22.22,2.86,1.13
2026-03-06,NIFTY HIGHBETA 50,Strategy Indices,22.02,2.83,1.14
2026-03-09,NIFTY HIGHBETA 50,Strategy Indices,21.56,2.78,1.16
2026-03-10,NIFTY HIGHBETA 50,Strategy Indices,22.06,2.84,1.13
2026-03-11,NIFTY HIGHBETA 50,Strategy Indices,21.8,2.81,1.15
2026-03-12,NIFTY HIGHBETA 50,Strategy Indices,21.89,2.82,1.14
2026-03-13,NIFTY HIGHBETA 50,Strategy Indices,21.26,2.74,1.18
2026-03-16,NIFTY HIGHBETA 50,Strategy Indices,21.21,2.73,1.19
2026-03-17,NIFTY HIGHBETA 50,Strategy Indices,21.51,2.77,1.17
2026-03-18,NIFTY HIGHBETA 50,Strategy Indices,21.93,2.82,1.15
2026-03-19,NIFTY HIGHBETA 50,Strategy Indices,21.16,2.72,1.16
2026-03-20,NIFTY HIGHBETA 50,Strategy Indices,21.22,2.73,1.17
2026-03-23,NIFTY HIGHBETA 50,Strategy Indices,20.17,2.6,1.24
2026-03-24,NIFTY HIGHBETA 50,Strategy Indices,20.62,2.65,1.22
2026-03-25,NIFTY HIGHBETA 50,Strategy Indices,21.23,2.73,1.18
2026-03-27,NIFTY HIGHBETA 50,Strategy Indices,20.69,2.66,1.27
2026-03-30,NIFTY HIGHBETA 50,Strategy Indices,25.77,3.04,1.08
2026-04-01,NIFTY HIGHBETA 50,Strategy Indices,26.85,3.16,1.04
2026-04-02,NIFTY HIGHBETA 50,Strategy Indices,26.87,3.17,1.05
2026-04-06,NIFTY HIGHBETA 50,Strategy Indices,27.49,3.24,1.03
2026-04-07,NIFTY HIGHBETA 50,Strategy Indices,27.58,3.25,1.02
2026-04-08,NIFTY HIGHBETA 50,Strategy Indices,29.12,3.43,0.97
2026-04-09,NIFTY HIGHBETA 50,Strategy Indices,29.17,3.44,0.97
2026-04-10,NIFTY HIGHBETA 50,Strategy Indices,29.65,3.49,0.95
2026-04-13,NIFTY HIGHBETA 50,Strategy Indices,29.64,3.49,0.95
2026-04-15,NIFTY HIGHBETA 50,Strategy Indices,30.46,3.59,0.93
2026-04-16,NIFTY HIGHBETA 50,Strategy Indices,30.92,3.64,0.91
2026-04-17,NIFTY HIGHBETA 50,Strategy Indices,31.43,3.7,0.9
2026-04-20,NIFTY HIGHBETA 50,Strategy Indices,31.23,3.69,0.9
2026-04-21,NIFTY HIGHBETA 50,Strategy Indices,31.26,3.71,0.9
2026-04-22,NIFTY HIGHBETA 50,Strategy Indices,31.7,3.76,0.88
2026-04-23,NIFTY HIGHBETA 50,Strategy Indices,31.39,3.72,0.89
2026-04-24,NIFTY HIGHBETA 50,Strategy Indices,31.09,3.69,0.9
2026-04-27,NIFTY HIGHBETA 50,Strategy Indices,31.72,3.76,0.88
2026-04-28,NIFTY HIGHBETA 50,Strategy Indices,31.59,3.77,0.88
2026-04-29,NIFTY HIGHBETA 50,Strategy Indices,31.63,3.77,0.88
2026-04-30,NIFTY HIGHBETA 50,Strategy Indices,31.8,3.75,0.88
2026-03-02,NIFTY LOW VOL 50,Strategy Indices,30.09,5.0,1.2
2026-03-04,NIFTY LOW VOL 50,Strategy Indices,29.56,4.92,1.22
2026-03-05,NIFTY LOW VOL 50,Strategy Indices,29.83,4.96,1.21
2026-03-06,NIFTY LOW VOL 50,Strategy Indices,29.62,4.93,1.22
2026-03-09,NIFTY LOW VOL 50,Strategy Indices,29.15,4.85,1.23
2026-03-10,NIFTY LOW VOL 50,Strategy Indices,29.53,4.91,1.22
2026-03-11,NIFTY LOW VOL 50,Strategy Indices,29.1,4.84,1.24
2026-03-12,NIFTY LOW VOL 50,Strategy Indices,28.81,4.79,1.25
2026-03-13,NIFTY LOW VOL 50,Strategy Indices,28.26,4.7,1.28
2026-03-16,NIFTY LOW VOL 50,Strategy Indices,28.4,4.72,1.27
2026-03-17,NIFTY LOW VOL 50,Strategy Indices,28.48,4.74,1.27
2026-03-18,NIFTY LOW VOL 50,Strategy Indices,28.72,4.78,1.26
2026-03-19,NIFTY LOW VOL 50,Strategy Indices,27.89,4.64,1.3
2026-03-20,NIFTY LOW VOL 50,Strategy Indices,28.09,4.67,1.29
2026-03-23,NIFTY LOW VOL 50,Strategy Indices,27.39,4.56,1.32
2026-03-24,NIFTY LOW VOL 50,Strategy Indices,27.84,4.63,1.3
2026-03-25,NIFTY LOW VOL 50,Strategy Indices,28.34,4.71,1.28
2026-03-27,NIFTY LOW VOL 50,Strategy Indices,27.88,4.64,1.3
2026-03-30,NIFTY LOW VOL 50,Strategy Indices,27.63,4.57,1.34
2026-04-01,NIFTY LOW VOL 50,Strategy Indices,27.89,4.62,1.33
2026-04-02,NIFTY LOW VOL 50,Strategy Indices,27.88,4.61,1.33
2026-04-06,NIFTY LOW VOL 50,Strategy Indices,28.21,4.67,1.31
2026-04-07,NIFTY LOW VOL 50,Strategy Indices,28.36,4.7,1.3
2026-04-08,NIFTY LOW VOL 50,Strategy Indices,29.1,4.82,1.27
2026-04-09,NIFTY LOW VOL 50,Strategy Indices,29.03,4.81,1.27
2026-04-10,NIFTY LOW VOL 50,Strategy Indices,29.37,4.86,1.26
2026-04-13,NIFTY LOW VOL 50,Strategy Indices,29.08,4.82,1.27
2026-04-15,NIFTY LOW VOL 50,Strategy Indices,29.57,4.9,1.25
2026-04-16,NIFTY LOW VOL 50,Strategy Indices,29.54,4.89,1.25
2026-04-17,NIFTY LOW VOL 50,Strategy Indices,29.88,4.95,1.23
2026-04-20,NIFTY LOW VOL 50,Strategy Indices,29.89,4.95,1.23
2026-04-21,NIFTY LOW VOL 50,Strategy Indices,30.03,4.99,1.22
2026-04-22,NIFTY LOW VOL 50,Strategy Indices,29.9,4.97,1.23
2026-04-23,NIFTY LOW VOL 50,Strategy Indices,29.81,4.95,1.23
2026-04-24,NIFTY LOW VOL 50,Strategy Indices,29.41,4.89,1.28
2026-04-27,NIFTY LOW VOL 50,Strategy Indices,29.62,4.93,1.27
2026-04-28,NIFTY LOW VOL 50,Strategy Indices,29.42,4.9,1.25
2026-04-29,NIFTY LOW VOL 50,Strategy Indices,29.58,4.93,1.24
2026-04-30,NIFTY LOW VOL 50,Strategy Indices,29.38,4.9,1.25
2026-03-02,NIFTYM150MOMNTM50,Strategy Indices,31.74,4.96,0.81
2026-03-04,NIFTYM150MOMNTM50,Strategy Indices,31.0,4.84,0.83
2026-03-05,NIFTYM150MOMNTM50,Strategy Indices,31.56,4.93,0.81
2026-03-06,NIFTYM150MOMNTM50,Strategy Indices,31.26,4.88,0.82
2026-03-09,NIFTYM150MOMNTM50,Strategy Indices,30.61,4.78,0.84
2026-03-10,NIFTYM150MOMNTM50,Strategy Indices,31.15,4.87,0.82
2026-03-11,NIFTYM150MOMNTM50,Strategy Indices,30.61,4.78,0.84
2026-03-12,NIFTYM150MOMNTM50,Strategy Indices,30.47,4.76,0.84
2026-03-13,NIFTYM150MOMNTM50,Strategy Indices,29.62,4.63,0.87
2026-03-16,NIFTYM150MOMNTM50,Strategy Indices,29.6,4.63,0.87
2026-03-17,NIFTYM150MOMNTM50,Strategy Indices,29.98,4.68,0.86
2026-03-18,NIFTYM150MOMNTM50,Strategy Indices,30.55,4.77,0.84
2026-03-19,NIFTYM150MOMNTM50,Strategy Indices,29.52,4.61,0.87
2026-03-20,NIFTYM150MOMNTM50,Strategy Indices,29.69,4.64,0.86
2026-03-23,NIFTYM150MOMNTM50,Strategy Indices,28.47,4.45,0.9
2026-03-24,NIFTYM150MOMNTM50,Strategy Indices,29.29,4.58,0.88
2026-03-25,NIFTYM150MOMNTM50,Strategy Indices,30.03,4.69,0.85
2026-03-27,NIFTYM150MOMNTM50,Strategy Indices,29.31,4.58,0.88
2026-03-30,NIFTYM150MOMNTM50,Strategy Indices,28.45,4.45,0.9
2026-04-01,NIFTYM150MOMNTM50,Strategy Indices,29.14,4.55,0.88
2026-04-02,NIFTYM150MOMNTM50,Strategy Indices,28.99,4.53,0.88
2026-04-06,NIFTYM150MOMNTM50,Strategy Indices,29.54,4.62,0.87
2026-04-07,NIFTYM150MOMNTM50,Strategy Indices,29.48,4.61,0.87
2026-04-08,NIFTYM150MOMNTM50,Strategy Indices,31.03,4.85,0.83
2026-04-09,NIFTYM150MOMNTM50,Strategy Indices,31.1,4.86,0.82
2026-04-10,NIFTYM150MOMNTM50,Strategy Indices,31.76,4.96,0.81
2026-04-13,NIFTYM150MOMNTM50,Strategy Indices,31.4,4.91,0.82
2026-04-15,NIFTYM150MOMNTM50,Strategy Indices,31.93,4.99,0.8
2026-04-16,NIFTYM150MOMNTM50,Strategy Indices,31.91,4.99,0.8
2026-04-17,NIFTYM150MOMNTM50,Strategy Indices,32.28,5.05,0.83
2026-04-20,NIFTYM150MOMNTM50,Strategy Indices,32.27,5.04,0.83
2026-04-21,NIFTYM150MOMNTM50,Strategy Indices,32.44,5.07,0.83
2026-04-22,NIFTYM150MOMNTM50,Strategy Indices,32.42,5.07,0.83
2026-04-23,NIFTYM150MOMNTM50,Strategy Indices,32.25,5.05,0.83
2026-04-24,NIFTYM150MOMNTM50,Strategy Indices,31.99,5.0,0.84
2026-04-27,NIFTYM150MOMNTM50,Strategy Indices,32.25,5.04,0.8
2026-04-28,NIFTYM150MOMNTM50,Strategy Indices,31.76,5.05,0.8
2026-04-29,NIFTYM150MOMNTM50,Strategy Indices,31.71,5.04,0.8
2026-04-30,NIFTYM150MOMNTM50,Strategy Indices,31.41,4.99,0.81
2026-03-02,NIFTY M150 QLTY50,Strategy Indices,31.7,7.58,1.44
2026-03-04,NIFTY M150 QLTY50,Strategy Indices,30.98,7.41,1.47
2026-03-05,NIFTY M150 QLTY50,Strategy Indices,31.26,7.47,1.46
2026-03-06,NIFTY M150 QLTY50,Strategy Indices,31.13,7.45,1.46
2026-03-09,NIFTY M150 QLTY50,Strategy Indices,30.52,7.3,1.49
2026-03-10,NIFTY M150 QLTY50,Strategy Indices,31.02,7.42,1.47
2026-03-11,NIFTY M150 QLTY50,Strategy Indices,30.51,7.3,1.49
2026-03-12,NIFTY M150 QLTY50,Strategy Indices,30.43,7.28,1.5
2026-03-13,NIFTY M150 QLTY50,Strategy Indices,29.71,7.11,1.53
2026-03-16,NIFTY M150 QLTY50,Strategy Indices,29.45,7.05,1.55
2026-03-17,NIFTY M150 QLTY50,Strategy Indices,29.66,7.1,1.54
2026-03-18,NIFTY M150 QLTY50,Strategy Indices,30.22,7.23,1.51
2026-03-19,NIFTY M150 QLTY50,Strategy Indices,29.37,7.03,1.55
2026-03-20,NIFTY M150 QLTY50,Strategy Indices,29.51,7.06,1.54
2026-03-23,NIFTY M150 QLTY50,Strategy Indices,28.48,6.81,1.53
2026-03-24,NIFTY M150 QLTY50,Strategy Indices,29.12,6.97,1.5
2026-03-25,NIFTY M150 QLTY50,Strategy Indices,29.73,7.11,1.47
2026-03-27,NIFTY M150 QLTY50,Strategy Indices,29.11,6.95,1.5
2026-03-30,NIFTY M150 QLTY50,Strategy Indices,28.48,6.8,1.53
2026-04-01,NIFTY M150 QLTY50,Strategy Indices,29.19,6.97,1.49
2026-04-02,NIFTY M150 QLTY50,Strategy Indices,29.14,6.96,1.51
2026-04-06,NIFTY M150 QLTY50,Strategy Indices,29.44,7.03,1.49
2026-04-07,NIFTY M150 QLTY50,Strategy Indices,29.55,7.06,1.49
2026-04-08,NIFTY M150 QLTY50,Strategy Indices,30.49,7.28,1.44
2026-04-09,NIFTY M150 QLTY50,Strategy Indices,30.61,7.3,1.44
2026-04-10,NIFTY M150 QLTY50,Strategy Indices,31.18,7.44,1.41
2026-04-13,NIFTY M150 QLTY50,Strategy Indices,30.83,7.36,1.42
2026-04-15,NIFTY M150 QLTY50,Strategy Indices,31.55,7.53,1.38
2026-04-16,NIFTY M150 QLTY50,Strategy Indices,31.65,7.55,1.38
2026-04-17,NIFTY M150 QLTY50,Strategy Indices,32.27,7.7,1.37
2026-04-20,NIFTY M150 QLTY50,Strategy Indices,32.26,7.69,1.37
2026-04-21,NIFTY M150 QLTY50,Strategy Indices,32.3,7.71,1.37
2026-04-22,NIFTY M150 QLTY50,Strategy Indices,32.11,7.71,1.37
2026-04-23,NIFTY M150 QLTY50,Strategy Indices,31.79,7.65,1.39
2026-04-24,NIFTY M150 QLTY50,Strategy Indices,31.38,7.57,1.4
2026-04-27,NIFTY M150 QLTY50,Strategy Indices,31.75,7.66,1.38
2026-04-28,NIFTY M150 QLTY50,Strategy Indices,31.65,7.66,1.38
2026-04-29,NIFTY M150 QLTY50,Strategy Indices,31.75,7.68,1.36
2026-04-30,NIFTY M150 QLTY50,Strategy Indices,31.51,7.62,1.37
2026-03-02,NIFTYMS400 MQ 100,Strategy Indices,27.69,5.94,1.01
2026-03-04,NIFTYMS400 MQ 100,Strategy Indices,27.07,5.81,1.03
2026-03-05,NIFTYMS400 MQ 100,Strategy Indices,27.56,5.92,1.01
2026-03-06,NIFTYMS400 MQ 100,Strategy Indices,27.49,5.9,1.02
2026-03-09,NIFTYMS400 MQ 100,Strategy Indices,27.02,5.8,1.03
2026-03-10,NIFTYMS400 MQ 100,Strategy Indices,27.55,5.91,1.01
2026-03-11,NIFTYMS400 MQ 100,Strategy Indices,27.16,5.83,1.03
2026-03-12,NIFTYMS400 MQ 100,Strategy Indices,27.1,5.82,1.03
2026-03-13,NIFTYMS400 MQ 100,Strategy Indices,26.42,5.67,1.06
2026-03-16,NIFTYMS400 MQ 100,Strategy Indices,26.36,5.66,1.06
2026-03-17,NIFTYMS400 MQ 100,Strategy Indices,26.7,5.73,1.05
2026-03-18,NIFTYMS400 MQ 100,Strategy Indices,27.14,5.83,1.01
2026-03-19,NIFTYMS400 MQ 100,Strategy Indices,26.32,5.65,1.04
2026-03-20,NIFTYMS400 MQ 100,Strategy Indices,26.4,5.67,1.04
2026-03-23,NIFTYMS400 MQ 100,Strategy Indices,25.39,5.45,1.05
2026-03-24,NIFTYMS400 MQ 100,Strategy Indices,26.08,5.6,1.02
2026-03-25,NIFTYMS400 MQ 100,Strategy Indices,26.74,5.74,0.99
2026-03-27,NIFTYMS400 MQ 100,Strategy Indices,26.2,5.62,1.02
2026-03-30,NIFTYMS400 MQ 100,Strategy Indices,25.54,5.48,1.04
2026-04-01,NIFTYMS400 MQ 100,Strategy Indices,26.35,5.66,1.01
2026-04-02,NIFTYMS400 MQ 100,Strategy Indices,26.28,5.64,1.01
2026-04-06,NIFTYMS400 MQ 100,Strategy Indices,26.74,5.74,0.99
2026-04-07,NIFTYMS400 MQ 100,Strategy Indices,26.73,5.74,0.99
2026-04-08,NIFTYMS400 MQ 100,Strategy Indices,27.84,5.98,0.95
2026-04-09,NIFTYMS400 MQ 100,Strategy Indices,28.04,6.02,0.95
2026-04-10,NIFTYMS400 MQ 100,Strategy Indices,28.52,6.12,0.93
2026-04-13,NIFTYMS400 MQ 100,Strategy Indices,28.33,6.08,0.94
2026-04-15,NIFTYMS400 MQ 100,Strategy Indices,28.92,6.21,0.92
2026-04-16,NIFTYMS400 MQ 100,Strategy Indices,29.05,6.24,0.91
2026-04-17,NIFTYMS400 MQ 100,Strategy Indices,29.56,6.35,0.92
2026-04-20,NIFTYMS400 MQ 100,Strategy Indices,29.37,6.34,0.93
2026-04-21,NIFTYMS400 MQ 100,Strategy Indices,29.42,6.35,0.92
2026-04-22,NIFTYMS400 MQ 100,Strategy Indices,29.38,6.36,0.92
2026-04-23,NIFTYMS400 MQ 100,Strategy Indices,29.23,6.33,0.93
2026-04-24,NIFTYMS400 MQ 100,Strategy Indices,28.97,6.28,0.93
2026-04-27,NIFTYMS400 MQ 100,Strategy Indices,29.31,6.35,0.91
2026-04-28,NIFTYMS400 MQ 100,Strategy Indices,29.18,6.38,0.9
2026-04-29,NIFTYMS400 MQ 100,Strategy Indices,29.22,6.38,0.9
2026-04-30,NIFTYMS400 MQ 100,Strategy Indices,28.94,6.33,0.9
2026-03-02,NIFTY QLTY LV 30,Strategy Indices,27.5,6.05,1.76
2026-03-04,NIFTY QLTY LV 30,Strategy Indices,27.1,5.96,1.78
2026-03-05,NIFTY QLTY LV 30,Strategy Indices,27.33,6.01,1.77
2026-03-06,NIFTY QLTY LV 30,Strategy Indices,27.15,5.98,1.78
2026-03-09,NIFTY QLTY LV 30,Strategy Indices,26.66,5.87,1.81
2026-03-10,NIFTY QLTY LV 30,Strategy Indices,27.07,5.96,1.79
2026-03-11,NIFTY QLTY LV 30,Strategy Indices,26.69,5.87,1.81
2026-03-12,NIFTY QLTY LV 30,Strategy Indices,26.41,5.81,1.83
2026-03-13,NIFTY QLTY LV 30,Strategy Indices,25.97,5.71,1.86
2026-03-16,NIFTY QLTY LV 30,Strategy Indices,26.09,5.74,1.85
2026-03-17,NIFTY QLTY LV 30,Strategy Indices,26.14,5.75,1.85
2026-03-18,NIFTY QLTY LV 30,Strategy Indices,26.31,5.79,1.84
2026-03-19,NIFTY QLTY LV 30,Strategy Indices,25.54,5.62,1.89
2026-03-20,NIFTY QLTY LV 30,Strategy Indices,25.76,5.67,1.88
2026-03-23,NIFTY QLTY LV 30,Strategy Indices,25.11,5.52,1.93
2026-03-24,NIFTY QLTY LV 30,Strategy Indices,25.44,5.6,1.9
2026-03-25,NIFTY QLTY LV 30,Strategy Indices,25.87,5.69,1.87
2026-03-27,NIFTY QLTY LV 30,Strategy Indices,25.39,5.59,1.9
2026-03-30,NIFTY QLTY LV 30,Strategy Indices,24.9,5.48,1.94
2026-04-01,NIFTY QLTY LV 30,Strategy Indices,25.17,5.54,1.92
2026-04-02,NIFTY QLTY LV 30,Strategy Indices,25.22,5.55,1.92
2026-04-06,NIFTY QLTY LV 30,Strategy Indices,25.48,5.61,1.89
2026-04-07,NIFTY QLTY LV 30,Strategy Indices,25.67,5.65,1.87
2026-04-08,NIFTY QLTY LV 30,Strategy Indices,26.24,5.77,1.83
2026-04-09,NIFTY QLTY LV 30,Strategy Indices,26.24,5.77,1.83
2026-04-10,NIFTY QLTY LV 30,Strategy Indices,26.47,5.82,1.82
2026-04-13,NIFTY QLTY LV 30,Strategy Indices,26.09,5.75,1.84
2026-04-15,NIFTY QLTY LV 30,Strategy Indices,26.47,5.83,1.81
2026-04-16,NIFTY QLTY LV 30,Strategy Indices,26.45,5.83,1.82
2026-04-17,NIFTY QLTY LV 30,Strategy Indices,26.84,5.92,1.79
2026-04-20,NIFTY QLTY LV 30,Strategy Indices,26.84,5.92,1.79
2026-04-21,NIFTY QLTY LV 30,Strategy Indices,27.09,5.99,1.77
2026-04-22,NIFTY QLTY LV 30,Strategy Indices,26.96,5.96,1.78
2026-04-23,NIFTY QLTY LV 30,Strategy Indices,26.86,5.95,1.78
2026-04-24,NIFTY QLTY LV 30,Strategy Indices,26.52,5.89,1.84
2026-04-27,NIFTY QLTY LV 30,Strategy Indices,26.69,5.94,1.82
2026-04-28,NIFTY QLTY LV 30,Strategy Indices,26.41,5.92,1.8
2026-04-29,NIFTY QLTY LV 30,Strategy Indices,26.56,5.95,1.79
2026-04-30,NIFTY QLTY LV 30,Strategy Indices,26.46,5.92,1.8
2026-03-02,NIFTYSML250MQ 100,Strategy Indices,26.65,4.53,0.96
2026-03-04,NIFTYSML250MQ 100,Strategy Indices,25.99,4.42,0.99
2026-03-05,NIFTYSML250MQ 100,Strategy Indices,26.41,4.49,0.97
2026-03-06,NIFTYSML250MQ 100,Strategy Indices,26.38,4.48,0.98
2026-03-09,NIFTYSML250MQ 100,Strategy Indices,25.82,4.39,1.0
2026-03-10,NIFTYSML250MQ 100,Strategy Indices,26.43,4.49,0.98
2026-03-11,NIFTYSML250MQ 100,Strategy Indices,26.27,4.47,0.98
2026-03-12,NIFTYSML250MQ 100,Strategy Indices,26.15,4.44,0.99
2026-03-13,NIFTYSML250MQ 100,Strategy Indices,25.39,4.32,1.02
2026-03-16,NIFTYSML250MQ 100,Strategy Indices,25.32,4.3,1.02
2026-03-17,NIFTYSML250MQ 100,Strategy Indices,25.53,4.34,1.01
2026-03-18,NIFTYSML250MQ 100,Strategy Indices,25.98,4.42,0.93
2026-03-19,NIFTYSML250MQ 100,Strategy Indices,25.26,4.29,0.96
2026-03-20,NIFTYSML250MQ 100,Strategy Indices,25.32,4.3,0.95
2026-03-23,NIFTYSML250MQ 100,Strategy Indices,24.36,4.14,0.99
2026-03-24,NIFTYSML250MQ 100,Strategy Indices,24.99,4.25,0.96
2026-03-25,NIFTYSML250MQ 100,Strategy Indices,25.56,4.35,0.94
2026-03-27,NIFTYSML250MQ 100,Strategy Indices,25.01,4.25,0.97
2026-03-30,NIFTYSML250MQ 100,Strategy Indices,24.4,4.15,0.98
2026-04-01,NIFTYSML250MQ 100,Strategy Indices,25.31,4.3,0.95
2026-04-02,NIFTYSML250MQ 100,Strategy Indices,25.3,4.3,0.95
2026-04-06,NIFTYSML250MQ 100,Strategy Indices,25.66,4.36,0.94
2026-04-07,NIFTYSML250MQ 100,Strategy Indices,25.67,4.36,0.94
2026-04-08,NIFTYSML250MQ 100,Strategy Indices,26.67,4.53,0.9
2026-04-09,NIFTYSML250MQ 100,Strategy Indices,26.76,4.55,0.9
2026-04-10,NIFTYSML250MQ 100,Strategy Indices,27.1,4.61,0.89
2026-04-13,NIFTYSML250MQ 100,Strategy Indices,26.97,4.59,0.89
2026-04-15,NIFTYSML250MQ 100,Strategy Indices,27.7,4.71,0.87
2026-04-16,NIFTYSML250MQ 100,Strategy Indices,27.99,4.76,0.86
2026-04-17,NIFTYSML250MQ 100,Strategy Indices,28.51,4.85,0.85
2026-04-20,NIFTYSML250MQ 100,Strategy Indices,28.3,4.83,0.85
2026-04-21,NIFTYSML250MQ 100,Strategy Indices,28.27,4.84,0.85
2026-04-22,NIFTYSML250MQ 100,Strategy Indices,28.42,4.87,0.84
2026-04-23,NIFTYSML250MQ 100,Strategy Indices,28.28,4.84,0.85
2026-04-24,NIFTYSML250MQ 100,Strategy Indices,27.93,4.78,0.86
2026-04-27,NIFTYSML250MQ 100,Strategy Indices,28.43,4.86,0.84
2026-04-28,NIFTYSML250MQ 100,Strategy Indices,28.02,4.87,0.84
2026-04-29,NIFTYSML250MQ 100,Strategy Indices,28.19,4.9,0.84
2026-04-30,NIFTYSML250MQ 100,Strategy Indices,27.88,4.86,0.84
2026-03-02,NIFTY SML250 Q50,Strategy Indices,22.73,4.81,1.81
2026-03-04,NIFTY SML250 Q50,Strategy Indices,22.3,4.72,1.84
2026-03-05,NIFTY SML250 Q50,Strategy Indices,22.55,4.78,1.82
2026-03-06,NIFTY SML250 Q50,Strategy Indices,22.5,4.77,1.84
2026-03-09,NIFTY SML250 Q50,Strategy Indices,22.08,4.68,1.88
2026-03-10,NIFTY SML250 Q50,Strategy Indices,22.55,4.78,1.84
2026-03-11,NIFTY SML250 Q50,Strategy Indices,22.51,4.77,1.84
2026-03-12,NIFTY SML250 Q50,Strategy Indices,22.4,4.74,1.85
2026-03-13,NIFTY SML250 Q50,Strategy Indices,21.83,4.62,1.9
2026-03-16,NIFTY SML250 Q50,Strategy Indices,21.75,4.61,1.9
2026-03-17,NIFTY SML250 Q50,Strategy Indices,21.77,4.61,1.9
2026-03-18,NIFTY SML250 Q50,Strategy Indices,22.17,4.7,1.69
2026-03-19,NIFTY SML250 Q50,Strategy Indices,21.61,4.58,1.73
2026-03-20,NIFTY SML250 Q50,Strategy Indices,21.67,4.59,1.71
2026-03-23,NIFTY SML250 Q50,Strategy Indices,20.91,4.43,1.77
2026-03-24,NIFTY SML250 Q50,Strategy Indices,21.32,4.52,1.74
2026-03-25,NIFTY SML250 Q50,Strategy Indices,21.74,4.61,1.7
2026-03-27,NIFTY SML250 Q50,Strategy Indices,21.31,4.52,1.76
2026-03-30,NIFTY SML250 Q50,Strategy Indices,20.83,4.42,1.78
2026-04-01,NIFTY SML250 Q50,Strategy Indices,21.57,4.58,1.71
2026-04-02,NIFTY SML250 Q50,Strategy Indices,21.63,4.59,1.71
2026-04-06,NIFTY SML250 Q50,Strategy Indices,21.79,4.62,1.69
2026-04-07,NIFTY SML250 Q50,Strategy Indices,21.81,4.63,1.69
2026-04-08,NIFTY SML250 Q50,Strategy Indices,22.61,4.8,1.63
2026-04-09,NIFTY SML250 Q50,Strategy Indices,22.62,4.8,1.63
2026-04-10,NIFTY SML250 Q50,Strategy Indices,22.92,4.86,1.61
2026-04-13,NIFTY SML250 Q50,Strategy Indices,22.87,4.85,1.61
2026-04-15,NIFTY SML250 Q50,Strategy Indices,23.45,4.97,1.57
2026-04-16,NIFTY SML250 Q50,Strategy Indices,23.66,5.02,1.56
2026-04-17,NIFTY SML250 Q50,Strategy Indices,24.09,5.11,1.53
2026-04-20,NIFTY SML250 Q50,Strategy Indices,23.94,5.08,1.54
2026-04-21,NIFTY SML250 Q50,Strategy Indices,23.96,5.11,1.53
2026-04-22,NIFTY SML250 Q50,Strategy Indices,24.15,5.15,1.52
2026-04-23,NIFTY SML250 Q50,Strategy Indices,24.08,5.13,1.52
2026-04-24,NIFTY SML250 Q50,Strategy Indices,23.7,5.05,1.55
2026-04-27,NIFTY SML250 Q50,Strategy Indices,24.15,5.13,1.53
2026-04-28,NIFTY SML250 Q50,Strategy Indices,23.96,5.1,1.54
2026-04-29,NIFTY SML250 Q50,Strategy Indices,23.92,5.09,1.54
2026-04-30,NIFTY SML250 Q50,Strategy Indices,23.68,5.04,1.55
2026-03-02,NIFTY TOP 10 EW,Strategy Indices,19.92,3.38,1.36
2026-03-04,NIFTY TOP 10 EW,Strategy Indices,19.7,3.35,1.37
2026-03-05,NIFTY TOP 10 EW,Strategy Indices,19.86,3.37,1.36
2026-03-06,NIFTY TOP 10 EW,Strategy Indices,19.56,3.32,1.38
2026-03-09,NIFTY TOP 10 EW,Strategy Indices,19.29,3.28,1.4
2026-03-10,NIFTY TOP 10 EW,Strategy Indices,19.4,3.3,1.4
2026-03-11,NIFTY TOP 10 EW,Strategy Indices,19.04,3.23,1.42
2026-03-12,NIFTY TOP 10 EW,Strategy Indices,18.79,3.19,1.44
2026-03-13,NIFTY TOP 10 EW,Strategy Indices,18.4,3.13,1.47
2026-03-16,NIFTY TOP 10 EW,Strategy Indices,18.59,3.16,1.46
2026-03-17,NIFTY TOP 10 EW,Strategy Indices,18.7,3.18,1.45
2026-03-18,NIFTY TOP 10 EW,Strategy Indices,18.9,3.21,1.43
2026-03-19,NIFTY TOP 10 EW,Strategy Indices,18.31,3.11,1.48
2026-03-20,NIFTY TOP 10 EW,Strategy Indices,18.39,3.13,1.47
2026-03-23,NIFTY TOP 10 EW,Strategy Indices,18.0,3.06,1.5
2026-03-24,NIFTY TOP 10 EW,Strategy Indices,18.33,3.11,1.48
2026-03-25,NIFTY TOP 10 EW,Strategy Indices,18.58,3.16,1.46
2026-03-27,NIFTY TOP 10 EW,Strategy Indices,18.28,3.11,1.48
2026-03-30,NIFTY TOP 10 EW,Strategy Indices,17.98,3.13,1.63
2026-04-01,NIFTY TOP 10 EW,Strategy Indices,18.27,3.18,1.6
2026-04-02,NIFTY TOP 10 EW,Strategy Indices,18.37,3.2,1.6
2026-04-06,NIFTY TOP 10 EW,Strategy Indices,18.57,3.23,1.58
2026-04-07,NIFTY TOP 10 EW,Strategy Indices,18.77,3.27,1.56
2026-04-08,NIFTY TOP 10 EW,Strategy Indices,19.47,3.39,1.5
2026-04-09,NIFTY TOP 10 EW,Strategy Indices,19.25,3.35,1.52
2026-04-10,NIFTY TOP 10 EW,Strategy Indices,19.37,3.37,1.51
2026-04-13,NIFTY TOP 10 EW,Strategy Indices,19.16,3.35,1.52
2026-04-15,NIFTY TOP 10 EW,Strategy Indices,19.46,3.4,1.5
2026-04-16,NIFTY TOP 10 EW,Strategy Indices,19.45,3.4,1.5
2026-04-17,NIFTY TOP 10 EW,Strategy Indices,19.54,3.41,1.49
2026-04-20,NIFTY TOP 10 EW,Strategy Indices,19.47,3.4,1.5
2026-04-21,NIFTY TOP 10 EW,Strategy Indices,19.56,3.44,1.49
2026-04-22,NIFTY TOP 10 EW,Strategy Indices,19.29,3.39,1.51
2026-04-23,NIFTY TOP 10 EW,Strategy Indices,19.13,3.36,1.52
2026-04-24,NIFTY TOP 10 EW,Strategy Indices,18.79,3.3,1.55
2026-04-27,NIFTY TOP 10 EW,Strategy Indices,18.8,3.32,1.54
2026-04-28,NIFTY TOP 10 EW,Strategy Indices,18.76,3.31,1.54
2026-04-29,NIFTY TOP 10 EW,Strategy Indices,18.99,3.35,1.52
2026-04-30,NIFTY TOP 10 EW,Strategy Indices,18.89,3.33,1.53
2026-03-02,NIFTY TOP 15 EW,Strategy Indices,21.11,3.66,1.27
2026-03-04,NIFTY TOP 15 EW,Strategy Indices,20.8,3.61,1.29
2026-03-05,NIFTY TOP 15 EW,Strategy Indices,20.98,3.64,1.28
2026-03-06,NIFTY TOP 15 EW,Strategy Indices,20.67,3.58,1.3
2026-03-09,NIFTY TOP 15 EW,Strategy Indices,20.25,3.51,1.32
2026-03-10,NIFTY TOP 15 EW,Strategy Indices,20.42,3.54,1.31
2026-03-11,NIFTY TOP 15 EW,Strategy Indices,19.97,3.46,1.34
2026-03-12,NIFTY TOP 15 EW,Strategy Indices,19.63,3.4,1.36
2026-03-13,NIFTY TOP 15 EW,Strategy Indices,19.23,3.33,1.39
2026-03-16,NIFTY TOP 15 EW,Strategy Indices,19.49,3.38,1.37
2026-03-17,NIFTY TOP 15 EW,Strategy Indices,19.6,3.4,1.37
2026-03-18,NIFTY TOP 15 EW,Strategy Indices,19.78,3.43,1.35
2026-03-19,NIFTY TOP 15 EW,Strategy Indices,19.13,3.32,1.4
2026-03-20,NIFTY TOP 15 EW,Strategy Indices,19.21,3.33,1.39
2026-03-23,NIFTY TOP 15 EW,Strategy Indices,18.79,3.26,1.43
2026-03-24,NIFTY TOP 15 EW,Strategy Indices,19.13,3.32,1.4
2026-03-25,NIFTY TOP 15 EW,Strategy Indices,19.49,3.38,1.37
2026-03-27,NIFTY TOP 15 EW,Strategy Indices,19.06,3.31,1.4
2026-03-30,NIFTY TOP 15 EW,Strategy Indices,18.92,3.33,1.51
2026-04-01,NIFTY TOP 15 EW,Strategy Indices,19.25,3.39,1.48
2026-04-02,NIFTY TOP 15 EW,Strategy Indices,19.34,3.41,1.48
2026-04-06,NIFTY TOP 15 EW,Strategy Indices,19.56,3.45,1.46
2026-04-07,NIFTY TOP 15 EW,Strategy Indices,19.73,3.47,1.45
2026-04-08,NIFTY TOP 15 EW,Strategy Indices,20.54,3.62,1.39
2026-04-09,NIFTY TOP 15 EW,Strategy Indices,20.31,3.58,1.41
2026-04-10,NIFTY TOP 15 EW,Strategy Indices,20.53,3.62,1.39
2026-04-13,NIFTY TOP 15 EW,Strategy Indices,20.24,3.57,1.41
2026-04-15,NIFTY TOP 15 EW,Strategy Indices,20.54,3.63,1.39
2026-04-16,NIFTY TOP 15 EW,Strategy Indices,20.49,3.62,1.39
2026-04-17,NIFTY TOP 15 EW,Strategy Indices,20.64,3.64,1.38
2026-04-20,NIFTY TOP 15 EW,Strategy Indices,20.64,3.64,1.38
2026-04-21,NIFTY TOP 15 EW,Strategy Indices,20.8,3.69,1.36
2026-04-22,NIFTY TOP 15 EW,Strategy Indices,20.58,3.65,1.38
2026-04-23,NIFTY TOP 15 EW,Strategy Indices,20.36,3.61,1.39
2026-04-24,NIFTY TOP 15 EW,Strategy Indices,20.09,3.56,1.41
2026-04-27,NIFTY TOP 15 EW,Strategy Indices,20.16,3.59,1.4
2026-04-28,NIFTY TOP 15 EW,Strategy Indices,20.04,3.56,1.41
2026-04-29,NIFTY TOP 15 EW,Strategy Indices,20.29,3.61,1.39
2026-04-30,NIFTY TOP 15 EW,Strategy Indices,20.17,3.58,1.4
2026-03-02,NIFTY TOP 20 EW,Strategy Indices,24.69,3.62,1.27
2026-03-04,NIFTY TOP 20 EW,Strategy Indices,24.31,3.56,1.29
2026-03-05,NIFTY TOP 20 EW,Strategy Indices,24.52,3.59,1.28
2026-03-06,NIFTY TOP 20 EW,Strategy Indices,24.2,3.55,1.3
2026-03-09,NIFTY TOP 20 EW,Strategy Indices,23.74,3.48,1.32
2026-03-10,NIFTY TOP 20 EW,Strategy Indices,23.95,3.51,1.31
2026-03-11,NIFTY TOP 20 EW,Strategy Indices,23.48,3.44,1.34
2026-03-12,NIFTY TOP 20 EW,Strategy Indices,23.13,3.39,1.36
2026-03-13,NIFTY TOP 20 EW,Strategy Indices,22.66,3.32,1.39
2026-03-16,NIFTY TOP 20 EW,Strategy Indices,22.91,3.36,1.37
2026-03-17,NIFTY TOP 20 EW,Strategy Indices,23.08,3.38,1.36
2026-03-18,NIFTY TOP 20 EW,Strategy Indices,23.34,3.42,1.35
2026-03-19,NIFTY TOP 20 EW,Strategy Indices,22.55,3.3,1.39
2026-03-20,NIFTY TOP 20 EW,Strategy Indices,22.72,3.33,1.38
2026-03-23,NIFTY TOP 20 EW,Strategy Indices,22.21,3.26,1.41
2026-03-24,NIFTY TOP 20 EW,Strategy Indices,22.61,3.31,1.39
2026-03-25,NIFTY TOP 20 EW,Strategy Indices,23.05,3.38,1.36
2026-03-27,NIFTY TOP 20 EW,Strategy Indices,22.55,3.3,1.39
2026-03-30,NIFTY TOP 20 EW,Strategy Indices,21.13,3.6,1.51
2026-04-01,NIFTY TOP 20 EW,Strategy Indices,21.45,3.66,1.49
2026-04-02,NIFTY TOP 20 EW,Strategy Indices,21.51,3.67,1.48
2026-04-06,NIFTY TOP 20 EW,Strategy Indices,21.76,3.71,1.47
2026-04-07,NIFTY TOP 20 EW,Strategy Indices,21.94,3.74,1.46
2026-04-08,NIFTY TOP 20 EW,Strategy Indices,22.78,3.88,1.4
2026-04-09,NIFTY TOP 20 EW,Strategy Indices,22.56,3.85,1.42
2026-04-10,NIFTY TOP 20 EW,Strategy Indices,22.73,3.87,1.41
2026-04-13,NIFTY TOP 20 EW,Strategy Indices,22.44,3.83,1.42
2026-04-15,NIFTY TOP 20 EW,Strategy Indices,22.83,3.9,1.4
2026-04-16,NIFTY TOP 20 EW,Strategy Indices,22.79,3.89,1.4
2026-04-17,NIFTY TOP 20 EW,Strategy Indices,22.93,3.92,1.39
2026-04-20,NIFTY TOP 20 EW,Strategy Indices,22.93,3.92,1.39
2026-04-21,NIFTY TOP 20 EW,Strategy Indices,23.07,3.95,1.38
2026-04-22,NIFTY TOP 20 EW,Strategy Indices,22.8,3.91,1.39
2026-04-23,NIFTY TOP 20 EW,Strategy Indices,22.59,3.87,1.41
2026-04-24,NIFTY TOP 20 EW,Strategy Indices,22.24,3.81,1.51
2026-04-27,NIFTY TOP 20 EW,Strategy Indices,22.4,3.85,1.5
2026-04-28,NIFTY TOP 20 EW,Strategy Indices,22.26,3.82,1.44
2026-04-29,NIFTY TOP 20 EW,Strategy Indices,22.49,3.86,1.43
2026-04-30,NIFTY TOP 20 EW,Strategy Indices,22.34,3.84,1.44
2026-03-02,NIFTY TMMQ 50,Strategy Indices,31.16,7.55,1.02
2026-03-04,NIFTY TMMQ 50,Strategy Indices,30.47,7.38,1.05
2026-03-05,NIFTY TMMQ 50,Strategy Indices,31.02,7.52,1.03
2026-03-06,NIFTY TMMQ 50,Strategy Indices,30.91,7.49,1.06
2026-03-09,NIFTY TMMQ 50,Strategy Indices,30.33,7.35,1.08
2026-03-10,NIFTY TMMQ 50,Strategy Indices,30.83,7.47,1.06
2026-03-11,NIFTY TMMQ 50,Strategy Indices,30.22,7.32,1.06
2026-03-12,NIFTY TMMQ 50,Strategy Indices,30.03,7.28,1.07
2026-03-13,NIFTY TMMQ 50,Strategy Indices,29.33,7.11,1.09
2026-03-16,NIFTY TMMQ 50,Strategy Indices,29.38,7.12,1.09
2026-03-17,NIFTY TMMQ 50,Strategy Indices,29.82,7.23,1.08
2026-03-18,NIFTY TMMQ 50,Strategy Indices,30.12,7.3,1.07
2026-03-19,NIFTY TMMQ 50,Strategy Indices,29.18,7.07,1.1
2026-03-20,NIFTY TMMQ 50,Strategy Indices,29.2,7.08,1.1
2026-03-23,NIFTY TMMQ 50,Strategy Indices,28.11,6.81,1.14
2026-03-24,NIFTY TMMQ 50,Strategy Indices,28.93,7.01,1.11
2026-03-25,NIFTY TMMQ 50,Strategy Indices,29.62,7.18,1.09
2026-03-27,NIFTY TMMQ 50,Strategy Indices,28.88,7.0,1.11
2026-03-30,NIFTY TMMQ 50,Strategy Indices,28.21,6.84,1.13
2026-04-01,NIFTY TMMQ 50,Strategy Indices,29.1,7.05,1.1
2026-04-02,NIFTY TMMQ 50,Strategy Indices,29.03,7.04,1.1
2026-04-06,NIFTY TMMQ 50,Strategy Indices,29.49,7.15,1.08
2026-04-07,NIFTY TMMQ 50,Strategy Indices,29.49,7.15,1.08
2026-04-08,NIFTY TMMQ 50,Strategy Indices,30.73,7.45,1.04
2026-04-09,NIFTY TMMQ 50,Strategy Indices,30.98,7.51,1.03
2026-04-10,NIFTY TMMQ 50,Strategy Indices,31.63,7.67,1.01
2026-04-13,NIFTY TMMQ 50,Strategy Indices,31.29,7.59,1.02
2026-04-15,NIFTY TMMQ 50,Strategy Indices,31.8,7.71,1.01
2026-04-16,NIFTY TMMQ 50,Strategy Indices,31.88,7.73,1.0
2026-04-17,NIFTY TMMQ 50,Strategy Indices,32.3,7.83,1.02
2026-04-20,NIFTY TMMQ 50,Strategy Indices,32.09,7.83,1.02
2026-04-21,NIFTY TMMQ 50,Strategy Indices,32.16,7.84,1.02
2026-04-22,NIFTY TMMQ 50,Strategy Indices,32.09,7.83,1.02
2026-04-23,NIFTY TMMQ 50,Strategy Indices,31.88,7.79,1.03
2026-04-24,NIFTY TMMQ 50,Strategy Indices,31.65,7.73,1.04
2026-04-27,NIFTY TMMQ 50,Strategy Indices,31.87,7.78,1.0
2026-04-28,NIFTY TMMQ 50,Strategy Indices,31.84,7.79,1.0
2026-04-29,NIFTY TMMQ 50,Strategy Indices,31.95,7.82,1.0
2026-04-30,NIFTY TMMQ 50,Strategy Indices,31.73,7.76,1.0
2026-03-02,NIFTY100 ALPHA 30,Strategy Indices,27.66,5.19,0.75
2026-03-04,NIFTY100 ALPHA 30,Strategy Indices,27.07,5.08,0.76
2026-03-05,NIFTY100 ALPHA 30,Strategy Indices,27.58,5.17,0.75
2026-03-06,NIFTY100 ALPHA 30,Strategy Indices,27.29,5.12,0.79
2026-03-09,NIFTY100 ALPHA 30,Strategy Indices,26.58,4.98,0.81
2026-03-10,NIFTY100 ALPHA 30,Strategy Indices,27.03,5.07,0.8
2026-03-11,NIFTY100 ALPHA 30,Strategy Indices,26.39,4.95,0.79
2026-03-12,NIFTY100 ALPHA 30,Strategy Indices,26.06,4.89,0.8
2026-03-13,NIFTY100 ALPHA 30,Strategy Indices,25.45,4.77,0.82
2026-03-16,NIFTY100 ALPHA 30,Strategy Indices,25.63,4.81,0.81
2026-03-17,NIFTY100 ALPHA 30,Strategy Indices,25.94,4.86,0.8
2026-03-18,NIFTY100 ALPHA 30,Strategy Indices,26.21,4.91,0.8
2026-03-19,NIFTY100 ALPHA 30,Strategy Indices,25.27,4.74,0.83
2026-03-20,NIFTY100 ALPHA 30,Strategy Indices,25.33,4.75,0.82
2026-03-23,NIFTY100 ALPHA 30,Strategy Indices,24.42,4.58,0.85
2026-03-24,NIFTY100 ALPHA 30,Strategy Indices,24.97,4.68,0.84
2026-03-25,NIFTY100 ALPHA 30,Strategy Indices,25.52,4.79,0.82
2026-03-27,NIFTY100 ALPHA 30,Strategy Indices,24.93,4.67,0.82
2026-03-30,NIFTY100 ALPHA 30,Strategy Indices,15.85,3.11,1.79
2026-04-01,NIFTY100 ALPHA 30,Strategy Indices,16.28,3.19,1.74
2026-04-02,NIFTY100 ALPHA 30,Strategy Indices,16.25,3.19,1.75
2026-04-06,NIFTY100 ALPHA 30,Strategy Indices,16.49,3.24,1.72
2026-04-07,NIFTY100 ALPHA 30,Strategy Indices,16.53,3.24,1.72
2026-04-08,NIFTY100 ALPHA 30,Strategy Indices,17.32,3.4,1.64
2026-04-09,NIFTY100 ALPHA 30,Strategy Indices,17.35,3.41,1.64
2026-04-10,NIFTY100 ALPHA 30,Strategy Indices,17.72,3.48,1.6
2026-04-13,NIFTY100 ALPHA 30,Strategy Indices,17.53,3.44,1.62
2026-04-15,NIFTY100 ALPHA 30,Strategy Indices,17.86,3.5,1.59
2026-04-16,NIFTY100 ALPHA 30,Strategy Indices,17.96,3.52,1.58
2026-04-17,NIFTY100 ALPHA 30,Strategy Indices,18.15,3.56,1.58
2026-04-20,NIFTY100 ALPHA 30,Strategy Indices,18.17,3.57,1.58
2026-04-21,NIFTY100 ALPHA 30,Strategy Indices,18.17,3.57,1.58
2026-04-22,NIFTY100 ALPHA 30,Strategy Indices,18.23,3.58,1.57
2026-04-23,NIFTY100 ALPHA 30,Strategy Indices,17.97,3.53,1.59
2026-04-24,NIFTY100 ALPHA 30,Strategy Indices,17.86,3.51,1.6
2026-04-27,NIFTY100 ALPHA 30,Strategy Indices,18.02,3.54,1.57
2026-04-28,NIFTY100 ALPHA 30,Strategy Indices,17.78,3.52,1.59
2026-04-29,NIFTY100 ALPHA 30,Strategy Indices,17.85,3.53,1.58
2026-04-30,NIFTY100 ALPHA 30,Strategy Indices,17.74,3.51,1.63
2026-03-02,NIFTY100 EQL WGT,Strategy Indices,22.3,3.71,1.25
2026-03-04,NIFTY100 EQL WGT,Strategy Indices,21.76,3.62,1.29
2026-03-05,NIFTY100 EQL WGT,Strategy Indices,22.06,3.67,1.27
2026-03-06,NIFTY100 EQL WGT,Strategy Indices,21.92,3.64,1.28
2026-03-09,NIFTY100 EQL WGT,Strategy Indices,21.47,3.57,1.31
2026-03-10,NIFTY100 EQL WGT,Strategy Indices,21.8,3.63,1.29
2026-03-11,NIFTY100 EQL WGT,Strategy Indices,21.53,3.58,1.3
2026-03-12,NIFTY100 EQL WGT,Strategy Indices,21.46,3.57,1.32
2026-03-13,NIFTY100 EQL WGT,Strategy Indices,20.94,3.48,1.36
2026-03-16,NIFTY100 EQL WGT,Strategy Indices,20.96,3.49,1.36
2026-03-17,NIFTY100 EQL WGT,Strategy Indices,21.12,3.51,1.35
2026-03-18,NIFTY100 EQL WGT,Strategy Indices,21.34,3.55,1.33
2026-03-19,NIFTY100 EQL WGT,Strategy Indices,20.67,3.44,1.37
2026-03-20,NIFTY100 EQL WGT,Strategy Indices,20.8,3.46,1.37
2026-03-23,NIFTY100 EQL WGT,Strategy Indices,20.08,3.34,1.42
2026-03-24,NIFTY100 EQL WGT,Strategy Indices,20.4,3.39,1.39
2026-03-25,NIFTY100 EQL WGT,Strategy Indices,20.8,3.46,1.37
2026-03-27,NIFTY100 EQL WGT,Strategy Indices,20.37,3.38,1.41
2026-03-30,NIFTY100 EQL WGT,Strategy Indices,19.83,3.28,1.47
2026-04-01,NIFTY100 EQL WGT,Strategy Indices,20.25,3.35,1.44
2026-04-02,NIFTY100 EQL WGT,Strategy Indices,20.26,3.35,1.44
2026-04-06,NIFTY100 EQL WGT,Strategy Indices,20.57,3.4,1.41
2026-04-07,NIFTY100 EQL WGT,Strategy Indices,20.67,3.42,1.41
2026-04-08,NIFTY100 EQL WGT,Strategy Indices,21.53,3.56,1.35
2026-04-09,NIFTY100 EQL WGT,Strategy Indices,21.51,3.56,1.35
2026-04-10,NIFTY100 EQL WGT,Strategy Indices,21.84,3.62,1.33
2026-04-13,NIFTY100 EQL WGT,Strategy Indices,21.66,3.59,1.34
2026-04-15,NIFTY100 EQL WGT,Strategy Indices,22.12,3.66,1.32
2026-04-16,NIFTY100 EQL WGT,Strategy Indices,22.24,3.68,1.31
2026-04-17,NIFTY100 EQL WGT,Strategy Indices,22.49,3.72,1.3
2026-04-20,NIFTY100 EQL WGT,Strategy Indices,22.51,3.72,1.3
2026-04-21,NIFTY100 EQL WGT,Strategy Indices,22.66,3.75,1.29
2026-04-22,NIFTY100 EQL WGT,Strategy Indices,22.73,3.76,1.29
2026-04-23,NIFTY100 EQL WGT,Strategy Indices,22.55,3.73,1.3
2026-04-24,NIFTY100 EQL WGT,Strategy Indices,22.33,3.7,1.33
2026-04-27,NIFTY100 EQL WGT,Strategy Indices,22.53,3.74,1.3
2026-04-28,NIFTY100 EQL WGT,Strategy Indices,22.34,3.72,1.3
2026-04-29,NIFTY100 EQL WGT,Strategy Indices,22.38,3.73,1.29
2026-04-30,NIFTY100 EQL WGT,Strategy Indices,22.29,3.71,1.33
2026-03-02,NIFTY100 LOWVOL30,Strategy Indices,28.06,5.0,1.27
2026-03-04,NIFTY100 LOWVOL30,Strategy Indices,27.58,4.91,1.29
2026-03-05,NIFTY100 LOWVOL30,Strategy Indices,27.8,4.95,1.28
2026-03-06,NIFTY100 LOWVOL30,Strategy Indices,27.54,4.91,1.3
2026-03-09,NIFTY100 LOWVOL30,Strategy Indices,27.04,4.82,1.32
2026-03-10,NIFTY100 LOWVOL30,Strategy Indices,27.35,4.87,1.3
2026-03-11,NIFTY100 LOWVOL30,Strategy Indices,27.01,4.81,1.32
2026-03-12,NIFTY100 LOWVOL30,Strategy Indices,26.72,4.76,1.33
2026-03-13,NIFTY100 LOWVOL30,Strategy Indices,26.23,4.67,1.36
2026-03-16,NIFTY100 LOWVOL30,Strategy Indices,26.4,4.7,1.35
2026-03-17,NIFTY100 LOWVOL30,Strategy Indices,26.48,4.72,1.35
2026-03-18,NIFTY100 LOWVOL30,Strategy Indices,26.66,4.75,1.34
2026-03-19,NIFTY100 LOWVOL30,Strategy Indices,25.88,4.61,1.38
2026-03-20,NIFTY100 LOWVOL30,Strategy Indices,26.09,4.65,1.37
2026-03-23,NIFTY100 LOWVOL30,Strategy Indices,25.43,4.53,1.4
2026-03-24,NIFTY100 LOWVOL30,Strategy Indices,25.82,4.6,1.38
2026-03-25,NIFTY100 LOWVOL30,Strategy Indices,26.31,4.69,1.36
2026-03-27,NIFTY100 LOWVOL30,Strategy Indices,25.87,4.61,1.38
2026-03-30,NIFTY100 LOWVOL30,Strategy Indices,25.21,4.46,1.45
2026-04-01,NIFTY100 LOWVOL30,Strategy Indices,25.44,4.5,1.44
2026-04-02,NIFTY100 LOWVOL30,Strategy Indices,25.47,4.51,1.44
2026-04-06,NIFTY100 LOWVOL30,Strategy Indices,25.82,4.57,1.42
2026-04-07,NIFTY100 LOWVOL30,Strategy Indices,25.98,4.6,1.41
2026-04-08,NIFTY100 LOWVOL30,Strategy Indices,26.78,4.74,1.37
2026-04-09,NIFTY100 LOWVOL30,Strategy Indices,26.66,4.72,1.37
2026-04-10,NIFTY100 LOWVOL30,Strategy Indices,26.93,4.77,1.36
2026-04-13,NIFTY100 LOWVOL30,Strategy Indices,26.65,4.72,1.37
2026-04-15,NIFTY100 LOWVOL30,Strategy Indices,27.08,4.8,1.35
2026-04-16,NIFTY100 LOWVOL30,Strategy Indices,27.05,4.79,1.35
2026-04-17,NIFTY100 LOWVOL30,Strategy Indices,27.28,4.83,1.34
2026-04-20,NIFTY100 LOWVOL30,Strategy Indices,27.28,4.83,1.34
2026-04-21,NIFTY100 LOWVOL30,Strategy Indices,27.42,4.87,1.33
2026-04-22,NIFTY100 LOWVOL30,Strategy Indices,27.19,4.83,1.34
2026-04-23,NIFTY100 LOWVOL30,Strategy Indices,27.1,4.82,1.34
2026-04-24,NIFTY100 LOWVOL30,Strategy Indices,26.73,4.76,1.41
2026-04-27,NIFTY100 LOWVOL30,Strategy Indices,26.98,4.81,1.39
2026-04-28,NIFTY100 LOWVOL30,Strategy Indices,26.81,4.78,1.37
2026-04-29,NIFTY100 LOWVOL30,Strategy Indices,26.96,4.81,1.36
2026-04-30,NIFTY100 LOWVOL30,Strategy Indices,26.85,4.79,1.37
2026-03-02,NIFTY100 QUALTY30,Strategy Indices,29.9,7.58,1.87
2026-03-04,NIFTY100 QUALTY30,Strategy Indices,29.48,7.47,1.9
2026-03-05,NIFTY100 QUALTY30,Strategy Indices,29.78,7.55,1.88
2026-03-06,NIFTY100 QUALTY30,Strategy Indices,29.81,7.55,1.9
2026-03-09,NIFTY100 QUALTY30,Strategy Indices,29.3,7.42,1.93
2026-03-10,NIFTY100 QUALTY30,Strategy Indices,29.67,7.52,1.91
2026-03-11,NIFTY100 QUALTY30,Strategy Indices,29.34,7.44,1.91
2026-03-12,NIFTY100 QUALTY30,Strategy Indices,29.13,7.38,1.93
2026-03-13,NIFTY100 QUALTY30,Strategy Indices,28.54,7.23,1.97
2026-03-16,NIFTY100 QUALTY30,Strategy Indices,28.54,7.23,1.96
2026-03-17,NIFTY100 QUALTY30,Strategy Indices,28.62,7.22,1.96
2026-03-18,NIFTY100 QUALTY30,Strategy Indices,28.87,7.29,1.94
2026-03-19,NIFTY100 QUALTY30,Strategy Indices,28.0,7.07,2.0
2026-03-20,NIFTY100 QUALTY30,Strategy Indices,28.25,7.13,1.99
2026-03-23,NIFTY100 QUALTY30,Strategy Indices,27.53,6.95,2.04
2026-03-24,NIFTY100 QUALTY30,Strategy Indices,27.9,7.04,2.01
2026-03-25,NIFTY100 QUALTY30,Strategy Indices,28.26,7.13,1.98
2026-03-27,NIFTY100 QUALTY30,Strategy Indices,27.76,7.01,2.02
2026-03-30,NIFTY100 QUALTY30,Strategy Indices,27.28,6.89,2.06
2026-04-01,NIFTY100 QUALTY30,Strategy Indices,27.83,7.02,2.02
2026-04-02,NIFTY100 QUALTY30,Strategy Indices,27.94,7.05,2.01
2026-04-06,NIFTY100 QUALTY30,Strategy Indices,28.23,7.13,1.98
2026-04-07,NIFTY100 QUALTY30,Strategy Indices,28.54,7.2,1.96
2026-04-08,NIFTY100 QUALTY30,Strategy Indices,29.11,7.35,1.92
2026-04-09,NIFTY100 QUALTY30,Strategy Indices,29.27,7.39,1.91
2026-04-10,NIFTY100 QUALTY30,Strategy Indices,29.49,7.44,1.9
2026-04-13,NIFTY100 QUALTY30,Strategy Indices,29.14,7.37,1.91
2026-04-15,NIFTY100 QUALTY30,Strategy Indices,29.65,7.5,1.88
2026-04-16,NIFTY100 QUALTY30,Strategy Indices,29.82,7.54,1.87
2026-04-17,NIFTY100 QUALTY30,Strategy Indices,30.18,7.57,1.85
2026-04-20,NIFTY100 QUALTY30,Strategy Indices,30.14,7.56,1.85
2026-04-21,NIFTY100 QUALTY30,Strategy Indices,30.5,7.65,1.83
2026-04-22,NIFTY100 QUALTY30,Strategy Indices,30.36,7.62,1.84
2026-04-23,NIFTY100 QUALTY30,Strategy Indices,30.2,7.59,1.84
2026-04-24,NIFTY100 QUALTY30,Strategy Indices,29.62,7.47,1.95
2026-04-27,NIFTY100 QUALTY30,Strategy Indices,29.83,7.55,1.93
2026-04-28,NIFTY100 QUALTY30,Strategy Indices,29.25,7.51,1.88
2026-04-29,NIFTY100 QUALTY30,Strategy Indices,29.49,7.58,1.86
2026-04-30,NIFTY100 QUALTY30,Strategy Indices,29.38,7.54,1.94
2026-03-02,NIFTY200 ALPHA 30,Strategy Indices,28.36,4.69,0.67
2026-03-04,NIFTY200 ALPHA 30,Strategy Indices,27.61,4.57,0.69
2026-03-05,NIFTY200 ALPHA 30,Strategy Indices,28.09,4.65,0.67
2026-03-06,NIFTY200 ALPHA 30,Strategy Indices,27.75,4.59,0.7
2026-03-09,NIFTY200 ALPHA 30,Strategy Indices,27.14,4.49,0.71
2026-03-10,NIFTY200 ALPHA 30,Strategy Indices,27.74,4.59,0.7
2026-03-11,NIFTY200 ALPHA 30,Strategy Indices,27.14,4.49,0.71
2026-03-12,NIFTY200 ALPHA 30,Strategy Indices,26.8,4.43,0.72
2026-03-13,NIFTY200 ALPHA 30,Strategy Indices,26.14,4.32,0.73
2026-03-16,NIFTY200 ALPHA 30,Strategy Indices,26.29,4.35,0.73
2026-03-17,NIFTY200 ALPHA 30,Strategy Indices,26.63,4.4,0.72
2026-03-18,NIFTY200 ALPHA 30,Strategy Indices,27.06,4.48,0.71
2026-03-19,NIFTY200 ALPHA 30,Strategy Indices,26.09,4.32,0.73
2026-03-20,NIFTY200 ALPHA 30,Strategy Indices,26.21,4.34,0.73
2026-03-23,NIFTY200 ALPHA 30,Strategy Indices,25.14,4.16,0.76
2026-03-24,NIFTY200 ALPHA 30,Strategy Indices,25.79,4.27,0.74
2026-03-25,NIFTY200 ALPHA 30,Strategy Indices,26.5,4.38,0.72
2026-03-27,NIFTY200 ALPHA 30,Strategy Indices,25.67,4.25,0.74
2026-03-30,NIFTY200 ALPHA 30,Strategy Indices,20.72,3.64,1.12
2026-04-01,NIFTY200 ALPHA 30,Strategy Indices,21.29,3.74,1.09
2026-04-02,NIFTY200 ALPHA 30,Strategy Indices,21.2,3.72,1.09
2026-04-06,NIFTY200 ALPHA 30,Strategy Indices,21.68,3.81,1.07
2026-04-07,NIFTY200 ALPHA 30,Strategy Indices,21.68,3.81,1.07
2026-04-08,NIFTY200 ALPHA 30,Strategy Indices,22.8,4.01,1.02
2026-04-09,NIFTY200 ALPHA 30,Strategy Indices,22.88,4.02,1.01
2026-04-10,NIFTY200 ALPHA 30,Strategy Indices,23.38,4.11,0.99
2026-04-13,NIFTY200 ALPHA 30,Strategy Indices,23.21,4.08,1.0
2026-04-15,NIFTY200 ALPHA 30,Strategy Indices,23.6,4.15,0.98
2026-04-16,NIFTY200 ALPHA 30,Strategy Indices,23.66,4.16,0.98
2026-04-17,NIFTY200 ALPHA 30,Strategy Indices,23.89,4.2,0.99
2026-04-20,NIFTY200 ALPHA 30,Strategy Indices,23.79,4.2,0.99
2026-04-21,NIFTY200 ALPHA 30,Strategy Indices,23.82,4.2,0.99
2026-04-22,NIFTY200 ALPHA 30,Strategy Indices,23.89,4.21,0.99
2026-04-23,NIFTY200 ALPHA 30,Strategy Indices,23.75,4.19,0.99
2026-04-24,NIFTY200 ALPHA 30,Strategy Indices,23.6,4.16,1.0
2026-04-27,NIFTY200 ALPHA 30,Strategy Indices,23.65,4.18,0.98
2026-04-28,NIFTY200 ALPHA 30,Strategy Indices,23.37,4.17,0.98
2026-04-29,NIFTY200 ALPHA 30,Strategy Indices,23.4,4.18,0.98
2026-04-30,NIFTY200 ALPHA 30,Strategy Indices,23.28,4.15,0.99
2026-03-02,NIFTY200MOMENTM30,Strategy Indices,26.37,4.55,0.83
2026-03-04,NIFTY200MOMENTM30,Strategy Indices,25.74,4.44,0.85
2026-03-05,NIFTY200MOMENTM30,Strategy Indices,26.18,4.52,0.83
2026-03-06,NIFTY200MOMENTM30,Strategy Indices,25.8,4.45,0.85
2026-03-09,NIFTY200MOMENTM30,Strategy Indices,25.2,4.35,0.86
2026-03-10,NIFTY200MOMENTM30,Strategy Indices,25.8,4.45,0.84
2026-03-11,NIFTY200MOMENTM30,Strategy Indices,25.22,4.35,0.86
2026-03-12,NIFTY200MOMENTM30,Strategy Indices,24.93,4.3,0.87
2026-03-13,NIFTY200MOMENTM30,Strategy Indices,24.27,4.19,0.9
2026-03-16,NIFTY200MOMENTM30,Strategy Indices,24.46,4.22,0.89
2026-03-17,NIFTY200MOMENTM30,Strategy Indices,24.76,4.27,0.88
2026-03-18,NIFTY200MOMENTM30,Strategy Indices,25.13,4.34,0.87
2026-03-19,NIFTY200MOMENTM30,Strategy Indices,24.2,4.18,0.9
2026-03-20,NIFTY200MOMENTM30,Strategy Indices,24.28,4.19,0.9
2026-03-23,NIFTY200MOMENTM30,Strategy Indices,23.36,4.03,0.93
2026-03-24,NIFTY200MOMENTM30,Strategy Indices,23.94,4.13,0.91
2026-03-25,NIFTY200MOMENTM30,Strategy Indices,24.57,4.24,0.89
2026-03-27,NIFTY200MOMENTM30,Strategy Indices,23.89,4.12,0.9
2026-03-30,NIFTY200MOMENTM30,Strategy Indices,23.21,4.0,0.94
2026-04-01,NIFTY200MOMENTM30,Strategy Indices,23.81,4.1,0.92
2026-04-02,NIFTY200MOMENTM30,Strategy Indices,23.68,4.08,0.92
2026-04-06,NIFTY200MOMENTM30,Strategy Indices,24.2,4.17,0.9
2026-04-07,NIFTY200MOMENTM30,Strategy Indices,24.26,4.18,0.9
2026-04-08,NIFTY200MOMENTM30,Strategy Indices,25.65,4.42,0.85
2026-04-09,NIFTY200MOMENTM30,Strategy Indices,25.58,4.41,0.85
2026-04-10,NIFTY200MOMENTM30,Strategy Indices,26.16,4.51,0.84
2026-04-13,NIFTY200MOMENTM30,Strategy Indices,25.72,4.44,0.85
2026-04-15,NIFTY200MOMENTM30,Strategy Indices,26.18,4.51,0.83
2026-04-16,NIFTY200MOMENTM30,Strategy Indices,26.18,4.51,0.83
2026-04-17,NIFTY200MOMENTM30,Strategy Indices,26.39,4.55,0.86
2026-04-20,NIFTY200MOMENTM30,Strategy Indices,26.46,4.56,0.85
2026-04-21,NIFTY200MOMENTM30,Strategy Indices,26.57,4.58,0.85
2026-04-22,NIFTY200MOMENTM30,Strategy Indices,26.51,4.57,0.85
2026-04-23,NIFTY200MOMENTM30,Strategy Indices,26.17,4.51,0.86
2026-04-24,NIFTY200MOMENTM30,Strategy Indices,26.04,4.49,0.87
2026-04-27,NIFTY200MOMENTM30,Strategy Indices,26.17,4.51,0.84
2026-04-28,NIFTY200MOMENTM30,Strategy Indices,25.74,4.49,0.84
2026-04-29,NIFTY200MOMENTM30,Strategy Indices,25.77,4.5,0.84
2026-04-30,NIFTY200MOMENTM30,Strategy Indices,25.95,4.52,0.84
2026-03-02,NIFTY200 QUALITY 30,Strategy Indices,30.59,9.81,2.0
2026-03-04,NIFTY200 QUALITY 30,Strategy Indices,30.14,9.67,2.03
2026-03-05,NIFTY200 QUALITY 30,Strategy Indices,30.45,9.77,2.01
2026-03-06,NIFTY200 QUALITY 30,Strategy Indices,30.41,9.76,2.04
2026-03-09,NIFTY200 QUALITY 30,Strategy Indices,29.94,9.61,2.07
2026-03-10,NIFTY200 QUALITY 30,Strategy Indices,30.36,9.74,2.04
2026-03-11,NIFTY200 QUALITY 30,Strategy Indices,29.84,9.58,2.06
2026-03-12,NIFTY200 QUALITY 30,Strategy Indices,29.7,9.53,2.07
2026-03-13,NIFTY200 QUALITY 30,Strategy Indices,29.12,9.34,2.11
2026-03-16,NIFTY200 QUALITY 30,Strategy Indices,29.07,9.33,2.11
2026-03-17,NIFTY200 QUALITY 30,Strategy Indices,29.12,9.35,2.11
2026-03-18,NIFTY200 QUALITY 30,Strategy Indices,29.53,9.48,2.08
2026-03-19,NIFTY200 QUALITY 30,Strategy Indices,28.6,9.18,2.15
2026-03-20,NIFTY200 QUALITY 30,Strategy Indices,28.89,9.27,2.12
2026-03-23,NIFTY200 QUALITY 30,Strategy Indices,28.13,9.03,2.18
2026-03-24,NIFTY200 QUALITY 30,Strategy Indices,28.59,9.17,2.15
2026-03-25,NIFTY200 QUALITY 30,Strategy Indices,28.98,9.3,2.12
2026-03-27,NIFTY200 QUALITY 30,Strategy Indices,28.49,9.14,2.15
2026-03-30,NIFTY200 QUALITY 30,Strategy Indices,27.93,8.96,2.2
2026-04-01,NIFTY200 QUALITY 30,Strategy Indices,28.59,9.17,2.15
2026-04-02,NIFTY200 QUALITY 30,Strategy Indices,28.72,9.21,2.14
2026-04-06,NIFTY200 QUALITY 30,Strategy Indices,29.06,9.32,2.11
2026-04-07,NIFTY200 QUALITY 30,Strategy Indices,29.35,9.42,2.09
2026-04-08,NIFTY200 QUALITY 30,Strategy Indices,29.92,9.6,2.05
2026-04-09,NIFTY200 QUALITY 30,Strategy Indices,30.05,9.64,2.04
2026-04-10,NIFTY200 QUALITY 30,Strategy Indices,30.3,9.72,2.03
2026-04-13,NIFTY200 QUALITY 30,Strategy Indices,29.89,9.61,2.05
2026-04-15,NIFTY200 QUALITY 30,Strategy Indices,30.49,9.8,2.01
2026-04-16,NIFTY200 QUALITY 30,Strategy Indices,30.65,9.85,2.0
2026-04-17,NIFTY200 QUALITY 30,Strategy Indices,31.18,10.02,1.96
2026-04-20,NIFTY200 QUALITY 30,Strategy Indices,31.13,10.01,1.96
2026-04-21,NIFTY200 QUALITY 30,Strategy Indices,31.37,10.09,1.95
2026-04-22,NIFTY200 QUALITY 30,Strategy Indices,31.14,10.01,1.96
2026-04-23,NIFTY200 QUALITY 30,Strategy Indices,30.82,9.95,1.98
2026-04-24,NIFTY200 QUALITY 30,Strategy Indices,30.35,9.83,2.08
2026-04-27,NIFTY200 QUALITY 30,Strategy Indices,30.48,9.91,2.06
2026-04-28,NIFTY200 QUALITY 30,Strategy Indices,30.0,9.9,2.01
2026-04-29,NIFTY200 QUALITY 30,Strategy Indices,30.2,9.97,1.99
2026-04-30,NIFTY200 QUALITY 30,Strategy Indices,30.06,9.92,2.06
2026-03-02,NIFTY200 VALUE 30,Strategy Indices,10.32,1.6,2.5
2026-03-04,NIFTY200 VALUE 30,Strategy Indices,9.99,1.55,2.59
2026-03-05,NIFTY200 VALUE 30,Strategy Indices,10.16,1.57,2.54
2026-03-06,NIFTY200 VALUE 30,Strategy Indices,10.06,1.56,2.57
2026-03-09,NIFTY200 VALUE 30,Strategy Indices,9.75,1.51,2.65
2026-03-10,NIFTY200 VALUE 30,Strategy Indices,9.91,1.53,2.61
2026-03-11,NIFTY200 VALUE 30,Strategy Indices,9.85,1.52,2.63
2026-03-12,NIFTY200 VALUE 30,Strategy Indices,9.89,1.53,2.67
2026-03-13,NIFTY200 VALUE 30,Strategy Indices,9.59,1.48,2.75
2026-03-16,NIFTY200 VALUE 30,Strategy Indices,9.54,1.48,2.77
2026-03-17,NIFTY200 VALUE 30,Strategy Indices,9.64,1.49,2.74
2026-03-18,NIFTY200 VALUE 30,Strategy Indices,9.69,1.5,2.72
2026-03-19,NIFTY200 VALUE 30,Strategy Indices,9.41,1.46,2.76
2026-03-20,NIFTY200 VALUE 30,Strategy Indices,9.5,1.47,2.76
2026-03-23,NIFTY200 VALUE 30,Strategy Indices,9.15,1.42,2.87
2026-03-24,NIFTY200 VALUE 30,Strategy Indices,9.27,1.44,2.84
2026-03-25,NIFTY200 VALUE 30,Strategy Indices,9.45,1.46,2.78
2026-03-27,NIFTY200 VALUE 30,Strategy Indices,9.29,1.44,2.89
2026-03-30,NIFTY200 VALUE 30,Strategy Indices,9.13,1.41,2.94
2026-04-01,NIFTY200 VALUE 30,Strategy Indices,9.31,1.44,2.89
2026-04-02,NIFTY200 VALUE 30,Strategy Indices,9.28,1.44,2.89
2026-04-06,NIFTY200 VALUE 30,Strategy Indices,9.41,1.46,2.86
2026-04-07,NIFTY200 VALUE 30,Strategy Indices,9.46,1.47,2.84
2026-04-08,NIFTY200 VALUE 30,Strategy Indices,9.8,1.52,2.74
2026-04-09,NIFTY200 VALUE 30,Strategy Indices,9.82,1.52,2.74
2026-04-10,NIFTY200 VALUE 30,Strategy Indices,9.91,1.53,2.71
2026-04-13,NIFTY200 VALUE 30,Strategy Indices,9.86,1.53,2.72
2026-04-15,NIFTY200 VALUE 30,Strategy Indices,10.05,1.56,2.67
2026-04-16,NIFTY200 VALUE 30,Strategy Indices,10.09,1.56,2.66
2026-04-17,NIFTY200 VALUE 30,Strategy Indices,10.19,1.58,2.64
2026-04-20,NIFTY200 VALUE 30,Strategy Indices,10.22,1.58,2.63
2026-04-21,NIFTY200 VALUE 30,Strategy Indices,10.25,1.59,2.62
2026-04-22,NIFTY200 VALUE 30,Strategy Indices,10.28,1.59,2.61
2026-04-23,NIFTY200 VALUE 30,Strategy Indices,10.16,1.57,2.64
2026-04-24,NIFTY200 VALUE 30,Strategy Indices,10.13,1.57,2.65
2026-04-27,NIFTY200 VALUE 30,Strategy Indices,10.23,1.58,2.62
2026-04-28,NIFTY200 VALUE 30,Strategy Indices,10.08,1.58,2.62
2026-04-29,NIFTY200 VALUE 30,Strategy Indices,10.07,1.58,2.62
2026-04-30,NIFTY200 VALUE 30,Strategy Indices,9.99,1.57,2.66
2026-03-02,NIFTY50 DIV POINT,Strategy Indices,,,
2026-03-04,NIFTY50 DIV POINT,Strategy Indices,,,
2026-03-05,NIFTY50 DIV POINT,Strategy Indices,,,
2026-03-06,NIFTY50 DIV POINT,Strategy Indices,,,
2026-03-09,NIFTY50 DIV POINT,Strategy Indices,,,
2026-03-10,NIFTY50 DIV POINT,Strategy Indices,,,
2026-03-11,NIFTY50 DIV POINT,Strategy Indices,,,
2026-03-12,NIFTY50 DIV POINT,Strategy Indices,,,
2026-03-13,NIFTY50 DIV POINT,Strategy Indices,,,
2026-03-16,NIFTY50 DIV POINT,Strategy Indices,,,
2026-03-17,NIFTY50 DIV POINT,Strategy Indices,,,
2026-03-18,NIFTY50 DIV POINT,Strategy Indices,,,
2026-03-19,NIFTY50 DIV POINT,Strategy Indices,,,
2026-03-20,NIFTY50 DIV POINT,Strategy Indices,,,
2026-03-23,NIFTY50 DIV POINT,Strategy Indices,,,
2026-03-24,NIFTY50 DIV POINT,Strategy Indices,,,
2026-03-25,NIFTY50 DIV POINT,Strategy Indices,,,
2026-03-27,NIFTY50 DIV POINT,Strategy Indices,,,
2026-03-30,NIFTY50 DIV POINT,Strategy Indices,,,
2026-04-01,NIFTY50 DIV POINT,Strategy Indices,,,
2026-04-02,NIFTY50 DIV POINT,Strategy Indices,,,
2026-04-06,NIFTY50 DIV POINT,Strategy Indices,,,
2026-04-07,NIFTY50 DIV POINT,Strategy Indices,,,
2026-04-08,NIFTY50 DIV POINT,Strategy Indices,,,
2026-04-09,NIFTY50 DIV POINT,Strategy Indices,,,
2026-04-10,NIFTY50 DIV POINT,Strategy Indices,,,
2026-04-13,NIFTY50 DIV POINT,Strategy Indices,,,
2026-04-15,NIFTY50 DIV POINT,Strategy Indices,,,
2026-04-16,NIFTY50 DIV POINT,Strategy Indices,,,
2026-04-17,NIFTY50 DIV POINT,Strategy Indices,,,
2026-04-20,NIFTY50 DIV POINT,Strategy Indices,,,
2026-04-21,NIFTY50 DIV POINT,Strategy Indices,,,
2026-04-22,NIFTY50 DIV POINT,Strategy Indices,,,
2026-04-23,NIFTY50 DIV POINT,Strategy Indices,,,
2026-04-24,NIFTY50 DIV POINT,Strategy Indices,,,
2026-04-27,NIFTY50 DIV POINT,Strategy Indices,,,
2026-04-28,NIFTY50 DIV POINT,Strategy Indices,,,
2026-04-29,NIFTY50 DIV POINT,Strategy Indices,,,
2026-04-30,NIFTY50 DIV POINT,Strategy Indices,,,
2026-03-02,NIFTY50 EQL WGT,Strategy Indices,24.78,3.71,1.32
2026-03-04,NIFTY50 EQL WGT,Strategy Indices,24.26,3.64,1.35
2026-03-05,NIFTY50 EQL WGT,Strategy Indices,24.58,3.68,1.33
2026-03-06,NIFTY50 EQL WGT,Strategy Indices,24.33,3.65,1.36
2026-03-09,NIFTY50 EQL WGT,Strategy Indices,23.86,3.57,1.38
2026-03-10,NIFTY50 EQL WGT,Strategy Indices,24.16,3.62,1.36
2026-03-11,NIFTY50 EQL WGT,Strategy Indices,23.82,3.57,1.37
2026-03-12,NIFTY50 EQL WGT,Strategy Indices,23.64,3.54,1.38
2026-03-13,NIFTY50 EQL WGT,Strategy Indices,23.11,3.46,1.42
2026-03-16,NIFTY50 EQL WGT,Strategy Indices,23.26,3.49,1.41
2026-03-17,NIFTY50 EQL WGT,Strategy Indices,23.44,3.51,1.4
2026-03-18,NIFTY50 EQL WGT,Strategy Indices,23.65,3.54,1.38
2026-03-19,NIFTY50 EQL WGT,Strategy Indices,22.92,3.43,1.43
2026-03-20,NIFTY50 EQL WGT,Strategy Indices,23.1,3.46,1.42
2026-03-23,NIFTY50 EQL WGT,Strategy Indices,22.43,3.36,1.46
2026-03-24,NIFTY50 EQL WGT,Strategy Indices,22.81,3.42,1.44
2026-03-25,NIFTY50 EQL WGT,Strategy Indices,23.24,3.48,1.41
2026-03-27,NIFTY50 EQL WGT,Strategy Indices,22.86,3.43,1.43
2026-03-30,NIFTY50 EQL WGT,Strategy Indices,22.93,3.46,1.47
2026-04-01,NIFTY50 EQL WGT,Strategy Indices,23.27,3.51,1.45
2026-04-02,NIFTY50 EQL WGT,Strategy Indices,23.27,3.51,1.45
2026-04-06,NIFTY50 EQL WGT,Strategy Indices,23.61,3.56,1.43
2026-04-07,NIFTY50 EQL WGT,Strategy Indices,23.75,3.58,1.42
2026-04-08,NIFTY50 EQL WGT,Strategy Indices,24.54,3.7,1.37
2026-04-09,NIFTY50 EQL WGT,Strategy Indices,24.46,3.69,1.38
2026-04-10,NIFTY50 EQL WGT,Strategy Indices,24.72,3.73,1.36
2026-04-13,NIFTY50 EQL WGT,Strategy Indices,24.49,3.7,1.37
2026-04-15,NIFTY50 EQL WGT,Strategy Indices,24.96,3.77,1.35
2026-04-16,NIFTY50 EQL WGT,Strategy Indices,25.0,3.77,1.35
2026-04-17,NIFTY50 EQL WGT,Strategy Indices,25.17,3.8,1.34
2026-04-20,NIFTY50 EQL WGT,Strategy Indices,25.19,3.8,1.34
2026-04-21,NIFTY50 EQL WGT,Strategy Indices,25.34,3.83,1.33
2026-04-22,NIFTY50 EQL WGT,Strategy Indices,25.23,3.81,1.33
2026-04-23,NIFTY50 EQL WGT,Strategy Indices,25.1,3.8,1.34
2026-04-24,NIFTY50 EQL WGT,Strategy Indices,24.82,3.76,1.38
2026-04-27,NIFTY50 EQL WGT,Strategy Indices,25.01,3.79,1.37
2026-04-28,NIFTY50 EQL WGT,Strategy Indices,24.82,3.78,1.35
2026-04-29,NIFTY50 EQL WGT,Strategy Indices,24.97,3.8,1.34
2026-04-30,NIFTY50 EQL WGT,Strategy Indices,24.99,3.8,1.34
2026-03-02,NIFTY50 PR 1X INV,Strategy Indices,,,
2026-03-04,NIFTY50 PR 1X INV,Strategy Indices,,,
2026-03-05,NIFTY50 PR 1X INV,Strategy Indices,,,
2026-03-06,NIFTY50 PR 1X INV,Strategy Indices,,,
2026-03-09,NIFTY50 PR 1X INV,Strategy Indices,,,
2026-03-10,NIFTY50 PR 1X INV,Strategy Indices,,,
2026-03-11,NIFTY50 PR 1X INV,Strategy Indices,,,
2026-03-12,NIFTY50 PR 1X INV,Strategy Indices,,,
2026-03-13,NIFTY50 PR 1X INV,Strategy Indices,,,
2026-03-16,NIFTY50 PR 1X INV,Strategy Indices,,,
2026-03-17,NIFTY50 PR 1X INV,Strategy Indices,,,
2026-03-18,NIFTY50 PR 1X INV,Strategy Indices,,,
2026-03-19,NIFTY50 PR 1X INV,Strategy Indices,,,
2026-03-20,NIFTY50 PR 1X INV,Strategy Indices,,,
2026-03-23,NIFTY50 PR 1X INV,Strategy Indices,,,
2026-03-24,NIFTY50 PR 1X INV,Strategy Indices,,,
2026-03-25,NIFTY50 PR 1X INV,Strategy Indices,,,
2026-03-27,NIFTY50 PR 1X INV,Strategy Indices,,,
2026-03-30,NIFTY50 PR 1X INV,Strategy Indices,,,
2026-04-01,NIFTY50 PR 1X INV,Strategy Indices,,,
2026-04-02,NIFTY50 PR 1X INV,Strategy Indices,,,
2026-04-06,NIFTY50 PR 1X INV,Strategy Indices,,,
2026-04-07,NIFTY50 PR 1X INV,Strategy Indices,,,
2026-04-08,NIFTY50 PR 1X INV,Strategy Indices,,,
2026-04-09,NIFTY50 PR 1X INV,Strategy Indices,,,
2026-04-10,NIFTY50 PR 1X INV,Strategy Indices,,,
2026-04-13,NIFTY50 PR 1X INV,Strategy Indices,,,
2026-04-15,NIFTY50 PR 1X INV,Strategy Indices,,,
2026-04-16,NIFTY50 PR 1X INV,Strategy Indices,,,
2026-04-17,NIFTY50 PR 1X INV,Strategy Indices,,,
2026-04-20,NIFTY50 PR 1X INV,Strategy Indices,,,
2026-04-21,NIFTY50 PR 1X INV,Strategy Indices,,,
2026-04-22,NIFTY50 PR 1X INV,Strategy Indices,,,
2026-04-23,NIFTY50 PR 1X INV,Strategy Indices,,,
2026-04-24,NIFTY50 PR 1X INV,Strategy Indices,,,
2026-04-27,NIFTY50 PR 1X INV,Strategy Indices,,,
2026-04-28,NIFTY50 PR 1X INV,Strategy Indices,,,
2026-04-29,NIFTY50 PR 1X INV,Strategy Indices,,,
2026-04-30,NIFTY50 PR 1X INV,Strategy Indices,,,
2026-03-02,NIFTY50 PR 2X LEV,Strategy Indices,,,
2026-03-04,NIFTY50 PR 2X LEV,Strategy Indices,,,
2026-03-05,NIFTY50 PR 2X LEV,Strategy Indices,,,
2026-03-06,NIFTY50 PR 2X LEV,Strategy Indices,,,
2026-03-09,NIFTY50 PR 2X LEV,Strategy Indices,,,
2026-03-10,NIFTY50 PR 2X LEV,Strategy Indices,,,
2026-03-11,NIFTY50 PR 2X LEV,Strategy Indices,,,
2026-03-12,NIFTY50 PR 2X LEV,Strategy Indices,,,
2026-03-13,NIFTY50 PR 2X LEV,Strategy Indices,,,
2026-03-16,NIFTY50 PR 2X LEV,Strategy Indices,,,
2026-03-17,NIFTY50 PR 2X LEV,Strategy Indices,,,
2026-03-18,NIFTY50 PR 2X LEV,Strategy Indices,,,
2026-03-19,NIFTY50 PR 2X LEV,Strategy Indices,,,
2026-03-20,NIFTY50 PR 2X LEV,Strategy Indices,,,
2026-03-23,NIFTY50 PR 2X LEV,Strategy Indices,,,
2026-03-24,NIFTY50 PR 2X LEV,Strategy Indices,,,
2026-03-25,NIFTY50 PR 2X LEV,Strategy Indices,,,
2026-03-27,NIFTY50 PR 2X LEV,Strategy Indices,,,
2026-03-30,NIFTY50 PR 2X LEV,Strategy Indices,,,
2026-04-01,NIFTY50 PR 2X LEV,Strategy Indices,,,
2026-04-02,NIFTY50 PR 2X LEV,Strategy Indices,,,
2026-04-06,NIFTY50 PR 2X LEV,Strategy Indices,,,
2026-04-07,NIFTY50 PR 2X LEV,Strategy Indices,,,
2026-04-08,NIFTY50 PR 2X LEV,Strategy Indices,,,
2026-04-09,NIFTY50 PR 2X LEV,Strategy Indices,,,
2026-04-10,NIFTY50 PR 2X LEV,Strategy Indices,,,
2026-04-13,NIFTY50 PR 2X LEV,Strategy Indices,,,
2026-04-15,NIFTY50 PR 2X LEV,Strategy Indices,,,
2026-04-16,NIFTY50 PR 2X LEV,Strategy Indices,,,
2026-04-17,NIFTY50 PR 2X LEV,Strategy Indices,,,
2026-04-20,NIFTY50 PR 2X LEV,Strategy Indices,,,
2026-04-21,NIFTY50 PR 2X LEV,Strategy Indices,,,
2026-04-22,NIFTY50 PR 2X LEV,Strategy Indices,,,
2026-04-23,NIFTY50 PR 2X LEV,Strategy Indices,,,
2026-04-24,NIFTY50 PR 2X LEV,Strategy Indices,,,
2026-04-27,NIFTY50 PR 2X LEV,Strategy Indices,,,
2026-04-28,NIFTY50 PR 2X LEV,Strategy Indices,,,
2026-04-29,NIFTY50 PR 2X LEV,Strategy Indices,,,
2026-04-30,NIFTY50 PR 2X LEV,Strategy Indices,,,
2026-03-02,NIFTY50 TR 1X INV,Strategy Indices,,,
2026-03-04,NIFTY50 TR 1X INV,Strategy Indices,,,
2026-03-05,NIFTY50 TR 1X INV,Strategy Indices,,,
2026-03-06,NIFTY50 TR 1X INV,Strategy Indices,,,
2026-03-09,NIFTY50 TR 1X INV,Strategy Indices,,,
2026-03-10,NIFTY50 TR 1X INV,Strategy Indices,,,
2026-03-11,NIFTY50 TR 1X INV,Strategy Indices,,,
2026-03-12,NIFTY50 TR 1X INV,Strategy Indices,,,
2026-03-13,NIFTY50 TR 1X INV,Strategy Indices,,,
2026-03-16,NIFTY50 TR 1X INV,Strategy Indices,,,
2026-03-17,NIFTY50 TR 1X INV,Strategy Indices,,,
2026-03-18,NIFTY50 TR 1X INV,Strategy Indices,,,
2026-03-19,NIFTY50 TR 1X INV,Strategy Indices,,,
2026-03-20,NIFTY50 TR 1X INV,Strategy Indices,,,
2026-03-23,NIFTY50 TR 1X INV,Strategy Indices,,,
2026-03-24,NIFTY50 TR 1X INV,Strategy Indices,,,
2026-03-25,NIFTY50 TR 1X INV,Strategy Indices,,,
2026-03-27,NIFTY50 TR 1X INV,Strategy Indices,,,
2026-03-30,NIFTY50 TR 1X INV,Strategy Indices,,,
2026-04-01,NIFTY50 TR 1X INV,Strategy Indices,,,
2026-04-02,NIFTY50 TR 1X INV,Strategy Indices,,,
2026-04-06,NIFTY50 TR 1X INV,Strategy Indices,,,
2026-04-07,NIFTY50 TR 1X INV,Strategy Indices,,,
2026-04-08,NIFTY50 TR 1X INV,Strategy Indices,,,
2026-04-09,NIFTY50 TR 1X INV,Strategy Indices,,,
2026-04-10,NIFTY50 TR 1X INV,Strategy Indices,,,
2026-04-13,NIFTY50 TR 1X INV,Strategy Indices,,,
2026-04-15,NIFTY50 TR 1X INV,Strategy Indices,,,
2026-04-16,NIFTY50 TR 1X INV,Strategy Indices,,,
2026-04-17,NIFTY50 TR 1X INV,Strategy Indices,,,
2026-04-20,NIFTY50 TR 1X INV,Strategy Indices,,,
2026-04-21,NIFTY50 TR 1X INV,Strategy Indices,,,
2026-04-22,NIFTY50 TR 1X INV,Strategy Indices,,,
2026-04-23,NIFTY50 TR 1X INV,Strategy Indices,,,
2026-04-24,NIFTY50 TR 1X INV,Strategy Indices,,,
2026-04-27,NIFTY50 TR 1X INV,Strategy Indices,,,
2026-04-28,NIFTY50 TR 1X INV,Strategy Indices,,,
2026-04-29,NIFTY50 TR 1X INV,Strategy Indices,,,
2026-04-30,NIFTY50 TR 1X INV,Strategy Indices,,,
2026-03-02,NIFTY50 TR 2X LEV,Strategy Indices,,,
2026-03-04,NIFTY50 TR 2X LEV,Strategy Indices,,,
2026-03-05,NIFTY50 TR 2X LEV,Strategy Indices,,,
2026-03-06,NIFTY50 TR 2X LEV,Strategy Indices,,,
2026-03-09,NIFTY50 TR 2X LEV,Strategy Indices,,,
2026-03-10,NIFTY50 TR 2X LEV,Strategy Indices,,,
2026-03-11,NIFTY50 TR 2X LEV,Strategy Indices,,,
2026-03-12,NIFTY50 TR 2X LEV,Strategy Indices,,,
2026-03-13,NIFTY50 TR 2X LEV,Strategy Indices,,,
2026-03-16,NIFTY50 TR 2X LEV,Strategy Indices,,,
2026-03-17,NIFTY50 TR 2X LEV,Strategy Indices,,,
2026-03-18,NIFTY50 TR 2X LEV,Strategy Indices,,,
2026-03-19,NIFTY50 TR 2X LEV,Strategy Indices,,,
2026-03-20,NIFTY50 TR 2X LEV,Strategy Indices,,,
2026-03-23,NIFTY50 TR 2X LEV,Strategy Indices,,,
2026-03-24,NIFTY50 TR 2X LEV,Strategy Indices,,,
2026-03-25,NIFTY50 TR 2X LEV,Strategy Indices,,,
2026-03-27,NIFTY50 TR 2X LEV,Strategy Indices,,,
2026-03-30,NIFTY50 TR 2X LEV,Strategy Indices,,,
2026-04-01,NIFTY50 TR 2X LEV,Strategy Indices,,,
2026-04-02,NIFTY50 TR 2X LEV,Strategy Indices,,,
2026-04-06,NIFTY50 TR 2X LEV,Strategy Indices,,,
2026-04-07,NIFTY50 TR 2X LEV,Strategy Indices,,,
2026-04-08,NIFTY50 TR 2X LEV,Strategy Indices,,,
2026-04-09,NIFTY50 TR 2X LEV,Strategy Indices,,,
2026-04-10,NIFTY50 TR 2X LEV,Strategy Indices,,,
2026-04-13,NIFTY50 TR 2X LEV,Strategy Indices,,,
2026-04-15,NIFTY50 TR 2X LEV,Strategy Indices,,,
2026-04-16,NIFTY50 TR 2X LEV,Strategy Indices,,,
2026-04-17,NIFTY50 TR 2X LEV,Strategy Indices,,,
2026-04-20,NIFTY50 TR 2X LEV,Strategy Indices,,,
2026-04-21,NIFTY50 TR 2X LEV,Strategy Indices,,,
2026-04-22,NIFTY50 TR 2X LEV,Strategy Indices,,,
2026-04-23,NIFTY50 TR 2X LEV,Strategy Indices,,,
2026-04-24,NIFTY50 TR 2X LEV,Strategy Indices,,,
2026-04-27,NIFTY50 TR 2X LEV,Strategy Indices,,,
2026-04-28,NIFTY50 TR 2X LEV,Strategy Indices,,,
2026-04-29,NIFTY50 TR 2X LEV,Strategy Indices,,,
2026-04-30,NIFTY50 TR 2X LEV,Strategy Indices,,,
2026-03-02,NIFTY50 USD,Strategy Indices,,,
2026-03-04,NIFTY50 USD,Strategy Indices,,,
2026-03-05,NIFTY50 USD,Strategy Indices,,,
2026-03-06,NIFTY50 USD,Strategy Indices,,,
2026-03-09,NIFTY50 USD,Strategy Indices,,,
2026-03-10,NIFTY50 USD,Strategy Indices,,,
2026-03-11,NIFTY50 USD,Strategy Indices,,,
2026-03-12,NIFTY50 USD,Strategy Indices,,,
2026-03-13,NIFTY50 USD,Strategy Indices,,,
2026-03-16,NIFTY50 USD,Strategy Indices,,,
2026-03-17,NIFTY50 USD,Strategy Indices,,,
2026-03-18,NIFTY50 USD,Strategy Indices,,,
2026-03-19,NIFTY50 USD,Strategy Indices,,,
2026-03-20,NIFTY50 USD,Strategy Indices,,,
2026-03-23,NIFTY50 USD,Strategy Indices,,,
2026-03-24,NIFTY50 USD,Strategy Indices,,,
2026-03-25,NIFTY50 USD,Strategy Indices,,,
2026-03-27,NIFTY50 USD,Strategy Indices,,,
2026-03-30,NIFTY50 USD,Strategy Indices,,,
2026-04-01,NIFTY50 USD,Strategy Indices,,,
2026-04-02,NIFTY50 USD,Strategy Indices,,,
2026-04-06,NIFTY50 USD,Strategy Indices,,,
2026-04-07,NIFTY50 USD,Strategy Indices,,,
2026-04-08,NIFTY50 USD,Strategy Indices,,,
2026-04-09,NIFTY50 USD,Strategy Indices,,,
2026-04-10,NIFTY50 USD,Strategy Indices,,,
2026-04-13,NIFTY50 USD,Strategy Indices,,,
2026-04-15,NIFTY50 USD,Strategy Indices,,,
2026-04-16,NIFTY50 USD,Strategy Indices,,,
2026-04-17,NIFTY50 USD,Strategy Indices,,,
2026-04-20,NIFTY50 USD,Strategy Indices,,,
2026-04-21,NIFTY50 USD,Strategy Indices,,,
2026-04-22,NIFTY50 USD,Strategy Indices,,,
2026-04-23,NIFTY50 USD,Strategy Indices,,,
2026-04-24,NIFTY50 USD,Strategy Indices,,,
2026-04-27,NIFTY50 USD,Strategy Indices,,,
2026-04-28,NIFTY50 USD,Strategy Indices,,,
2026-04-29,NIFTY50 USD,Strategy Indices,,,
2026-04-30,NIFTY50 USD,Strategy Indices,,,
2026-03-02,NIFTY50 VALUE 20,Strategy Indices,17.02,2.94,1.91
2026-03-04,NIFTY50 VALUE 20,Strategy Indices,16.85,2.91,1.93
2026-03-05,NIFTY50 VALUE 20,Strategy Indices,16.91,2.93,1.92
2026-03-06,NIFTY50 VALUE 20,Strategy Indices,16.7,2.89,1.95
2026-03-09,NIFTY50 VALUE 20,Strategy Indices,16.37,2.83,1.99
2026-03-10,NIFTY50 VALUE 20,Strategy Indices,16.55,2.86,1.97
2026-03-11,NIFTY50 VALUE 20,Strategy Indices,16.32,2.82,1.99
2026-03-12,NIFTY50 VALUE 20,Strategy Indices,16.18,2.8,2.01
2026-03-13,NIFTY50 VALUE 20,Strategy Indices,15.85,2.74,2.05
2026-03-16,NIFTY50 VALUE 20,Strategy Indices,15.97,2.76,2.04
2026-03-17,NIFTY50 VALUE 20,Strategy Indices,16.01,2.77,2.03
2026-03-18,NIFTY50 VALUE 20,Strategy Indices,16.14,2.79,2.01
2026-03-19,NIFTY50 VALUE 20,Strategy Indices,15.71,2.72,2.07
2026-03-20,NIFTY50 VALUE 20,Strategy Indices,15.83,2.74,2.05
2026-03-23,NIFTY50 VALUE 20,Strategy Indices,15.56,2.69,2.09
2026-03-24,NIFTY50 VALUE 20,Strategy Indices,15.74,2.72,2.07
2026-03-25,NIFTY50 VALUE 20,Strategy Indices,15.91,2.75,2.04
2026-03-27,NIFTY50 VALUE 20,Strategy Indices,15.71,2.72,2.07
2026-03-30,NIFTY50 VALUE 20,Strategy Indices,15.42,2.67,2.12
2026-04-01,NIFTY50 VALUE 20,Strategy Indices,15.62,2.7,2.09
2026-04-02,NIFTY50 VALUE 20,Strategy Indices,15.72,2.72,2.08
2026-04-06,NIFTY50 VALUE 20,Strategy Indices,15.91,2.75,2.05
2026-04-07,NIFTY50 VALUE 20,Strategy Indices,16.1,2.78,2.03
2026-04-08,NIFTY50 VALUE 20,Strategy Indices,16.52,2.86,1.98
2026-04-09,NIFTY50 VALUE 20,Strategy Indices,16.44,2.84,1.99
2026-04-10,NIFTY50 VALUE 20,Strategy Indices,16.55,2.86,1.97
2026-04-13,NIFTY50 VALUE 20,Strategy Indices,16.46,2.85,1.98
2026-04-15,NIFTY50 VALUE 20,Strategy Indices,16.69,2.89,1.95
2026-04-16,NIFTY50 VALUE 20,Strategy Indices,16.7,2.89,1.95
2026-04-17,NIFTY50 VALUE 20,Strategy Indices,16.79,2.91,1.94
2026-04-20,NIFTY50 VALUE 20,Strategy Indices,16.8,2.91,1.94
2026-04-21,NIFTY50 VALUE 20,Strategy Indices,16.88,2.93,1.92
2026-04-22,NIFTY50 VALUE 20,Strategy Indices,16.65,2.89,1.95
2026-04-23,NIFTY50 VALUE 20,Strategy Indices,16.54,2.87,1.96
2026-04-24,NIFTY50 VALUE 20,Strategy Indices,16.25,2.83,2.06
2026-04-27,NIFTY50 VALUE 20,Strategy Indices,16.27,2.84,2.05
2026-04-28,NIFTY50 VALUE 20,Strategy Indices,16.1,2.82,2.02
2026-04-29,NIFTY50 VALUE 20,Strategy Indices,16.19,2.84,2.01
2026-04-30,NIFTY50 VALUE 20,Strategy Indices,16.11,2.82,2.02
2026-03-02,NIFTY500 EW,Strategy Indices,25.02,3.52,0.94
2026-03-04,NIFTY500 EW,Strategy Indices,24.46,3.44,0.96
2026-03-05,NIFTY500 EW,Strategy Indices,24.77,3.48,0.95
2026-03-06,NIFTY500 EW,Strategy Indices,24.68,3.47,0.96
2026-03-09,NIFTY500 EW,Strategy Indices,24.1,3.39,0.98
2026-03-10,NIFTY500 EW,Strategy Indices,24.55,3.45,0.96
2026-03-11,NIFTY500 EW,Strategy Indices,24.42,3.43,0.97
2026-03-12,NIFTY500 EW,Strategy Indices,24.37,3.43,0.97
2026-03-13,NIFTY500 EW,Strategy Indices,23.72,3.33,1.0
2026-03-16,NIFTY500 EW,Strategy Indices,23.63,3.32,1.0
2026-03-17,NIFTY500 EW,Strategy Indices,23.78,3.34,1.0
2026-03-18,NIFTY500 EW,Strategy Indices,24.2,3.4,0.97
2026-03-19,NIFTY500 EW,Strategy Indices,23.52,3.31,0.99
2026-03-20,NIFTY500 EW,Strategy Indices,23.66,3.33,0.99
2026-03-23,NIFTY500 EW,Strategy Indices,22.76,3.2,1.02
2026-03-24,NIFTY500 EW,Strategy Indices,23.25,3.27,1.0
2026-03-25,NIFTY500 EW,Strategy Indices,23.76,3.34,0.98
2026-03-27,NIFTY500 EW,Strategy Indices,23.26,3.27,1.0
2026-03-30,NIFTY500 EW,Strategy Indices,25.45,3.29,0.98
2026-04-01,NIFTY500 EW,Strategy Indices,26.23,3.39,0.95
2026-04-02,NIFTY500 EW,Strategy Indices,26.23,3.39,0.95
2026-04-06,NIFTY500 EW,Strategy Indices,26.54,3.43,0.94
2026-04-07,NIFTY500 EW,Strategy Indices,26.61,3.44,0.94
2026-04-08,NIFTY500 EW,Strategy Indices,27.64,3.58,0.91
2026-04-09,NIFTY500 EW,Strategy Indices,27.68,3.58,0.9
2026-04-10,NIFTY500 EW,Strategy Indices,28.15,3.64,0.89
2026-04-13,NIFTY500 EW,Strategy Indices,28.01,3.62,0.89
2026-04-15,NIFTY500 EW,Strategy Indices,28.67,3.71,0.87
2026-04-16,NIFTY500 EW,Strategy Indices,28.93,3.74,0.86
2026-04-17,NIFTY500 EW,Strategy Indices,29.37,3.79,0.85
2026-04-20,NIFTY500 EW,Strategy Indices,29.29,3.78,0.85
2026-04-21,NIFTY500 EW,Strategy Indices,29.47,3.81,0.85
2026-04-22,NIFTY500 EW,Strategy Indices,29.65,3.83,0.84
2026-04-23,NIFTY500 EW,Strategy Indices,29.48,3.81,0.85
2026-04-24,NIFTY500 EW,Strategy Indices,29.15,3.77,0.86
2026-04-27,NIFTY500 EW,Strategy Indices,29.43,3.83,0.85
2026-04-28,NIFTY500 EW,Strategy Indices,29.09,3.83,0.85
2026-04-29,NIFTY500 EW,Strategy Indices,29.16,3.84,0.84
2026-04-30,NIFTY500 EW,Strategy Indices,29.03,3.83,0.85
2026-03-02,NIFTY500 FLEXICAP,Strategy Indices,30.07,6.55,1.89
2026-03-04,NIFTY500 FLEXICAP,Strategy Indices,29.66,6.46,1.91
2026-03-05,NIFTY500 FLEXICAP,Strategy Indices,29.83,6.5,1.9
2026-03-06,NIFTY500 FLEXICAP,Strategy Indices,29.75,6.48,1.94
2026-03-09,NIFTY500 FLEXICAP,Strategy Indices,29.27,6.38,1.97
2026-03-10,NIFTY500 FLEXICAP,Strategy Indices,29.62,6.46,1.95
2026-03-11,NIFTY500 FLEXICAP,Strategy Indices,29.22,6.37,1.95
2026-03-12,NIFTY500 FLEXICAP,Strategy Indices,28.97,6.31,1.97
2026-03-13,NIFTY500 FLEXICAP,Strategy Indices,28.44,6.2,2.0
2026-03-16,NIFTY500 FLEXICAP,Strategy Indices,28.44,6.2,2.0
2026-03-17,NIFTY500 FLEXICAP,Strategy Indices,28.49,6.21,2.0
2026-03-18,NIFTY500 FLEXICAP,Strategy Indices,28.92,6.3,1.97
2026-03-19,NIFTY500 FLEXICAP,Strategy Indices,28.08,6.12,2.03
2026-03-20,NIFTY500 FLEXICAP,Strategy Indices,28.29,6.17,2.0
2026-03-23,NIFTY500 FLEXICAP,Strategy Indices,27.67,6.03,2.05
2026-03-24,NIFTY500 FLEXICAP,Strategy Indices,28.24,6.15,2.01
2026-03-25,NIFTY500 FLEXICAP,Strategy Indices,28.62,6.24,1.98
2026-03-27,NIFTY500 FLEXICAP,Strategy Indices,28.17,6.14,2.03
2026-03-30,NIFTY500 FLEXICAP,Strategy Indices,26.83,5.81,2.14
2026-04-01,NIFTY500 FLEXICAP,Strategy Indices,27.39,5.93,2.09
2026-04-02,NIFTY500 FLEXICAP,Strategy Indices,27.59,5.98,2.08
2026-04-06,NIFTY500 FLEXICAP,Strategy Indices,27.81,6.02,2.06
2026-04-07,NIFTY500 FLEXICAP,Strategy Indices,28.07,6.08,2.04
2026-04-08,NIFTY500 FLEXICAP,Strategy Indices,28.72,6.22,2.0
2026-04-09,NIFTY500 FLEXICAP,Strategy Indices,28.81,6.24,1.99
2026-04-10,NIFTY500 FLEXICAP,Strategy Indices,28.94,6.27,1.98
2026-04-13,NIFTY500 FLEXICAP,Strategy Indices,28.43,6.18,2.01
2026-04-15,NIFTY500 FLEXICAP,Strategy Indices,29.08,6.32,1.97
2026-04-16,NIFTY500 FLEXICAP,Strategy Indices,29.25,6.35,1.95
2026-04-17,NIFTY500 FLEXICAP,Strategy Indices,29.72,6.46,1.92
2026-04-20,NIFTY500 FLEXICAP,Strategy Indices,29.61,6.43,1.93
2026-04-21,NIFTY500 FLEXICAP,Strategy Indices,29.84,6.5,1.91
2026-04-22,NIFTY500 FLEXICAP,Strategy Indices,29.58,6.45,1.93
2026-04-23,NIFTY500 FLEXICAP,Strategy Indices,29.27,6.4,1.94
2026-04-24,NIFTY500 FLEXICAP,Strategy Indices,28.5,6.25,2.1
2026-04-27,NIFTY500 FLEXICAP,Strategy Indices,28.77,6.31,2.08
2026-04-28,NIFTY500 FLEXICAP,Strategy Indices,28.63,6.28,2.01
2026-04-29,NIFTY500 FLEXICAP,Strategy Indices,28.92,6.34,1.99
2026-04-30,NIFTY500 FLEXICAP,Strategy Indices,28.79,6.3,2.0
2026-03-02,NIFTY500 LOWVOL50,Strategy Indices,24.08,4.53,1.7
2026-03-04,NIFTY500 LOWVOL50,Strategy Indices,23.7,4.46,1.73
2026-03-05,NIFTY500 LOWVOL50,Strategy Indices,23.96,4.51,1.71
2026-03-06,NIFTY500 LOWVOL50,Strategy Indices,23.77,4.47,1.73
2026-03-09,NIFTY500 LOWVOL50,Strategy Indices,23.32,4.39,1.76
2026-03-10,NIFTY500 LOWVOL50,Strategy Indices,23.63,4.45,1.74
2026-03-11,NIFTY500 LOWVOL50,Strategy Indices,23.29,4.38,1.76
2026-03-12,NIFTY500 LOWVOL50,Strategy Indices,23.11,4.35,1.8
2026-03-13,NIFTY500 LOWVOL50,Strategy Indices,22.69,4.27,1.83
2026-03-16,NIFTY500 LOWVOL50,Strategy Indices,22.67,4.26,1.84
2026-03-17,NIFTY500 LOWVOL50,Strategy Indices,22.81,4.29,1.83
2026-03-18,NIFTY500 LOWVOL50,Strategy Indices,23.02,4.33,1.81
2026-03-19,NIFTY500 LOWVOL50,Strategy Indices,22.42,4.22,1.86
2026-03-20,NIFTY500 LOWVOL50,Strategy Indices,22.59,4.25,1.84
2026-03-23,NIFTY500 LOWVOL50,Strategy Indices,22.02,4.14,1.89
2026-03-24,NIFTY500 LOWVOL50,Strategy Indices,22.34,4.2,1.86
2026-03-25,NIFTY500 LOWVOL50,Strategy Indices,22.67,4.26,1.84
2026-03-27,NIFTY500 LOWVOL50,Strategy Indices,22.38,4.21,1.85
2026-03-30,NIFTY500 LOWVOL50,Strategy Indices,22.02,4.14,1.89
2026-04-01,NIFTY500 LOWVOL50,Strategy Indices,22.2,4.17,1.88
2026-04-02,NIFTY500 LOWVOL50,Strategy Indices,22.15,4.16,1.88
2026-04-06,NIFTY500 LOWVOL50,Strategy Indices,22.37,4.21,1.86
2026-04-07,NIFTY500 LOWVOL50,Strategy Indices,22.5,4.23,1.85
2026-04-08,NIFTY500 LOWVOL50,Strategy Indices,23.05,4.33,1.8
2026-04-09,NIFTY500 LOWVOL50,Strategy Indices,23.12,4.35,1.8
2026-04-10,NIFTY500 LOWVOL50,Strategy Indices,23.4,4.4,1.78
2026-04-13,NIFTY500 LOWVOL50,Strategy Indices,23.15,4.36,1.79
2026-04-15,NIFTY500 LOWVOL50,Strategy Indices,23.53,4.43,1.76
2026-04-16,NIFTY500 LOWVOL50,Strategy Indices,23.49,4.42,1.77
2026-04-17,NIFTY500 LOWVOL50,Strategy Indices,23.69,4.46,1.75
2026-04-20,NIFTY500 LOWVOL50,Strategy Indices,23.74,4.47,1.75
2026-04-21,NIFTY500 LOWVOL50,Strategy Indices,23.84,4.49,1.74
2026-04-22,NIFTY500 LOWVOL50,Strategy Indices,23.71,4.46,1.75
2026-04-23,NIFTY500 LOWVOL50,Strategy Indices,23.61,4.45,1.76
2026-04-24,NIFTY500 LOWVOL50,Strategy Indices,23.35,4.4,1.77
2026-04-27,NIFTY500 LOWVOL50,Strategy Indices,23.59,4.45,1.76
2026-04-28,NIFTY500 LOWVOL50,Strategy Indices,23.44,4.45,1.76
2026-04-29,NIFTY500 LOWVOL50,Strategy Indices,23.56,4.47,1.75
2026-04-30,NIFTY500 LOWVOL50,Strategy Indices,23.48,4.46,1.75
2026-03-02,NIFTY500MOMENTM50,Strategy Indices,29.07,4.79,0.72
2026-03-04,NIFTY500MOMENTM50,Strategy Indices,28.4,4.68,0.74
2026-03-05,NIFTY500MOMENTM50,Strategy Indices,28.96,4.77,0.72
2026-03-06,NIFTY500MOMENTM50,Strategy Indices,28.63,4.72,0.73
2026-03-09,NIFTY500MOMENTM50,Strategy Indices,27.99,4.61,0.75
2026-03-10,NIFTY500MOMENTM50,Strategy Indices,28.66,4.72,0.73
2026-03-11,NIFTY500MOMENTM50,Strategy Indices,28.05,4.62,0.75
2026-03-12,NIFTY500MOMENTM50,Strategy Indices,27.69,4.56,0.76
2026-03-13,NIFTY500MOMENTM50,Strategy Indices,26.96,4.44,0.78
2026-03-16,NIFTY500MOMENTM50,Strategy Indices,27.13,4.47,0.77
2026-03-17,NIFTY500MOMENTM50,Strategy Indices,27.53,4.54,0.76
2026-03-18,NIFTY500MOMENTM50,Strategy Indices,27.94,4.6,0.75
2026-03-19,NIFTY500MOMENTM50,Strategy Indices,26.9,4.43,0.78
2026-03-20,NIFTY500MOMENTM50,Strategy Indices,26.96,4.44,0.78
2026-03-23,NIFTY500MOMENTM50,Strategy Indices,25.94,4.27,0.81
2026-03-24,NIFTY500MOMENTM50,Strategy Indices,26.66,4.39,0.79
2026-03-25,NIFTY500MOMENTM50,Strategy Indices,27.41,4.52,0.77
2026-03-27,NIFTY500MOMENTM50,Strategy Indices,26.7,4.4,0.78
2026-03-30,NIFTY500MOMENTM50,Strategy Indices,26.04,4.29,0.81
2026-04-01,NIFTY500MOMENTM50,Strategy Indices,26.75,4.4,0.79
2026-04-02,NIFTY500MOMENTM50,Strategy Indices,26.6,4.38,0.79
2026-04-06,NIFTY500MOMENTM50,Strategy Indices,27.11,4.46,0.78
2026-04-07,NIFTY500MOMENTM50,Strategy Indices,27.11,4.46,0.78
2026-04-08,NIFTY500MOMENTM50,Strategy Indices,28.59,4.71,0.74
2026-04-09,NIFTY500MOMENTM50,Strategy Indices,28.59,4.71,0.74
2026-04-10,NIFTY500MOMENTM50,Strategy Indices,29.21,4.81,0.72
2026-04-13,NIFTY500MOMENTM50,Strategy Indices,28.79,4.74,0.73
2026-04-15,NIFTY500MOMENTM50,Strategy Indices,29.29,4.82,0.72
2026-04-16,NIFTY500MOMENTM50,Strategy Indices,29.29,4.82,0.72
2026-04-17,NIFTY500MOMENTM50,Strategy Indices,29.53,4.86,0.74
2026-04-20,NIFTY500MOMENTM50,Strategy Indices,29.51,4.87,0.73
2026-04-21,NIFTY500MOMENTM50,Strategy Indices,29.66,4.9,0.73
2026-04-22,NIFTY500MOMENTM50,Strategy Indices,29.56,4.88,0.73
2026-04-23,NIFTY500MOMENTM50,Strategy Indices,29.28,4.84,0.74
2026-04-24,NIFTY500MOMENTM50,Strategy Indices,29.18,4.82,0.74
2026-04-27,NIFTY500MOMENTM50,Strategy Indices,29.36,4.85,0.72
2026-04-28,NIFTY500MOMENTM50,Strategy Indices,28.76,4.84,0.72
2026-04-29,NIFTY500MOMENTM50,Strategy Indices,28.91,4.86,0.72
2026-04-30,NIFTY500MOMENTM50,Strategy Indices,29.17,4.9,0.72
2026-03-02,NIFTY MULTI MQ 50,Strategy Indices,32.2,7.75,1.07
2026-03-04,NIFTY MULTI MQ 50,Strategy Indices,31.54,7.59,1.1
2026-03-05,NIFTY MULTI MQ 50,Strategy Indices,32.07,7.72,1.08
2026-03-06,NIFTY MULTI MQ 50,Strategy Indices,31.94,7.69,1.11
2026-03-09,NIFTY MULTI MQ 50,Strategy Indices,31.42,7.56,1.13
2026-03-10,NIFTY MULTI MQ 50,Strategy Indices,32.06,7.72,1.1
2026-03-11,NIFTY MULTI MQ 50,Strategy Indices,31.45,7.57,1.11
2026-03-12,NIFTY MULTI MQ 50,Strategy Indices,31.22,7.51,1.11
2026-03-13,NIFTY MULTI MQ 50,Strategy Indices,30.55,7.35,1.14
2026-03-16,NIFTY MULTI MQ 50,Strategy Indices,30.61,7.37,1.14
2026-03-17,NIFTY MULTI MQ 50,Strategy Indices,31.02,7.47,1.12
2026-03-18,NIFTY MULTI MQ 50,Strategy Indices,31.38,7.55,1.08
2026-03-19,NIFTY MULTI MQ 50,Strategy Indices,30.39,7.32,1.12
2026-03-20,NIFTY MULTI MQ 50,Strategy Indices,30.35,7.31,1.11
2026-03-23,NIFTY MULTI MQ 50,Strategy Indices,29.25,7.04,1.16
2026-03-24,NIFTY MULTI MQ 50,Strategy Indices,30.04,7.23,1.13
2026-03-25,NIFTY MULTI MQ 50,Strategy Indices,30.74,7.4,1.1
2026-03-27,NIFTY MULTI MQ 50,Strategy Indices,30.0,7.22,1.13
2026-03-30,NIFTY MULTI MQ 50,Strategy Indices,29.29,7.05,1.15
2026-04-01,NIFTY MULTI MQ 50,Strategy Indices,30.27,7.29,1.12
2026-04-02,NIFTY MULTI MQ 50,Strategy Indices,30.22,7.27,1.12
2026-04-06,NIFTY MULTI MQ 50,Strategy Indices,30.69,7.39,1.1
2026-04-07,NIFTY MULTI MQ 50,Strategy Indices,30.67,7.38,1.1
2026-04-08,NIFTY MULTI MQ 50,Strategy Indices,31.9,7.68,1.06
2026-04-09,NIFTY MULTI MQ 50,Strategy Indices,32.15,7.74,1.05
2026-04-10,NIFTY MULTI MQ 50,Strategy Indices,32.76,7.88,1.03
2026-04-13,NIFTY MULTI MQ 50,Strategy Indices,32.38,7.8,1.04
2026-04-15,NIFTY MULTI MQ 50,Strategy Indices,33.05,7.96,1.02
2026-04-16,NIFTY MULTI MQ 50,Strategy Indices,33.16,7.99,1.02
2026-04-17,NIFTY MULTI MQ 50,Strategy Indices,33.63,8.1,1.03
2026-04-20,NIFTY MULTI MQ 50,Strategy Indices,33.33,8.08,1.04
2026-04-21,NIFTY MULTI MQ 50,Strategy Indices,33.52,8.14,1.03
2026-04-22,NIFTY MULTI MQ 50,Strategy Indices,33.45,8.12,1.03
2026-04-23,NIFTY MULTI MQ 50,Strategy Indices,33.11,8.06,1.04
2026-04-24,NIFTY MULTI MQ 50,Strategy Indices,32.87,8.0,1.05
2026-04-27,NIFTY MULTI MQ 50,Strategy Indices,33.1,8.06,1.02
2026-04-28,NIFTY MULTI MQ 50,Strategy Indices,33.06,8.07,1.02
2026-04-29,NIFTY MULTI MQ 50,Strategy Indices,33.23,8.12,1.01
2026-04-30,NIFTY MULTI MQ 50,Strategy Indices,32.97,8.05,1.02
2026-03-02,NIFTY500 MQVLV50,Strategy Indices,14.85,2.92,1.95
2026-03-04,NIFTY500 MQVLV50,Strategy Indices,14.54,2.85,1.99
2026-03-05,NIFTY500 MQVLV50,Strategy Indices,14.74,2.89,1.97
2026-03-06,NIFTY500 MQVLV50,Strategy Indices,14.62,2.87,1.98
2026-03-09,NIFTY500 MQVLV50,Strategy Indices,14.24,2.79,2.04
2026-03-10,NIFTY500 MQVLV50,Strategy Indices,14.51,2.85,2.0
2026-03-11,NIFTY500 MQVLV50,Strategy Indices,14.32,2.81,2.03
2026-03-12,NIFTY500 MQVLV50,Strategy Indices,14.27,2.8,2.06
2026-03-13,NIFTY500 MQVLV50,Strategy Indices,13.95,2.74,2.11
2026-03-16,NIFTY500 MQVLV50,Strategy Indices,13.86,2.72,2.13
2026-03-17,NIFTY500 MQVLV50,Strategy Indices,13.96,2.74,2.11
2026-03-18,NIFTY500 MQVLV50,Strategy Indices,14.1,2.77,2.01
2026-03-19,NIFTY500 MQVLV50,Strategy Indices,13.68,2.68,2.05
2026-03-20,NIFTY500 MQVLV50,Strategy Indices,13.77,2.7,2.04
2026-03-23,NIFTY500 MQVLV50,Strategy Indices,13.28,2.61,2.13
2026-03-24,NIFTY500 MQVLV50,Strategy Indices,13.53,2.66,2.09
2026-03-25,NIFTY500 MQVLV50,Strategy Indices,13.8,2.71,2.05
2026-03-27,NIFTY500 MQVLV50,Strategy Indices,13.56,2.66,2.09
2026-03-30,NIFTY500 MQVLV50,Strategy Indices,13.29,2.61,2.12
2026-04-01,NIFTY500 MQVLV50,Strategy Indices,13.55,2.66,2.07
2026-04-02,NIFTY500 MQVLV50,Strategy Indices,13.48,2.65,2.11
2026-04-06,NIFTY500 MQVLV50,Strategy Indices,13.64,2.68,2.08
2026-04-07,NIFTY500 MQVLV50,Strategy Indices,13.63,2.68,2.08
2026-04-08,NIFTY500 MQVLV50,Strategy Indices,14.1,2.77,2.01
2026-04-09,NIFTY500 MQVLV50,Strategy Indices,14.12,2.77,2.01
2026-04-10,NIFTY500 MQVLV50,Strategy Indices,14.33,2.81,1.98
2026-04-13,NIFTY500 MQVLV50,Strategy Indices,14.14,2.78,2.01
2026-04-15,NIFTY500 MQVLV50,Strategy Indices,14.38,2.82,1.97
2026-04-16,NIFTY500 MQVLV50,Strategy Indices,14.37,2.82,1.98
2026-04-17,NIFTY500 MQVLV50,Strategy Indices,14.58,2.86,1.97
2026-04-20,NIFTY500 MQVLV50,Strategy Indices,14.57,2.86,1.97
2026-04-21,NIFTY500 MQVLV50,Strategy Indices,14.65,2.88,1.96
2026-04-22,NIFTY500 MQVLV50,Strategy Indices,14.67,2.88,1.95
2026-04-23,NIFTY500 MQVLV50,Strategy Indices,14.56,2.86,1.97
2026-04-24,NIFTY500 MQVLV50,Strategy Indices,14.45,2.84,1.98
2026-04-27,NIFTY500 MQVLV50,Strategy Indices,14.54,2.86,1.95
2026-04-28,NIFTY500 MQVLV50,Strategy Indices,14.31,2.85,1.96
2026-04-29,NIFTY500 MQVLV50,Strategy Indices,14.33,2.86,1.95
2026-04-30,NIFTY500 MQVLV50,Strategy Indices,14.2,2.83,1.97
2026-03-02,NIFTY500 QLTY50,Strategy Indices,28.78,9.66,1.69
2026-03-04,NIFTY500 QLTY50,Strategy Indices,28.39,9.53,1.72
2026-03-05,NIFTY500 QLTY50,Strategy Indices,28.89,9.7,1.69
2026-03-06,NIFTY500 QLTY50,Strategy Indices,28.93,9.71,1.71
2026-03-09,NIFTY500 QLTY50,Strategy Indices,28.49,9.56,1.73
2026-03-10,NIFTY500 QLTY50,Strategy Indices,29.11,9.77,1.7
2026-03-11,NIFTY500 QLTY50,Strategy Indices,28.71,9.64,1.7
2026-03-12,NIFTY500 QLTY50,Strategy Indices,28.68,9.63,1.7
2026-03-13,NIFTY500 QLTY50,Strategy Indices,28.06,9.42,1.74
2026-03-16,NIFTY500 QLTY50,Strategy Indices,27.91,9.37,1.75
2026-03-17,NIFTY500 QLTY50,Strategy Indices,28.13,9.44,1.74
2026-03-18,NIFTY500 QLTY50,Strategy Indices,28.56,9.59,1.64
2026-03-19,NIFTY500 QLTY50,Strategy Indices,27.79,9.33,1.68
2026-03-20,NIFTY500 QLTY50,Strategy Indices,27.86,9.35,1.67
2026-03-23,NIFTY500 QLTY50,Strategy Indices,26.88,9.02,1.67
2026-03-24,NIFTY500 QLTY50,Strategy Indices,27.39,9.2,1.64
2026-03-25,NIFTY500 QLTY50,Strategy Indices,27.88,9.36,1.61
2026-03-27,NIFTY500 QLTY50,Strategy Indices,27.33,9.17,1.66
2026-03-30,NIFTY500 QLTY50,Strategy Indices,26.74,8.98,1.68
2026-04-01,NIFTY500 QLTY50,Strategy Indices,27.77,9.32,1.62
2026-04-02,NIFTY500 QLTY50,Strategy Indices,27.91,9.37,1.61
2026-04-06,NIFTY500 QLTY50,Strategy Indices,28.28,9.49,1.59
2026-04-07,NIFTY500 QLTY50,Strategy Indices,28.42,9.54,1.58
2026-04-08,NIFTY500 QLTY50,Strategy Indices,29.24,9.82,1.54
2026-04-09,NIFTY500 QLTY50,Strategy Indices,29.5,9.9,1.52
2026-04-10,NIFTY500 QLTY50,Strategy Indices,29.81,10.01,1.51
2026-04-13,NIFTY500 QLTY50,Strategy Indices,29.58,9.96,1.52
2026-04-15,NIFTY500 QLTY50,Strategy Indices,30.27,10.19,1.48
2026-04-16,NIFTY500 QLTY50,Strategy Indices,30.5,10.27,1.47
2026-04-17,NIFTY500 QLTY50,Strategy Indices,31.17,10.39,1.44
2026-04-20,NIFTY500 QLTY50,Strategy Indices,31.05,10.35,1.44
2026-04-21,NIFTY500 QLTY50,Strategy Indices,31.1,10.4,1.44
2026-04-22,NIFTY500 QLTY50,Strategy Indices,31.1,10.4,1.44
2026-04-23,NIFTY500 QLTY50,Strategy Indices,31.04,10.4,1.44
2026-04-24,NIFTY500 QLTY50,Strategy Indices,30.7,10.3,1.45
2026-04-27,NIFTY500 QLTY50,Strategy Indices,30.98,10.39,1.44
2026-04-28,NIFTY500 QLTY50,Strategy Indices,30.78,10.4,1.43
2026-04-29,NIFTY500 QLTY50,Strategy Indices,30.83,10.42,1.43
2026-04-30,NIFTY500 QLTY50,Strategy Indices,30.54,10.33,1.46
2026-03-02,NIFTY500 VALUE 50,Strategy Indices,10.27,1.6,2.39
2026-03-04,NIFTY500 VALUE 50,Strategy Indices,9.97,1.55,2.47
2026-03-05,NIFTY500 VALUE 50,Strategy Indices,10.14,1.57,2.42
2026-03-06,NIFTY500 VALUE 50,Strategy Indices,10.07,1.56,2.44
2026-03-09,NIFTY500 VALUE 50,Strategy Indices,9.77,1.52,2.52
2026-03-10,NIFTY500 VALUE 50,Strategy Indices,9.93,1.54,2.48
2026-03-11,NIFTY500 VALUE 50,Strategy Indices,9.89,1.54,2.48
2026-03-12,NIFTY500 VALUE 50,Strategy Indices,9.94,1.54,2.52
2026-03-13,NIFTY500 VALUE 50,Strategy Indices,9.63,1.5,2.6
2026-03-16,NIFTY500 VALUE 50,Strategy Indices,9.57,1.49,2.62
2026-03-17,NIFTY500 VALUE 50,Strategy Indices,9.67,1.5,2.59
2026-03-18,NIFTY500 VALUE 50,Strategy Indices,9.71,1.51,2.58
2026-03-19,NIFTY500 VALUE 50,Strategy Indices,9.45,1.47,2.62
2026-03-20,NIFTY500 VALUE 50,Strategy Indices,9.52,1.48,2.62
2026-03-23,NIFTY500 VALUE 50,Strategy Indices,9.18,1.43,2.69
2026-03-24,NIFTY500 VALUE 50,Strategy Indices,9.3,1.44,2.66
2026-03-25,NIFTY500 VALUE 50,Strategy Indices,9.47,1.47,2.61
2026-03-27,NIFTY500 VALUE 50,Strategy Indices,9.34,1.45,2.72
2026-03-30,NIFTY500 VALUE 50,Strategy Indices,9.23,1.43,2.75
2026-04-01,NIFTY500 VALUE 50,Strategy Indices,9.41,1.46,2.7
2026-04-02,NIFTY500 VALUE 50,Strategy Indices,9.38,1.46,2.72
2026-04-06,NIFTY500 VALUE 50,Strategy Indices,9.5,1.47,2.68
2026-04-07,NIFTY500 VALUE 50,Strategy Indices,9.54,1.48,2.67
2026-04-08,NIFTY500 VALUE 50,Strategy Indices,9.83,1.53,2.59
2026-04-09,NIFTY500 VALUE 50,Strategy Indices,9.87,1.53,2.58
2026-04-10,NIFTY500 VALUE 50,Strategy Indices,9.96,1.55,2.56
2026-04-13,NIFTY500 VALUE 50,Strategy Indices,9.92,1.54,2.57
2026-04-15,NIFTY500 VALUE 50,Strategy Indices,10.11,1.57,2.52
2026-04-16,NIFTY500 VALUE 50,Strategy Indices,10.15,1.58,2.51
2026-04-17,NIFTY500 VALUE 50,Strategy Indices,10.24,1.59,2.49
2026-04-20,NIFTY500 VALUE 50,Strategy Indices,10.25,1.59,2.49
2026-04-21,NIFTY500 VALUE 50,Strategy Indices,10.28,1.6,2.48
2026-04-22,NIFTY500 VALUE 50,Strategy Indices,10.33,1.6,2.47
2026-04-23,NIFTY500 VALUE 50,Strategy Indices,10.23,1.59,2.49
2026-04-24,NIFTY500 VALUE 50,Strategy Indices,10.2,1.58,2.5
2026-04-27,NIFTY500 VALUE 50,Strategy Indices,10.33,1.61,2.47
2026-04-28,NIFTY500 VALUE 50,Strategy Indices,10.24,1.61,2.46
2026-04-29,NIFTY500 VALUE 50,Strategy Indices,10.26,1.61,2.46
2026-04-30,NIFTY500 VALUE 50,Strategy Indices,10.15,1.59,2.49
2026-03-02,NIFTY CAPITAL MKT,Thematic Indices,42.1,11.25,1.11
2026-03-04,NIFTY CAPITAL MKT,Thematic Indices,41.34,11.04,1.13
2026-03-05,NIFTY CAPITAL MKT,Thematic Indices,42.45,11.34,1.1
2026-03-06,NIFTY CAPITAL MKT,Thematic Indices,42.06,11.24,1.11
2026-03-09,NIFTY CAPITAL MKT,Thematic Indices,41.81,11.17,1.11
2026-03-10,NIFTY CAPITAL MKT,Thematic Indices,42.88,11.46,1.09
2026-03-11,NIFTY CAPITAL MKT,Thematic Indices,42.24,11.28,1.1
2026-03-12,NIFTY CAPITAL MKT,Thematic Indices,41.98,11.22,1.11
2026-03-13,NIFTY CAPITAL MKT,Thematic Indices,41.21,11.01,1.13
2026-03-16,NIFTY CAPITAL MKT,Thematic Indices,41.59,11.11,1.12
2026-03-17,NIFTY CAPITAL MKT,Thematic Indices,42.5,11.35,1.09
2026-03-18,NIFTY CAPITAL MKT,Thematic Indices,43.18,11.54,1.08
2026-03-19,NIFTY CAPITAL MKT,Thematic Indices,41.92,11.2,1.11
2026-03-20,NIFTY CAPITAL MKT,Thematic Indices,41.19,11.0,1.11
2026-03-23,NIFTY CAPITAL MKT,Thematic Indices,39.48,10.55,1.16
2026-03-24,NIFTY CAPITAL MKT,Thematic Indices,40.85,10.91,1.12
2026-03-25,NIFTY CAPITAL MKT,Thematic Indices,41.84,11.18,1.09
2026-03-27,NIFTY CAPITAL MKT,Thematic Indices,40.66,10.86,1.16
2026-03-30,NIFTY CAPITAL MKT,Thematic Indices,39.6,10.86,1.15
2026-04-01,NIFTY CAPITAL MKT,Thematic Indices,41.43,11.36,1.1
2026-04-02,NIFTY CAPITAL MKT,Thematic Indices,41.3,11.33,1.11
2026-04-06,NIFTY CAPITAL MKT,Thematic Indices,42.45,11.64,1.08
2026-04-07,NIFTY CAPITAL MKT,Thematic Indices,42.22,11.58,1.08
2026-04-08,NIFTY CAPITAL MKT,Thematic Indices,44.64,12.25,1.02
2026-04-09,NIFTY CAPITAL MKT,Thematic Indices,45.33,12.43,1.01
2026-04-10,NIFTY CAPITAL MKT,Thematic Indices,46.14,12.65,0.99
2026-04-13,NIFTY CAPITAL MKT,Thematic Indices,46.02,12.64,0.99
2026-04-15,NIFTY CAPITAL MKT,Thematic Indices,47.61,13.08,0.96
2026-04-16,NIFTY CAPITAL MKT,Thematic Indices,48.03,13.18,0.95
2026-04-17,NIFTY CAPITAL MKT,Thematic Indices,49.26,13.52,0.93
2026-04-20,NIFTY CAPITAL MKT,Thematic Indices,47.47,13.38,0.94
2026-04-21,NIFTY CAPITAL MKT,Thematic Indices,47.4,13.51,0.93
2026-04-22,NIFTY CAPITAL MKT,Thematic Indices,46.8,13.37,0.94
2026-04-23,NIFTY CAPITAL MKT,Thematic Indices,46.33,13.28,0.94
2026-04-24,NIFTY CAPITAL MKT,Thematic Indices,45.85,13.14,0.95
2026-04-27,NIFTY CAPITAL MKT,Thematic Indices,46.46,13.31,0.98
2026-04-28,NIFTY CAPITAL MKT,Thematic Indices,47.14,13.47,0.97
2026-04-29,NIFTY CAPITAL MKT,Thematic Indices,47.32,13.52,0.93
2026-04-30,NIFTY CAPITAL MKT,Thematic Indices,46.83,13.38,0.94
2026-03-02,NIFTY COMMODITIES,Thematic Indices,16.55,2.34,1.6
2026-03-04,NIFTY COMMODITIES,Thematic Indices,16.08,2.27,1.65
2026-03-05,NIFTY COMMODITIES,Thematic Indices,16.4,2.32,1.62
2026-03-06,NIFTY COMMODITIES,Thematic Indices,16.34,2.31,1.62
2026-03-09,NIFTY COMMODITIES,Thematic Indices,15.99,2.26,1.66
2026-03-10,NIFTY COMMODITIES,Thematic Indices,16.15,2.28,1.64
2026-03-11,NIFTY COMMODITIES,Thematic Indices,16.07,2.27,1.65
2026-03-12,NIFTY COMMODITIES,Thematic Indices,16.19,2.29,1.67
2026-03-13,NIFTY COMMODITIES,Thematic Indices,15.7,2.22,1.73
2026-03-16,NIFTY COMMODITIES,Thematic Indices,15.74,2.23,1.72
2026-03-17,NIFTY COMMODITIES,Thematic Indices,15.93,2.25,1.7
2026-03-18,NIFTY COMMODITIES,Thematic Indices,15.98,2.26,1.7
2026-03-19,NIFTY COMMODITIES,Thematic Indices,15.58,2.2,1.74
2026-03-20,NIFTY COMMODITIES,Thematic Indices,15.78,2.23,1.72
2026-03-23,NIFTY COMMODITIES,Thematic Indices,15.22,2.15,1.74
2026-03-24,NIFTY COMMODITIES,Thematic Indices,15.43,2.18,1.72
2026-03-25,NIFTY COMMODITIES,Thematic Indices,15.72,2.22,1.69
2026-03-27,NIFTY COMMODITIES,Thematic Indices,15.5,2.19,1.8
2026-03-30,NIFTY COMMODITIES,Thematic Indices,15.34,2.17,1.81
2026-04-01,NIFTY COMMODITIES,Thematic Indices,15.56,2.2,1.78
2026-04-02,NIFTY COMMODITIES,Thematic Indices,15.49,2.19,1.79
2026-04-06,NIFTY COMMODITIES,Thematic Indices,15.61,2.21,1.78
2026-04-07,NIFTY COMMODITIES,Thematic Indices,15.73,2.22,1.76
2026-04-08,NIFTY COMMODITIES,Thematic Indices,16.21,2.29,1.71
2026-04-09,NIFTY COMMODITIES,Thematic Indices,16.27,2.3,1.71
2026-04-10,NIFTY COMMODITIES,Thematic Indices,16.39,2.32,1.69
2026-04-13,NIFTY COMMODITIES,Thematic Indices,16.35,2.31,1.7
2026-04-15,NIFTY COMMODITIES,Thematic Indices,16.65,2.35,1.67
2026-04-16,NIFTY COMMODITIES,Thematic Indices,16.76,2.37,1.66
2026-04-17,NIFTY COMMODITIES,Thematic Indices,16.95,2.4,1.64
2026-04-20,NIFTY COMMODITIES,Thematic Indices,16.99,2.4,1.63
2026-04-21,NIFTY COMMODITIES,Thematic Indices,17.01,2.41,1.63
2026-04-22,NIFTY COMMODITIES,Thematic Indices,17.17,2.43,1.62
2026-04-23,NIFTY COMMODITIES,Thematic Indices,17.05,2.41,1.63
2026-04-24,NIFTY COMMODITIES,Thematic Indices,16.99,2.4,1.63
2026-04-27,NIFTY COMMODITIES,Thematic Indices,17.26,2.44,1.61
2026-04-28,NIFTY COMMODITIES,Thematic Indices,17.32,2.46,1.6
2026-04-29,NIFTY COMMODITIES,Thematic Indices,17.33,2.46,1.59
2026-04-30,NIFTY COMMODITIES,Thematic Indices,17.14,2.43,1.61
2026-03-02,NIFTY CONGLOMERATE 50,Thematic Indices,28.36,3.8,1.02
2026-03-04,NIFTY CONGLOMERATE 50,Thematic Indices,27.59,3.69,1.05
2026-03-05,NIFTY CONGLOMERATE 50,Thematic Indices,28.12,3.76,1.03
2026-03-06,NIFTY CONGLOMERATE 50,Thematic Indices,27.85,3.73,1.04
2026-03-09,NIFTY CONGLOMERATE 50,Thematic Indices,27.24,3.65,1.06
2026-03-10,NIFTY CONGLOMERATE 50,Thematic Indices,27.57,3.69,1.05
2026-03-11,NIFTY CONGLOMERATE 50,Thematic Indices,27.08,3.63,1.07
2026-03-12,NIFTY CONGLOMERATE 50,Thematic Indices,26.76,3.58,1.08
2026-03-13,NIFTY CONGLOMERATE 50,Thematic Indices,25.94,3.47,1.11
2026-03-16,NIFTY CONGLOMERATE 50,Thematic Indices,26.3,3.52,1.1
2026-03-17,NIFTY CONGLOMERATE 50,Thematic Indices,26.53,3.55,1.09
2026-03-18,NIFTY CONGLOMERATE 50,Thematic Indices,26.92,3.6,1.07
2026-03-19,NIFTY CONGLOMERATE 50,Thematic Indices,25.93,3.47,1.11
2026-03-20,NIFTY CONGLOMERATE 50,Thematic Indices,26.17,3.5,1.1
2026-03-23,NIFTY CONGLOMERATE 50,Thematic Indices,25.33,3.39,1.14
2026-03-24,NIFTY CONGLOMERATE 50,Thematic Indices,25.89,3.47,1.11
2026-03-25,NIFTY CONGLOMERATE 50,Thematic Indices,26.5,3.55,1.09
2026-03-27,NIFTY CONGLOMERATE 50,Thematic Indices,25.86,3.46,1.12
2026-03-30,NIFTY CONGLOMERATE 50,Thematic Indices,25.74,3.88,1.17
2026-04-01,NIFTY CONGLOMERATE 50,Thematic Indices,26.35,3.98,1.14
2026-04-02,NIFTY CONGLOMERATE 50,Thematic Indices,26.41,3.98,1.14
2026-04-06,NIFTY CONGLOMERATE 50,Thematic Indices,26.92,4.06,1.12
2026-04-07,NIFTY CONGLOMERATE 50,Thematic Indices,27.08,4.09,1.11
2026-04-08,NIFTY CONGLOMERATE 50,Thematic Indices,28.45,4.29,1.06
2026-04-09,NIFTY CONGLOMERATE 50,Thematic Indices,28.31,4.27,1.06
2026-04-10,NIFTY CONGLOMERATE 50,Thematic Indices,28.7,4.33,1.05
2026-04-13,NIFTY CONGLOMERATE 50,Thematic Indices,28.29,4.28,1.06
2026-04-15,NIFTY CONGLOMERATE 50,Thematic Indices,28.89,4.37,1.04
2026-04-16,NIFTY CONGLOMERATE 50,Thematic Indices,29.08,4.4,1.03
2026-04-17,NIFTY CONGLOMERATE 50,Thematic Indices,29.23,4.42,1.03
2026-04-20,NIFTY CONGLOMERATE 50,Thematic Indices,29.3,4.44,1.03
2026-04-21,NIFTY CONGLOMERATE 50,Thematic Indices,29.53,4.47,1.02
2026-04-22,NIFTY CONGLOMERATE 50,Thematic Indices,29.43,4.46,1.02
2026-04-23,NIFTY CONGLOMERATE 50,Thematic Indices,29.18,4.42,1.03
2026-04-24,NIFTY CONGLOMERATE 50,Thematic Indices,28.81,4.37,1.04
2026-04-27,NIFTY CONGLOMERATE 50,Thematic Indices,29.16,4.42,1.03
2026-04-28,NIFTY CONGLOMERATE 50,Thematic Indices,29.0,4.42,1.03
2026-04-29,NIFTY CONGLOMERATE 50,Thematic Indices,29.16,4.44,1.02
2026-04-30,NIFTY CONGLOMERATE 50,Thematic Indices,28.95,4.42,1.03
2026-03-02,NIFTY COREHOUSING,Thematic Indices,32.9,3.5,0.54
2026-03-04,NIFTY COREHOUSING,Thematic Indices,32.01,3.4,0.55
2026-03-05,NIFTY COREHOUSING,Thematic Indices,32.46,3.45,0.54
2026-03-06,NIFTY COREHOUSING,Thematic Indices,32.06,3.41,0.55
2026-03-09,NIFTY COREHOUSING,Thematic Indices,31.1,3.3,0.57
2026-03-10,NIFTY COREHOUSING,Thematic Indices,31.63,3.36,0.56
2026-03-11,NIFTY COREHOUSING,Thematic Indices,31.24,3.32,0.57
2026-03-12,NIFTY COREHOUSING,Thematic Indices,30.83,3.28,0.57
2026-03-13,NIFTY COREHOUSING,Thematic Indices,29.92,3.18,0.59
2026-03-16,NIFTY COREHOUSING,Thematic Indices,30.17,3.21,0.59
2026-03-17,NIFTY COREHOUSING,Thematic Indices,30.48,3.24,0.58
2026-03-18,NIFTY COREHOUSING,Thematic Indices,31.03,3.3,0.57
2026-03-19,NIFTY COREHOUSING,Thematic Indices,29.87,3.17,0.59
2026-03-20,NIFTY COREHOUSING,Thematic Indices,29.89,3.18,0.59
2026-03-23,NIFTY COREHOUSING,Thematic Indices,28.56,3.04,0.62
2026-03-24,NIFTY COREHOUSING,Thematic Indices,29.34,3.12,0.6
2026-03-25,NIFTY COREHOUSING,Thematic Indices,30.28,3.22,0.58
2026-03-27,NIFTY COREHOUSING,Thematic Indices,29.58,3.14,0.6
2026-03-30,NIFTY COREHOUSING,Thematic Indices,28.8,3.07,0.61
2026-04-01,NIFTY COREHOUSING,Thematic Indices,29.28,3.12,0.6
2026-04-02,NIFTY COREHOUSING,Thematic Indices,29.04,3.09,0.61
2026-04-06,NIFTY COREHOUSING,Thematic Indices,29.64,3.16,0.6
2026-04-07,NIFTY COREHOUSING,Thematic Indices,29.73,3.17,0.59
2026-04-08,NIFTY COREHOUSING,Thematic Indices,31.34,3.34,0.56
2026-04-09,NIFTY COREHOUSING,Thematic Indices,31.16,3.32,0.57
2026-04-10,NIFTY COREHOUSING,Thematic Indices,31.73,3.38,0.56
2026-04-13,NIFTY COREHOUSING,Thematic Indices,31.53,3.36,0.56
2026-04-15,NIFTY COREHOUSING,Thematic Indices,32.36,3.45,0.55
2026-04-16,NIFTY COREHOUSING,Thematic Indices,32.59,3.47,0.54
2026-04-17,NIFTY COREHOUSING,Thematic Indices,32.93,3.51,0.54
2026-04-20,NIFTY COREHOUSING,Thematic Indices,33.06,3.52,0.53
2026-04-21,NIFTY COREHOUSING,Thematic Indices,33.38,3.55,0.53
2026-04-22,NIFTY COREHOUSING,Thematic Indices,33.53,3.58,0.53
2026-04-23,NIFTY COREHOUSING,Thematic Indices,32.92,3.51,0.54
2026-04-24,NIFTY COREHOUSING,Thematic Indices,32.59,3.49,0.54
2026-04-27,NIFTY COREHOUSING,Thematic Indices,33.09,3.54,0.53
2026-04-28,NIFTY COREHOUSING,Thematic Indices,32.62,3.53,0.53
2026-04-29,NIFTY COREHOUSING,Thematic Indices,32.61,3.53,0.53
2026-04-30,NIFTY COREHOUSING,Thematic Indices,32.21,3.48,0.54
2026-03-02,NIFTY CPSE,Thematic Indices,14.51,2.26,2.61
2026-03-04,NIFTY CPSE,Thematic Indices,14.3,2.23,2.65
2026-03-05,NIFTY CPSE,Thematic Indices,14.63,2.28,2.59
2026-03-06,NIFTY CPSE,Thematic Indices,14.7,2.29,2.66
2026-03-09,NIFTY CPSE,Thematic Indices,14.44,2.25,2.71
2026-03-10,NIFTY CPSE,Thematic Indices,14.54,2.26,2.69
2026-03-11,NIFTY CPSE,Thematic Indices,14.54,2.27,2.62
2026-03-12,NIFTY CPSE,Thematic Indices,14.79,2.3,2.58
2026-03-13,NIFTY CPSE,Thematic Indices,14.53,2.26,2.63
2026-03-16,NIFTY CPSE,Thematic Indices,14.34,2.23,2.66
2026-03-17,NIFTY CPSE,Thematic Indices,14.49,2.26,2.63
2026-03-18,NIFTY CPSE,Thematic Indices,14.47,2.25,2.64
2026-03-19,NIFTY CPSE,Thematic Indices,14.34,2.23,2.66
2026-03-20,NIFTY CPSE,Thematic Indices,14.41,2.25,2.65
2026-03-23,NIFTY CPSE,Thematic Indices,14.13,2.2,2.7
2026-03-24,NIFTY CPSE,Thematic Indices,14.19,2.21,2.69
2026-03-25,NIFTY CPSE,Thematic Indices,14.2,2.21,2.69
2026-03-27,NIFTY CPSE,Thematic Indices,14.21,2.21,2.68
2026-03-30,NIFTY CPSE,Thematic Indices,14.23,2.23,2.68
2026-04-01,NIFTY CPSE,Thematic Indices,14.36,2.25,2.66
2026-04-02,NIFTY CPSE,Thematic Indices,14.31,2.24,2.67
2026-04-06,NIFTY CPSE,Thematic Indices,14.45,2.26,2.64
2026-04-07,NIFTY CPSE,Thematic Indices,14.54,2.27,2.63
2026-04-08,NIFTY CPSE,Thematic Indices,14.54,2.27,2.63
2026-04-09,NIFTY CPSE,Thematic Indices,14.72,2.3,2.59
2026-04-10,NIFTY CPSE,Thematic Indices,14.69,2.3,2.6
2026-04-13,NIFTY CPSE,Thematic Indices,14.73,2.3,2.59
2026-04-15,NIFTY CPSE,Thematic Indices,14.96,2.34,2.55
2026-04-16,NIFTY CPSE,Thematic Indices,14.97,2.34,2.55
2026-04-17,NIFTY CPSE,Thematic Indices,15.18,2.37,2.52
2026-04-20,NIFTY CPSE,Thematic Indices,15.19,2.38,2.51
2026-04-21,NIFTY CPSE,Thematic Indices,15.12,2.36,2.52
2026-04-22,NIFTY CPSE,Thematic Indices,15.21,2.38,2.51
2026-04-23,NIFTY CPSE,Thematic Indices,15.23,2.38,2.51
2026-04-24,NIFTY CPSE,Thematic Indices,15.18,2.37,2.51
2026-04-27,NIFTY CPSE,Thematic Indices,15.26,2.39,2.5
2026-04-28,NIFTY CPSE,Thematic Indices,15.3,2.41,2.47
2026-04-29,NIFTY CPSE,Thematic Indices,15.33,2.42,2.47
2026-04-30,NIFTY CPSE,Thematic Indices,15.23,2.4,2.48
2026-03-02,NIFTY ENERGY,Thematic Indices,15.3,2.36,1.86
2026-03-04,NIFTY ENERGY,Thematic Indices,14.94,2.31,1.91
2026-03-05,NIFTY ENERGY,Thematic Indices,15.23,2.35,1.87
2026-03-06,NIFTY ENERGY,Thematic Indices,15.24,2.35,1.87
2026-03-09,NIFTY ENERGY,Thematic Indices,14.97,2.31,1.9
2026-03-10,NIFTY ENERGY,Thematic Indices,15.13,2.34,1.88
2026-03-11,NIFTY ENERGY,Thematic Indices,15.17,2.34,1.88
2026-03-12,NIFTY ENERGY,Thematic Indices,15.46,2.39,1.86
2026-03-13,NIFTY ENERGY,Thematic Indices,15.14,2.34,1.9
2026-03-16,NIFTY ENERGY,Thematic Indices,14.98,2.31,1.92
2026-03-17,NIFTY ENERGY,Thematic Indices,15.1,2.33,1.91
2026-03-18,NIFTY ENERGY,Thematic Indices,15.17,2.34,1.89
2026-03-19,NIFTY ENERGY,Thematic Indices,14.96,2.31,1.91
2026-03-20,NIFTY ENERGY,Thematic Indices,15.07,2.33,1.9
2026-03-23,NIFTY ENERGY,Thematic Indices,14.62,2.26,1.95
2026-03-24,NIFTY ENERGY,Thematic Indices,14.72,2.27,1.94
2026-03-25,NIFTY ENERGY,Thematic Indices,14.92,2.31,1.91
2026-03-27,NIFTY ENERGY,Thematic Indices,14.78,2.28,1.93
2026-03-30,NIFTY ENERGY,Thematic Indices,14.45,2.25,1.94
2026-04-01,NIFTY ENERGY,Thematic Indices,14.67,2.28,1.91
2026-04-02,NIFTY ENERGY,Thematic Indices,14.63,2.28,1.92
2026-04-06,NIFTY ENERGY,Thematic Indices,14.67,2.28,1.91
2026-04-07,NIFTY ENERGY,Thematic Indices,14.75,2.3,1.9
2026-04-08,NIFTY ENERGY,Thematic Indices,15.12,2.35,1.85
2026-04-09,NIFTY ENERGY,Thematic Indices,15.24,2.37,1.84
2026-04-10,NIFTY ENERGY,Thematic Indices,15.41,2.4,1.82
2026-04-13,NIFTY ENERGY,Thematic Indices,15.42,2.4,1.82
2026-04-15,NIFTY ENERGY,Thematic Indices,15.75,2.45,1.78
2026-04-16,NIFTY ENERGY,Thematic Indices,15.83,2.46,1.77
2026-04-17,NIFTY ENERGY,Thematic Indices,16.12,2.5,1.74
2026-04-20,NIFTY ENERGY,Thematic Indices,16.24,2.52,1.73
2026-04-21,NIFTY ENERGY,Thematic Indices,16.31,2.53,1.72
2026-04-22,NIFTY ENERGY,Thematic Indices,16.54,2.57,1.7
2026-04-23,NIFTY ENERGY,Thematic Indices,16.58,2.57,1.69
2026-04-24,NIFTY ENERGY,Thematic Indices,16.54,2.57,1.7
2026-04-27,NIFTY ENERGY,Thematic Indices,16.79,2.61,1.67
2026-04-28,NIFTY ENERGY,Thematic Indices,16.89,2.64,1.65
2026-04-29,NIFTY ENERGY,Thematic Indices,16.88,2.64,1.65
2026-04-30,NIFTY ENERGY,Thematic Indices,16.8,2.62,1.67
2026-03-02,NIFTY EV,Thematic Indices,37.6,4.75,0.96
2026-03-04,NIFTY EV,Thematic Indices,36.61,4.62,0.98
2026-03-05,NIFTY EV,Thematic Indices,37.08,4.68,0.97
2026-03-06,NIFTY EV,Thematic Indices,36.77,4.65,0.98
2026-03-09,NIFTY EV,Thematic Indices,35.68,4.52,1.01
2026-03-10,NIFTY EV,Thematic Indices,36.35,4.6,0.99
2026-03-11,NIFTY EV,Thematic Indices,35.54,4.5,1.01
2026-03-12,NIFTY EV,Thematic Indices,34.98,4.43,1.03
2026-03-13,NIFTY EV,Thematic Indices,33.89,4.29,1.06
2026-03-16,NIFTY EV,Thematic Indices,33.99,4.3,1.06
2026-03-17,NIFTY EV,Thematic Indices,34.47,4.36,1.04
2026-03-18,NIFTY EV,Thematic Indices,35.16,4.45,1.02
2026-03-19,NIFTY EV,Thematic Indices,33.99,4.3,1.06
2026-03-20,NIFTY EV,Thematic Indices,34.32,4.34,1.05
2026-03-23,NIFTY EV,Thematic Indices,33.24,4.21,1.07
2026-03-24,NIFTY EV,Thematic Indices,33.9,4.29,1.05
2026-03-25,NIFTY EV,Thematic Indices,34.57,4.37,1.03
2026-03-27,NIFTY EV,Thematic Indices,33.6,4.25,1.06
2026-03-30,NIFTY EV,Thematic Indices,33.43,4.32,0.99
2026-04-01,NIFTY EV,Thematic Indices,34.37,4.44,0.96
2026-04-02,NIFTY EV,Thematic Indices,34.31,4.44,0.96
2026-04-06,NIFTY EV,Thematic Indices,34.55,4.47,0.95
2026-04-07,NIFTY EV,Thematic Indices,34.64,4.48,0.95
2026-04-08,NIFTY EV,Thematic Indices,36.52,4.72,0.9
2026-04-09,NIFTY EV,Thematic Indices,36.3,4.68,0.91
2026-04-10,NIFTY EV,Thematic Indices,37.17,4.79,0.89
2026-04-13,NIFTY EV,Thematic Indices,36.65,4.73,0.9
2026-04-15,NIFTY EV,Thematic Indices,37.35,4.82,0.88
2026-04-16,NIFTY EV,Thematic Indices,37.46,4.83,0.88
2026-04-17,NIFTY EV,Thematic Indices,37.72,4.87,0.87
2026-04-20,NIFTY EV,Thematic Indices,37.77,4.87,0.87
2026-04-21,NIFTY EV,Thematic Indices,38.08,4.91,0.87
2026-04-22,NIFTY EV,Thematic Indices,38.29,4.94,0.86
2026-04-23,NIFTY EV,Thematic Indices,37.62,4.86,0.88
2026-04-24,NIFTY EV,Thematic Indices,37.3,4.82,0.89
2026-04-27,NIFTY EV,Thematic Indices,37.85,4.9,0.87
2026-04-28,NIFTY EV,Thematic Indices,37.82,4.89,0.88
2026-04-29,NIFTY EV,Thematic Indices,38.05,4.92,0.87
2026-04-30,NIFTY EV,Thematic Indices,38.01,4.91,0.87
2026-03-02,NIFTY HOUSING,Thematic Indices,24.77,3.05,0.9
2026-03-04,NIFTY HOUSING,Thematic Indices,24.02,2.95,0.93
2026-03-05,NIFTY HOUSING,Thematic Indices,24.43,3.0,0.91
2026-03-06,NIFTY HOUSING,Thematic Indices,24.09,2.96,0.92
2026-03-09,NIFTY HOUSING,Thematic Indices,23.46,2.88,0.95
2026-03-10,NIFTY HOUSING,Thematic Indices,23.82,2.93,0.93
2026-03-11,NIFTY HOUSING,Thematic Indices,23.59,2.9,0.94
2026-03-12,NIFTY HOUSING,Thematic Indices,23.53,2.89,0.95
2026-03-13,NIFTY HOUSING,Thematic Indices,22.76,2.8,0.98
2026-03-16,NIFTY HOUSING,Thematic Indices,22.98,2.83,0.97
2026-03-17,NIFTY HOUSING,Thematic Indices,23.29,2.86,0.95
2026-03-18,NIFTY HOUSING,Thematic Indices,23.5,2.89,0.95
2026-03-19,NIFTY HOUSING,Thematic Indices,22.72,2.79,0.98
2026-03-20,NIFTY HOUSING,Thematic Indices,22.83,2.81,0.97
2026-03-23,NIFTY HOUSING,Thematic Indices,21.92,2.7,1.01
2026-03-24,NIFTY HOUSING,Thematic Indices,22.44,2.76,0.99
2026-03-25,NIFTY HOUSING,Thematic Indices,23.0,2.83,0.97
2026-03-27,NIFTY HOUSING,Thematic Indices,22.51,2.77,0.99
2026-03-30,NIFTY HOUSING,Thematic Indices,21.7,2.69,1.02
2026-04-01,NIFTY HOUSING,Thematic Indices,22.06,2.73,1.0
2026-04-02,NIFTY HOUSING,Thematic Indices,22.02,2.73,1.0
2026-04-06,NIFTY HOUSING,Thematic Indices,22.45,2.78,0.99
2026-04-07,NIFTY HOUSING,Thematic Indices,22.56,2.79,0.98
2026-04-08,NIFTY HOUSING,Thematic Indices,23.67,2.93,0.93
2026-04-09,NIFTY HOUSING,Thematic Indices,23.49,2.91,0.94
2026-04-10,NIFTY HOUSING,Thematic Indices,23.89,2.96,0.93
2026-04-13,NIFTY HOUSING,Thematic Indices,23.88,2.96,0.93
2026-04-15,NIFTY HOUSING,Thematic Indices,24.33,3.01,0.91
2026-04-16,NIFTY HOUSING,Thematic Indices,24.46,3.03,0.9
2026-04-17,NIFTY HOUSING,Thematic Indices,24.68,3.05,0.9
2026-04-20,NIFTY HOUSING,Thematic Indices,24.77,3.07,0.89
2026-04-21,NIFTY HOUSING,Thematic Indices,24.84,3.09,0.89
2026-04-22,NIFTY HOUSING,Thematic Indices,24.96,3.11,0.88
2026-04-23,NIFTY HOUSING,Thematic Indices,24.69,3.07,0.89
2026-04-24,NIFTY HOUSING,Thematic Indices,24.55,3.06,0.9
2026-04-27,NIFTY HOUSING,Thematic Indices,24.88,3.1,0.88
2026-04-28,NIFTY HOUSING,Thematic Indices,24.63,3.09,0.89
2026-04-29,NIFTY HOUSING,Thematic Indices,24.56,3.08,0.89
2026-04-30,NIFTY HOUSING,Thematic Indices,24.24,3.04,0.9
2026-03-02,NIFTY CONSUMPTION,Thematic Indices,37.95,7.65,0.98
2026-03-04,NIFTY CONSUMPTION,Thematic Indices,37.4,7.54,1.0
2026-03-05,NIFTY CONSUMPTION,Thematic Indices,37.81,7.62,0.99
2026-03-06,NIFTY CONSUMPTION,Thematic Indices,37.42,7.55,1.0
2026-03-09,NIFTY CONSUMPTION,Thematic Indices,36.68,7.4,1.02
2026-03-10,NIFTY CONSUMPTION,Thematic Indices,37.22,7.51,1.0
2026-03-11,NIFTY CONSUMPTION,Thematic Indices,36.53,7.37,1.02
2026-03-12,NIFTY CONSUMPTION,Thematic Indices,35.95,7.25,1.04
2026-03-13,NIFTY CONSUMPTION,Thematic Indices,35.35,7.13,1.05
2026-03-16,NIFTY CONSUMPTION,Thematic Indices,35.75,7.21,1.04
2026-03-17,NIFTY CONSUMPTION,Thematic Indices,36.15,7.27,1.03
2026-03-18,NIFTY CONSUMPTION,Thematic Indices,36.57,7.35,1.02
2026-03-19,NIFTY CONSUMPTION,Thematic Indices,35.41,7.12,1.05
2026-03-20,NIFTY CONSUMPTION,Thematic Indices,35.67,7.17,1.04
2026-03-23,NIFTY CONSUMPTION,Thematic Indices,34.56,6.95,1.08
2026-03-24,NIFTY CONSUMPTION,Thematic Indices,35.21,7.08,1.06
2026-03-25,NIFTY CONSUMPTION,Thematic Indices,35.99,7.24,1.04
2026-03-27,NIFTY CONSUMPTION,Thematic Indices,35.3,7.1,1.05
2026-03-30,NIFTY CONSUMPTION,Thematic Indices,34.47,6.97,1.09
2026-04-01,NIFTY CONSUMPTION,Thematic Indices,35.17,7.11,1.07
2026-04-02,NIFTY CONSUMPTION,Thematic Indices,35.11,7.1,1.07
2026-04-06,NIFTY CONSUMPTION,Thematic Indices,35.54,7.19,1.05
2026-04-07,NIFTY CONSUMPTION,Thematic Indices,35.7,7.22,1.05
2026-04-08,NIFTY CONSUMPTION,Thematic Indices,37.0,7.48,1.01
2026-04-09,NIFTY CONSUMPTION,Thematic Indices,36.85,7.45,1.01
2026-04-10,NIFTY CONSUMPTION,Thematic Indices,37.42,7.57,1.0
2026-04-13,NIFTY CONSUMPTION,Thematic Indices,36.96,7.48,1.01
2026-04-15,NIFTY CONSUMPTION,Thematic Indices,37.59,7.6,0.99
2026-04-16,NIFTY CONSUMPTION,Thematic Indices,37.63,7.61,0.99
2026-04-17,NIFTY CONSUMPTION,Thematic Indices,38.07,7.7,0.98
2026-04-20,NIFTY CONSUMPTION,Thematic Indices,38.17,7.72,0.98
2026-04-21,NIFTY CONSUMPTION,Thematic Indices,38.65,7.82,0.97
2026-04-22,NIFTY CONSUMPTION,Thematic Indices,38.55,7.8,0.97
2026-04-23,NIFTY CONSUMPTION,Thematic Indices,38.07,7.71,0.98
2026-04-24,NIFTY CONSUMPTION,Thematic Indices,37.71,7.65,0.99
2026-04-27,NIFTY CONSUMPTION,Thematic Indices,38.07,7.72,0.98
2026-04-28,NIFTY CONSUMPTION,Thematic Indices,37.91,7.69,0.98
2026-04-29,NIFTY CONSUMPTION,Thematic Indices,38.29,7.77,0.97
2026-04-30,NIFTY CONSUMPTION,Thematic Indices,37.95,7.7,0.98
2026-03-02,NIFTY INDIA CORPORATE GROUP INDEX - ADITYA BIRLA GROUP,Thematic Indices,85.84,3.15,0.46
2026-03-04,NIFTY INDIA CORPORATE GROUP INDEX - ADITYA BIRLA GROUP,Thematic Indices,83.25,3.05,0.48
2026-03-05,NIFTY INDIA CORPORATE GROUP INDEX - ADITYA BIRLA GROUP,Thematic Indices,84.98,3.11,0.47
2026-03-06,NIFTY INDIA CORPORATE GROUP INDEX - ADITYA BIRLA GROUP,Thematic Indices,84.15,3.08,0.47
2026-03-09,NIFTY INDIA CORPORATE GROUP INDEX - ADITYA BIRLA GROUP,Thematic Indices,81.76,3.0,0.49
2026-03-10,NIFTY INDIA CORPORATE GROUP INDEX - ADITYA BIRLA GROUP,Thematic Indices,83.57,3.06,0.47
2026-03-11,NIFTY INDIA CORPORATE GROUP INDEX - ADITYA BIRLA GROUP,Thematic Indices,82.71,3.03,0.48
2026-03-12,NIFTY INDIA CORPORATE GROUP INDEX - ADITYA BIRLA GROUP,Thematic Indices,81.41,2.98,0.49
2026-03-13,NIFTY INDIA CORPORATE GROUP INDEX - ADITYA BIRLA GROUP,Thematic Indices,77.81,2.85,0.51
2026-03-16,NIFTY INDIA CORPORATE GROUP INDEX - ADITYA BIRLA GROUP,Thematic Indices,79.83,2.93,0.5
2026-03-17,NIFTY INDIA CORPORATE GROUP INDEX - ADITYA BIRLA GROUP,Thematic Indices,80.36,2.95,0.49
2026-03-18,NIFTY INDIA CORPORATE GROUP INDEX - ADITYA BIRLA GROUP,Thematic Indices,81.42,2.98,0.49
2026-03-19,NIFTY INDIA CORPORATE GROUP INDEX - ADITYA BIRLA GROUP,Thematic Indices,78.04,2.86,0.51
2026-03-20,NIFTY INDIA CORPORATE GROUP INDEX - ADITYA BIRLA GROUP,Thematic Indices,78.34,2.87,0.51
2026-03-23,NIFTY INDIA CORPORATE GROUP INDEX - ADITYA BIRLA GROUP,Thematic Indices,74.66,2.74,0.53
2026-03-24,NIFTY INDIA CORPORATE GROUP INDEX - ADITYA BIRLA GROUP,Thematic Indices,76.4,2.8,0.52
2026-03-25,NIFTY INDIA CORPORATE GROUP INDEX - ADITYA BIRLA GROUP,Thematic Indices,78.83,2.89,0.5
2026-03-27,NIFTY INDIA CORPORATE GROUP INDEX - ADITYA BIRLA GROUP,Thematic Indices,77.8,2.85,0.51
2026-03-30,NIFTY INDIA CORPORATE GROUP INDEX - ADITYA BIRLA GROUP,Thematic Indices,76.21,2.79,0.52
2026-04-01,NIFTY INDIA CORPORATE GROUP INDEX - ADITYA BIRLA GROUP,Thematic Indices,77.27,2.83,0.51
2026-04-02,NIFTY INDIA CORPORATE GROUP INDEX - ADITYA BIRLA GROUP,Thematic Indices,76.97,2.82,0.52
2026-04-06,NIFTY INDIA CORPORATE GROUP INDEX - ADITYA BIRLA GROUP,Thematic Indices,78.86,2.89,0.5
2026-04-07,NIFTY INDIA CORPORATE GROUP INDEX - ADITYA BIRLA GROUP,Thematic Indices,79.15,2.9,0.5
2026-04-08,NIFTY INDIA CORPORATE GROUP INDEX - ADITYA BIRLA GROUP,Thematic Indices,82.88,3.04,0.48
2026-04-09,NIFTY INDIA CORPORATE GROUP INDEX - ADITYA BIRLA GROUP,Thematic Indices,82.88,3.04,0.48
2026-04-10,NIFTY INDIA CORPORATE GROUP INDEX - ADITYA BIRLA GROUP,Thematic Indices,83.83,3.07,0.47
2026-04-13,NIFTY INDIA CORPORATE GROUP INDEX - ADITYA BIRLA GROUP,Thematic Indices,83.15,3.05,0.48
2026-04-15,NIFTY INDIA CORPORATE GROUP INDEX - ADITYA BIRLA GROUP,Thematic Indices,85.16,3.12,0.47
2026-04-16,NIFTY INDIA CORPORATE GROUP INDEX - ADITYA BIRLA GROUP,Thematic Indices,85.65,3.14,0.46
2026-04-17,NIFTY INDIA CORPORATE GROUP INDEX - ADITYA BIRLA GROUP,Thematic Indices,85.99,3.15,0.46
2026-04-20,NIFTY INDIA CORPORATE GROUP INDEX - ADITYA BIRLA GROUP,Thematic Indices,85.73,3.14,0.46
2026-04-21,NIFTY INDIA CORPORATE GROUP INDEX - ADITYA BIRLA GROUP,Thematic Indices,86.28,3.16,0.46
2026-04-22,NIFTY INDIA CORPORATE GROUP INDEX - ADITYA BIRLA GROUP,Thematic Indices,87.09,3.19,0.46
2026-04-23,NIFTY INDIA CORPORATE GROUP INDEX - ADITYA BIRLA GROUP,Thematic Indices,86.86,3.19,0.46
2026-04-24,NIFTY INDIA CORPORATE GROUP INDEX - ADITYA BIRLA GROUP,Thematic Indices,86.32,3.17,0.46
2026-04-27,NIFTY INDIA CORPORATE GROUP INDEX - ADITYA BIRLA GROUP,Thematic Indices,87.45,3.2,0.45
2026-04-28,NIFTY INDIA CORPORATE GROUP INDEX - ADITYA BIRLA GROUP,Thematic Indices,83.51,3.19,0.46
2026-04-29,NIFTY INDIA CORPORATE GROUP INDEX - ADITYA BIRLA GROUP,Thematic Indices,83.94,3.21,0.45
2026-04-30,NIFTY INDIA CORPORATE GROUP INDEX - ADITYA BIRLA GROUP,Thematic Indices,82.56,3.16,0.46
2026-03-02,NIFTY INDIA CORPORATE GROUP INDEX - MAHINDRA GROUP,Thematic Indices,25.42,4.46,1.39
2026-03-04,NIFTY INDIA CORPORATE GROUP INDEX - MAHINDRA GROUP,Thematic Indices,25.05,4.39,1.41
2026-03-05,NIFTY INDIA CORPORATE GROUP INDEX - MAHINDRA GROUP,Thematic Indices,25.43,4.46,1.39
2026-03-06,NIFTY INDIA CORPORATE GROUP INDEX - MAHINDRA GROUP,Thematic Indices,25.32,4.44,1.39
2026-03-09,NIFTY INDIA CORPORATE GROUP INDEX - MAHINDRA GROUP,Thematic Indices,24.49,4.29,1.44
2026-03-10,NIFTY INDIA CORPORATE GROUP INDEX - MAHINDRA GROUP,Thematic Indices,25.12,4.41,1.41
2026-03-11,NIFTY INDIA CORPORATE GROUP INDEX - MAHINDRA GROUP,Thematic Indices,24.43,4.28,1.45
2026-03-12,NIFTY INDIA CORPORATE GROUP INDEX - MAHINDRA GROUP,Thematic Indices,23.75,4.16,1.49
2026-03-13,NIFTY INDIA CORPORATE GROUP INDEX - MAHINDRA GROUP,Thematic Indices,23.05,4.04,1.53
2026-03-16,NIFTY INDIA CORPORATE GROUP INDEX - MAHINDRA GROUP,Thematic Indices,23.56,4.13,1.5
2026-03-17,NIFTY INDIA CORPORATE GROUP INDEX - MAHINDRA GROUP,Thematic Indices,24.05,4.22,1.47
2026-03-18,NIFTY INDIA CORPORATE GROUP INDEX - MAHINDRA GROUP,Thematic Indices,24.69,4.33,1.43
2026-03-19,NIFTY INDIA CORPORATE GROUP INDEX - MAHINDRA GROUP,Thematic Indices,23.57,4.13,1.5
2026-03-20,NIFTY INDIA CORPORATE GROUP INDEX - MAHINDRA GROUP,Thematic Indices,23.83,4.18,1.48
2026-03-23,NIFTY INDIA CORPORATE GROUP INDEX - MAHINDRA GROUP,Thematic Indices,23.14,4.06,1.53
2026-03-24,NIFTY INDIA CORPORATE GROUP INDEX - MAHINDRA GROUP,Thematic Indices,23.8,4.17,1.48
2026-03-25,NIFTY INDIA CORPORATE GROUP INDEX - MAHINDRA GROUP,Thematic Indices,24.27,4.26,1.45
2026-03-27,NIFTY INDIA CORPORATE GROUP INDEX - MAHINDRA GROUP,Thematic Indices,23.64,4.15,1.49
2026-03-30,NIFTY INDIA CORPORATE GROUP INDEX - MAHINDRA GROUP,Thematic Indices,23.03,4.04,1.53
2026-04-01,NIFTY INDIA CORPORATE GROUP INDEX - MAHINDRA GROUP,Thematic Indices,23.58,4.13,1.5
2026-04-02,NIFTY INDIA CORPORATE GROUP INDEX - MAHINDRA GROUP,Thematic Indices,23.62,4.14,1.49
2026-04-06,NIFTY INDIA CORPORATE GROUP INDEX - MAHINDRA GROUP,Thematic Indices,23.7,4.16,1.49
2026-04-07,NIFTY INDIA CORPORATE GROUP INDEX - MAHINDRA GROUP,Thematic Indices,23.7,4.16,1.49
2026-04-08,NIFTY INDIA CORPORATE GROUP INDEX - MAHINDRA GROUP,Thematic Indices,24.8,4.35,1.42
2026-04-09,NIFTY INDIA CORPORATE GROUP INDEX - MAHINDRA GROUP,Thematic Indices,24.59,4.31,1.44
2026-04-10,NIFTY INDIA CORPORATE GROUP INDEX - MAHINDRA GROUP,Thematic Indices,25.03,4.39,1.41
2026-04-13,NIFTY INDIA CORPORATE GROUP INDEX - MAHINDRA GROUP,Thematic Indices,24.77,4.34,1.43
2026-04-15,NIFTY INDIA CORPORATE GROUP INDEX - MAHINDRA GROUP,Thematic Indices,25.21,4.42,1.4
2026-04-16,NIFTY INDIA CORPORATE GROUP INDEX - MAHINDRA GROUP,Thematic Indices,25.04,4.39,1.41
2026-04-17,NIFTY INDIA CORPORATE GROUP INDEX - MAHINDRA GROUP,Thematic Indices,25.02,4.39,1.41
2026-04-20,NIFTY INDIA CORPORATE GROUP INDEX - MAHINDRA GROUP,Thematic Indices,25.12,4.41,1.41
2026-04-21,NIFTY INDIA CORPORATE GROUP INDEX - MAHINDRA GROUP,Thematic Indices,25.23,4.43,1.4
2026-04-22,NIFTY INDIA CORPORATE GROUP INDEX - MAHINDRA GROUP,Thematic Indices,24.54,4.3,1.44
2026-04-23,NIFTY INDIA CORPORATE GROUP INDEX - MAHINDRA GROUP,Thematic Indices,23.85,4.18,1.48
2026-04-24,NIFTY INDIA CORPORATE GROUP INDEX - MAHINDRA GROUP,Thematic Indices,23.3,4.12,1.5
2026-04-27,NIFTY INDIA CORPORATE GROUP INDEX - MAHINDRA GROUP,Thematic Indices,23.91,4.23,1.46
2026-04-28,NIFTY INDIA CORPORATE GROUP INDEX - MAHINDRA GROUP,Thematic Indices,23.41,4.22,1.47
2026-04-29,NIFTY INDIA CORPORATE GROUP INDEX - MAHINDRA GROUP,Thematic Indices,23.97,4.32,1.43
2026-04-30,NIFTY INDIA CORPORATE GROUP INDEX - MAHINDRA GROUP,Thematic Indices,23.68,4.27,1.45
2026-03-02,NIFTY INDIA CORPORATE GROUP INDEX - TATA GROUP,Thematic Indices,31.13,5.42,2.03
2026-03-04,NIFTY INDIA CORPORATE GROUP INDEX - TATA GROUP,Thematic Indices,30.42,5.3,2.07
2026-03-05,NIFTY INDIA CORPORATE GROUP INDEX - TATA GROUP,Thematic Indices,30.64,5.34,2.06
2026-03-06,NIFTY INDIA CORPORATE GROUP INDEX - TATA GROUP,Thematic Indices,30.38,5.29,2.08
2026-03-09,NIFTY INDIA CORPORATE GROUP INDEX - TATA GROUP,Thematic Indices,29.81,5.19,2.12
2026-03-10,NIFTY INDIA CORPORATE GROUP INDEX - TATA GROUP,Thematic Indices,30.08,5.24,2.1
2026-03-11,NIFTY INDIA CORPORATE GROUP INDEX - TATA GROUP,Thematic Indices,29.65,5.16,2.13
2026-03-12,NIFTY INDIA CORPORATE GROUP INDEX - TATA GROUP,Thematic Indices,29.45,5.13,2.14
2026-03-13,NIFTY INDIA CORPORATE GROUP INDEX - TATA GROUP,Thematic Indices,28.91,5.03,2.18
2026-03-16,NIFTY INDIA CORPORATE GROUP INDEX - TATA GROUP,Thematic Indices,28.99,5.05,2.17
2026-03-17,NIFTY INDIA CORPORATE GROUP INDEX - TATA GROUP,Thematic Indices,29.14,5.07,2.16
2026-03-18,NIFTY INDIA CORPORATE GROUP INDEX - TATA GROUP,Thematic Indices,29.58,5.15,2.13
2026-03-19,NIFTY INDIA CORPORATE GROUP INDEX - TATA GROUP,Thematic Indices,28.64,4.99,2.2
2026-03-20,NIFTY INDIA CORPORATE GROUP INDEX - TATA GROUP,Thematic Indices,29.06,5.06,2.17
2026-03-23,NIFTY INDIA CORPORATE GROUP INDEX - TATA GROUP,Thematic Indices,28.19,4.91,2.24
2026-03-24,NIFTY INDIA CORPORATE GROUP INDEX - TATA GROUP,Thematic Indices,28.59,4.98,2.21
2026-03-25,NIFTY INDIA CORPORATE GROUP INDEX - TATA GROUP,Thematic Indices,28.92,5.04,2.18
2026-03-27,NIFTY INDIA CORPORATE GROUP INDEX - TATA GROUP,Thematic Indices,28.59,4.98,2.21
2026-03-30,NIFTY INDIA CORPORATE GROUP INDEX - TATA GROUP,Thematic Indices,29.23,5.19,2.11
2026-04-01,NIFTY INDIA CORPORATE GROUP INDEX - TATA GROUP,Thematic Indices,29.86,5.3,2.07
2026-04-02,NIFTY INDIA CORPORATE GROUP INDEX - TATA GROUP,Thematic Indices,30.13,5.35,2.05
2026-04-06,NIFTY INDIA CORPORATE GROUP INDEX - TATA GROUP,Thematic Indices,30.62,5.44,2.02
2026-04-07,NIFTY INDIA CORPORATE GROUP INDEX - TATA GROUP,Thematic Indices,30.97,5.5,2.0
2026-04-08,NIFTY INDIA CORPORATE GROUP INDEX - TATA GROUP,Thematic Indices,32.02,5.69,1.93
2026-04-09,NIFTY INDIA CORPORATE GROUP INDEX - TATA GROUP,Thematic Indices,32.06,5.69,1.93
2026-04-10,NIFTY INDIA CORPORATE GROUP INDEX - TATA GROUP,Thematic Indices,32.14,5.71,1.92
2026-04-13,NIFTY INDIA CORPORATE GROUP INDEX - TATA GROUP,Thematic Indices,31.27,5.65,1.94
2026-04-15,NIFTY INDIA CORPORATE GROUP INDEX - TATA GROUP,Thematic Indices,32.04,5.79,1.9
2026-04-16,NIFTY INDIA CORPORATE GROUP INDEX - TATA GROUP,Thematic Indices,32.23,5.83,1.88
2026-04-17,NIFTY INDIA CORPORATE GROUP INDEX - TATA GROUP,Thematic Indices,32.44,5.86,1.87
2026-04-20,NIFTY INDIA CORPORATE GROUP INDEX - TATA GROUP,Thematic Indices,32.45,5.86,1.87
2026-04-21,NIFTY INDIA CORPORATE GROUP INDEX - TATA GROUP,Thematic Indices,32.7,5.9,1.86
2026-04-22,NIFTY INDIA CORPORATE GROUP INDEX - TATA GROUP,Thematic Indices,32.49,5.86,1.87
2026-04-23,NIFTY INDIA CORPORATE GROUP INDEX - TATA GROUP,Thematic Indices,32.12,5.8,1.89
2026-04-24,NIFTY INDIA CORPORATE GROUP INDEX - TATA GROUP,Thematic Indices,31.61,5.68,1.93
2026-04-27,NIFTY INDIA CORPORATE GROUP INDEX - TATA GROUP,Thematic Indices,31.56,5.76,1.91
2026-04-28,NIFTY INDIA CORPORATE GROUP INDEX - TATA GROUP,Thematic Indices,31.52,5.75,1.91
2026-04-29,NIFTY INDIA CORPORATE GROUP INDEX - TATA GROUP,Thematic Indices,31.63,5.77,1.9
2026-04-30,NIFTY INDIA CORPORATE GROUP INDEX - TATA GROUP,Thematic Indices,31.34,5.72,1.92
2026-03-02,NIFTY TATA 25 CAP,Thematic Indices,36.18,4.68,1.52
2026-03-04,NIFTY TATA 25 CAP,Thematic Indices,35.15,4.55,1.56
2026-03-05,NIFTY TATA 25 CAP,Thematic Indices,35.54,4.6,1.55
2026-03-06,NIFTY TATA 25 CAP,Thematic Indices,35.23,4.56,1.56
2026-03-09,NIFTY TATA 25 CAP,Thematic Indices,34.46,4.46,1.59
2026-03-10,NIFTY TATA 25 CAP,Thematic Indices,34.89,4.52,1.57
2026-03-11,NIFTY TATA 25 CAP,Thematic Indices,34.43,4.46,1.6
2026-03-12,NIFTY TATA 25 CAP,Thematic Indices,34.2,4.43,1.61
2026-03-13,NIFTY TATA 25 CAP,Thematic Indices,33.51,4.34,1.64
2026-03-16,NIFTY TATA 25 CAP,Thematic Indices,33.73,4.36,1.63
2026-03-17,NIFTY TATA 25 CAP,Thematic Indices,34.07,4.41,1.61
2026-03-18,NIFTY TATA 25 CAP,Thematic Indices,34.4,4.45,1.6
2026-03-19,NIFTY TATA 25 CAP,Thematic Indices,33.33,4.31,1.65
2026-03-20,NIFTY TATA 25 CAP,Thematic Indices,33.89,4.39,1.62
2026-03-23,NIFTY TATA 25 CAP,Thematic Indices,32.57,4.22,1.69
2026-03-24,NIFTY TATA 25 CAP,Thematic Indices,33.04,4.28,1.66
2026-03-25,NIFTY TATA 25 CAP,Thematic Indices,33.68,4.36,1.63
2026-03-27,NIFTY TATA 25 CAP,Thematic Indices,33.15,4.29,1.66
2026-03-30,NIFTY TATA 25 CAP,Thematic Indices,32.37,4.71,1.74
2026-04-01,NIFTY TATA 25 CAP,Thematic Indices,33.04,4.81,1.7
2026-04-02,NIFTY TATA 25 CAP,Thematic Indices,33.23,4.83,1.69
2026-04-06,NIFTY TATA 25 CAP,Thematic Indices,33.88,4.93,1.66
2026-04-07,NIFTY TATA 25 CAP,Thematic Indices,34.2,4.98,1.65
2026-04-08,NIFTY TATA 25 CAP,Thematic Indices,35.47,5.16,1.59
2026-04-09,NIFTY TATA 25 CAP,Thematic Indices,35.43,5.16,1.59
2026-04-10,NIFTY TATA 25 CAP,Thematic Indices,35.7,5.19,1.58
2026-04-13,NIFTY TATA 25 CAP,Thematic Indices,34.9,5.15,1.59
2026-04-15,NIFTY TATA 25 CAP,Thematic Indices,35.68,5.26,1.56
2026-04-16,NIFTY TATA 25 CAP,Thematic Indices,35.9,5.3,1.55
2026-04-17,NIFTY TATA 25 CAP,Thematic Indices,36.13,5.33,1.54
2026-04-20,NIFTY TATA 25 CAP,Thematic Indices,36.21,5.34,1.53
2026-04-21,NIFTY TATA 25 CAP,Thematic Indices,36.5,5.38,1.52
2026-04-22,NIFTY TATA 25 CAP,Thematic Indices,36.44,5.38,1.52
2026-04-23,NIFTY TATA 25 CAP,Thematic Indices,35.92,5.3,1.55
2026-04-24,NIFTY TATA 25 CAP,Thematic Indices,35.33,5.22,1.57
2026-04-27,NIFTY TATA 25 CAP,Thematic Indices,35.74,5.28,1.55
2026-04-28,NIFTY TATA 25 CAP,Thematic Indices,35.73,5.28,1.55
2026-04-29,NIFTY TATA 25 CAP,Thematic Indices,35.81,5.29,1.55
2026-04-30,NIFTY TATA 25 CAP,Thematic Indices,35.28,5.22,1.57
2026-03-02,NIFTY IND DEFENCE,Thematic Indices,52.52,10.9,0.56
2026-03-04,NIFTY IND DEFENCE,Thematic Indices,52.02,10.8,0.56
2026-03-05,NIFTY IND DEFENCE,Thematic Indices,53.34,11.07,0.55
2026-03-06,NIFTY IND DEFENCE,Thematic Indices,54.82,11.38,0.62
2026-03-09,NIFTY IND DEFENCE,Thematic Indices,53.64,11.13,0.64
2026-03-10,NIFTY IND DEFENCE,Thematic Indices,54.05,11.22,0.63
2026-03-11,NIFTY IND DEFENCE,Thematic Indices,53.11,11.02,0.57
2026-03-12,NIFTY IND DEFENCE,Thematic Indices,52.92,10.99,0.57
2026-03-13,NIFTY IND DEFENCE,Thematic Indices,50.98,10.58,0.6
2026-03-16,NIFTY IND DEFENCE,Thematic Indices,50.58,10.5,0.6
2026-03-17,NIFTY IND DEFENCE,Thematic Indices,51.52,10.69,0.59
2026-03-18,NIFTY IND DEFENCE,Thematic Indices,52.04,10.8,0.59
2026-03-19,NIFTY IND DEFENCE,Thematic Indices,50.11,10.4,0.61
2026-03-20,NIFTY IND DEFENCE,Thematic Indices,49.75,10.33,0.61
2026-03-23,NIFTY IND DEFENCE,Thematic Indices,47.53,9.87,0.64
2026-03-24,NIFTY IND DEFENCE,Thematic Indices,48.56,10.08,0.63
2026-03-25,NIFTY IND DEFENCE,Thematic Indices,48.98,10.17,0.62
2026-03-27,NIFTY IND DEFENCE,Thematic Indices,47.73,9.91,0.64
2026-03-30,NIFTY IND DEFENCE,Thematic Indices,45.72,9.6,0.67
2026-04-01,NIFTY IND DEFENCE,Thematic Indices,48.15,10.11,0.64
2026-04-02,NIFTY IND DEFENCE,Thematic Indices,48.16,10.11,0.64
2026-04-06,NIFTY IND DEFENCE,Thematic Indices,48.92,10.27,0.63
2026-04-07,NIFTY IND DEFENCE,Thematic Indices,49.43,10.38,0.62
2026-04-08,NIFTY IND DEFENCE,Thematic Indices,51.02,10.71,0.6
2026-04-09,NIFTY IND DEFENCE,Thematic Indices,51.82,10.88,0.6
2026-04-10,NIFTY IND DEFENCE,Thematic Indices,52.59,11.04,0.59
2026-04-13,NIFTY IND DEFENCE,Thematic Indices,52.81,11.09,0.58
2026-04-15,NIFTY IND DEFENCE,Thematic Indices,54.16,11.37,0.57
2026-04-16,NIFTY IND DEFENCE,Thematic Indices,55.04,11.56,0.55
2026-04-17,NIFTY IND DEFENCE,Thematic Indices,55.86,11.73,0.55
2026-04-20,NIFTY IND DEFENCE,Thematic Indices,55.52,11.66,0.55
2026-04-21,NIFTY IND DEFENCE,Thematic Indices,55.93,11.74,0.54
2026-04-22,NIFTY IND DEFENCE,Thematic Indices,56.68,11.9,0.54
2026-04-23,NIFTY IND DEFENCE,Thematic Indices,56.94,11.96,0.53
2026-04-24,NIFTY IND DEFENCE,Thematic Indices,56.05,11.77,0.54
2026-04-27,NIFTY IND DEFENCE,Thematic Indices,56.42,11.85,0.54
2026-04-28,NIFTY IND DEFENCE,Thematic Indices,56.48,11.86,0.54
2026-04-29,NIFTY IND DEFENCE,Thematic Indices,57.11,11.99,0.53
2026-04-30,NIFTY IND DEFENCE,Thematic Indices,56.72,11.94,0.54
2026-03-02,NIFTY IND DIGITAL,Thematic Indices,57.2,7.32,1.78
2026-03-04,NIFTY IND DIGITAL,Thematic Indices,57.06,7.3,1.78
2026-03-05,NIFTY IND DIGITAL,Thematic Indices,57.01,7.29,1.78
2026-03-06,NIFTY IND DIGITAL,Thematic Indices,56.46,7.22,1.8
2026-03-09,NIFTY IND DIGITAL,Thematic Indices,56.31,7.21,1.8
2026-03-10,NIFTY IND DIGITAL,Thematic Indices,56.32,7.21,1.8
2026-03-11,NIFTY IND DIGITAL,Thematic Indices,55.5,7.1,1.83
2026-03-12,NIFTY IND DIGITAL,Thematic Indices,55.19,7.06,1.84
2026-03-13,NIFTY IND DIGITAL,Thematic Indices,54.28,6.95,1.87
2026-03-16,NIFTY IND DIGITAL,Thematic Indices,54.49,6.97,1.86
2026-03-17,NIFTY IND DIGITAL,Thematic Indices,54.83,7.02,1.85
2026-03-18,NIFTY IND DIGITAL,Thematic Indices,56.4,7.22,1.8
2026-03-19,NIFTY IND DIGITAL,Thematic Indices,54.53,6.98,1.86
2026-03-20,NIFTY IND DIGITAL,Thematic Indices,55.28,7.07,1.84
2026-03-23,NIFTY IND DIGITAL,Thematic Indices,54.27,6.94,1.87
2026-03-24,NIFTY IND DIGITAL,Thematic Indices,55.33,7.08,1.83
2026-03-25,NIFTY IND DIGITAL,Thematic Indices,55.88,7.15,1.82
2026-03-27,NIFTY IND DIGITAL,Thematic Indices,55.11,7.05,1.84
2026-03-30,NIFTY IND DIGITAL,Thematic Indices,52.26,6.59,1.85
2026-04-01,NIFTY IND DIGITAL,Thematic Indices,53.43,6.74,1.81
2026-04-02,NIFTY IND DIGITAL,Thematic Indices,54.26,6.85,1.78
2026-04-06,NIFTY IND DIGITAL,Thematic Indices,54.72,6.91,1.77
2026-04-07,NIFTY IND DIGITAL,Thematic Indices,55.38,6.97,1.75
2026-04-08,NIFTY IND DIGITAL,Thematic Indices,56.65,7.13,1.71
2026-04-09,NIFTY IND DIGITAL,Thematic Indices,56.49,7.11,1.71
2026-04-10,NIFTY IND DIGITAL,Thematic Indices,56.4,7.1,1.71
2026-04-13,NIFTY IND DIGITAL,Thematic Indices,55.35,7.02,1.73
2026-04-15,NIFTY IND DIGITAL,Thematic Indices,56.81,7.2,1.69
2026-04-16,NIFTY IND DIGITAL,Thematic Indices,57.46,7.28,1.67
2026-04-17,NIFTY IND DIGITAL,Thematic Indices,57.94,7.31,1.66
2026-04-20,NIFTY IND DIGITAL,Thematic Indices,57.7,7.28,1.67
2026-04-21,NIFTY IND DIGITAL,Thematic Indices,58.1,7.33,1.65
2026-04-22,NIFTY IND DIGITAL,Thematic Indices,57.0,7.19,1.69
2026-04-23,NIFTY IND DIGITAL,Thematic Indices,56.32,7.14,1.7
2026-04-24,NIFTY IND DIGITAL,Thematic Indices,55.04,6.94,1.87
2026-04-27,NIFTY IND DIGITAL,Thematic Indices,54.55,7.03,1.85
2026-04-28,NIFTY IND DIGITAL,Thematic Indices,54.24,7.01,1.76
2026-04-29,NIFTY IND DIGITAL,Thematic Indices,54.49,7.05,1.75
2026-04-30,NIFTY IND DIGITAL,Thematic Indices,54.29,7.03,1.76
2026-03-02,NIFTY INFRALOG,Thematic Indices,31.27,4.01,0.84
2026-03-04,NIFTY INFRALOG,Thematic Indices,30.44,3.9,0.86
2026-03-05,NIFTY INFRALOG,Thematic Indices,31.12,3.99,0.84
2026-03-06,NIFTY INFRALOG,Thematic Indices,31.01,3.97,0.87
2026-03-09,NIFTY INFRALOG,Thematic Indices,30.29,3.88,0.89
2026-03-10,NIFTY INFRALOG,Thematic Indices,30.75,3.94,0.88
2026-03-11,NIFTY INFRALOG,Thematic Indices,30.52,3.91,0.86
2026-03-12,NIFTY INFRALOG,Thematic Indices,30.6,3.92,0.86
2026-03-13,NIFTY INFRALOG,Thematic Indices,29.77,3.81,0.89
2026-03-16,NIFTY INFRALOG,Thematic Indices,29.73,3.81,0.89
2026-03-17,NIFTY INFRALOG,Thematic Indices,30.05,3.85,0.88
2026-03-18,NIFTY INFRALOG,Thematic Indices,30.46,3.9,0.87
2026-03-19,NIFTY INFRALOG,Thematic Indices,29.59,3.79,0.89
2026-03-20,NIFTY INFRALOG,Thematic Indices,29.72,3.81,0.89
2026-03-23,NIFTY INFRALOG,Thematic Indices,28.55,3.66,0.92
2026-03-24,NIFTY INFRALOG,Thematic Indices,29.13,3.73,0.9
2026-03-25,NIFTY INFRALOG,Thematic Indices,29.73,3.81,0.88
2026-03-27,NIFTY INFRALOG,Thematic Indices,29.15,3.74,0.9
2026-03-30,NIFTY INFRALOG,Thematic Indices,29.66,3.84,0.86
2026-04-01,NIFTY INFRALOG,Thematic Indices,30.41,3.93,0.84
2026-04-02,NIFTY INFRALOG,Thematic Indices,30.37,3.93,0.84
2026-04-06,NIFTY INFRALOG,Thematic Indices,30.84,3.99,0.83
2026-04-07,NIFTY INFRALOG,Thematic Indices,30.92,4.0,0.83
2026-04-08,NIFTY INFRALOG,Thematic Indices,32.33,4.18,0.79
2026-04-09,NIFTY INFRALOG,Thematic Indices,32.37,4.19,0.79
2026-04-10,NIFTY INFRALOG,Thematic Indices,32.98,4.27,0.78
2026-04-13,NIFTY INFRALOG,Thematic Indices,32.87,4.25,0.78
2026-04-15,NIFTY INFRALOG,Thematic Indices,33.62,4.35,0.76
2026-04-16,NIFTY INFRALOG,Thematic Indices,33.91,4.39,0.75
2026-04-17,NIFTY INFRALOG,Thematic Indices,34.37,4.43,0.74
2026-04-20,NIFTY INFRALOG,Thematic Indices,34.48,4.45,0.74
2026-04-21,NIFTY INFRALOG,Thematic Indices,34.69,4.47,0.74
2026-04-22,NIFTY INFRALOG,Thematic Indices,35.01,4.51,0.73
2026-04-23,NIFTY INFRALOG,Thematic Indices,34.88,4.5,0.73
2026-04-24,NIFTY INFRALOG,Thematic Indices,34.71,4.46,0.74
2026-04-27,NIFTY INFRALOG,Thematic Indices,35.16,4.52,0.73
2026-04-28,NIFTY INFRALOG,Thematic Indices,35.06,4.53,0.73
2026-04-29,NIFTY INFRALOG,Thematic Indices,35.07,4.53,0.73
2026-04-30,NIFTY INFRALOG,Thematic Indices,34.77,4.49,0.74
2026-03-02,NIFTY INTERNET,Thematic Indices,198.97,5.73,0.44
2026-03-04,NIFTY INTERNET,Thematic Indices,197.94,5.7,0.44
2026-03-05,NIFTY INTERNET,Thematic Indices,199.13,5.73,0.44
2026-03-06,NIFTY INTERNET,Thematic Indices,195.31,5.62,0.45
2026-03-09,NIFTY INTERNET,Thematic Indices,193.73,5.58,0.45
2026-03-10,NIFTY INTERNET,Thematic Indices,194.89,5.61,0.45
2026-03-11,NIFTY INTERNET,Thematic Indices,191.57,5.52,0.46
2026-03-12,NIFTY INTERNET,Thematic Indices,189.61,5.46,0.46
2026-03-13,NIFTY INTERNET,Thematic Indices,186.5,5.37,0.47
2026-03-16,NIFTY INTERNET,Thematic Indices,188.78,5.44,0.46
2026-03-17,NIFTY INTERNET,Thematic Indices,192.92,5.56,0.45
2026-03-18,NIFTY INTERNET,Thematic Indices,199.05,5.73,0.44
2026-03-19,NIFTY INTERNET,Thematic Indices,191.66,5.52,0.46
2026-03-20,NIFTY INTERNET,Thematic Indices,193.35,5.57,0.43
2026-03-23,NIFTY INTERNET,Thematic Indices,186.73,5.38,0.45
2026-03-24,NIFTY INTERNET,Thematic Indices,192.01,5.53,0.44
2026-03-25,NIFTY INTERNET,Thematic Indices,195.31,5.63,0.43
2026-03-27,NIFTY INTERNET,Thematic Indices,190.6,5.49,0.47
2026-03-30,NIFTY INTERNET,Thematic Indices,190.12,5.62,0.45
2026-04-01,NIFTY INTERNET,Thematic Indices,195.92,5.8,0.44
2026-04-02,NIFTY INTERNET,Thematic Indices,196.43,5.81,0.44
2026-04-06,NIFTY INTERNET,Thematic Indices,198.86,5.88,0.43
2026-04-07,NIFTY INTERNET,Thematic Indices,198.68,5.85,0.43
2026-04-08,NIFTY INTERNET,Thematic Indices,207.93,6.12,0.41
2026-04-09,NIFTY INTERNET,Thematic Indices,206.16,6.07,0.42
2026-04-10,NIFTY INTERNET,Thematic Indices,208.59,6.14,0.41
2026-04-13,NIFTY INTERNET,Thematic Indices,205.22,6.04,0.42
2026-04-15,NIFTY INTERNET,Thematic Indices,211.9,6.24,0.41
2026-04-16,NIFTY INTERNET,Thematic Indices,215.17,6.34,0.4
2026-04-17,NIFTY INTERNET,Thematic Indices,218.68,6.44,0.39
2026-04-20,NIFTY INTERNET,Thematic Indices,218.75,6.44,0.39
2026-04-21,NIFTY INTERNET,Thematic Indices,210.29,6.52,0.39
2026-04-22,NIFTY INTERNET,Thematic Indices,208.81,6.54,0.39
2026-04-23,NIFTY INTERNET,Thematic Indices,207.31,6.49,0.39
2026-04-24,NIFTY INTERNET,Thematic Indices,205.37,6.43,0.39
2026-04-27,NIFTY INTERNET,Thematic Indices,205.43,6.43,0.39
2026-04-28,NIFTY INTERNET,Thematic Indices,204.81,6.41,0.39
2026-04-29,NIFTY INTERNET,Thematic Indices,203.38,6.37,0.4
2026-04-30,NIFTY INTERNET,Thematic Indices,198.33,6.31,0.4
2026-03-02,NIFTY INDIA MFG,Thematic Indices,28.34,4.43,0.98
2026-03-04,NIFTY INDIA MFG,Thematic Indices,27.63,4.32,1.01
2026-03-05,NIFTY INDIA MFG,Thematic Indices,28.16,4.4,0.99
2026-03-06,NIFTY INDIA MFG,Thematic Indices,28.12,4.4,1.01
2026-03-09,NIFTY INDIA MFG,Thematic Indices,27.46,4.29,1.03
2026-03-10,NIFTY INDIA MFG,Thematic Indices,27.93,4.37,1.01
2026-03-11,NIFTY INDIA MFG,Thematic Indices,27.57,4.31,1.01
2026-03-12,NIFTY INDIA MFG,Thematic Indices,27.4,4.28,1.04
2026-03-13,NIFTY INDIA MFG,Thematic Indices,26.54,4.15,1.07
2026-03-16,NIFTY INDIA MFG,Thematic Indices,26.5,4.14,1.07
2026-03-17,NIFTY INDIA MFG,Thematic Indices,26.84,4.2,1.06
2026-03-18,NIFTY INDIA MFG,Thematic Indices,27.09,4.24,1.04
2026-03-19,NIFTY INDIA MFG,Thematic Indices,26.21,4.1,1.07
2026-03-20,NIFTY INDIA MFG,Thematic Indices,26.46,4.14,1.06
2026-03-23,NIFTY INDIA MFG,Thematic Indices,25.59,4.0,1.1
2026-03-24,NIFTY INDIA MFG,Thematic Indices,26.03,4.07,1.08
2026-03-25,NIFTY INDIA MFG,Thematic Indices,26.55,4.15,1.06
2026-03-27,NIFTY INDIA MFG,Thematic Indices,25.95,4.06,1.13
2026-03-30,NIFTY INDIA MFG,Thematic Indices,25.69,4.05,1.13
2026-04-01,NIFTY INDIA MFG,Thematic Indices,26.09,4.12,1.11
2026-04-02,NIFTY INDIA MFG,Thematic Indices,25.96,4.1,1.12
2026-04-06,NIFTY INDIA MFG,Thematic Indices,26.11,4.12,1.11
2026-04-07,NIFTY INDIA MFG,Thematic Indices,26.28,4.15,1.11
2026-04-08,NIFTY INDIA MFG,Thematic Indices,27.26,4.3,1.07
2026-04-09,NIFTY INDIA MFG,Thematic Indices,27.39,4.32,1.06
2026-04-10,NIFTY INDIA MFG,Thematic Indices,27.83,4.39,1.04
2026-04-13,NIFTY INDIA MFG,Thematic Indices,27.53,4.35,1.06
2026-04-15,NIFTY INDIA MFG,Thematic Indices,28.09,4.43,1.04
2026-04-16,NIFTY INDIA MFG,Thematic Indices,28.26,4.46,1.03
2026-04-17,NIFTY INDIA MFG,Thematic Indices,28.5,4.49,1.02
2026-04-20,NIFTY INDIA MFG,Thematic Indices,28.5,4.49,1.02
2026-04-21,NIFTY INDIA MFG,Thematic Indices,28.52,4.5,1.02
2026-04-22,NIFTY INDIA MFG,Thematic Indices,28.58,4.5,1.02
2026-04-23,NIFTY INDIA MFG,Thematic Indices,28.39,4.47,1.02
2026-04-24,NIFTY INDIA MFG,Thematic Indices,28.11,4.43,1.03
2026-04-27,NIFTY INDIA MFG,Thematic Indices,28.58,4.51,1.02
2026-04-28,NIFTY INDIA MFG,Thematic Indices,28.51,4.5,1.02
2026-04-29,NIFTY INDIA MFG,Thematic Indices,28.66,4.52,1.01
2026-04-30,NIFTY INDIA MFG,Thematic Indices,28.45,4.49,1.04
2026-03-02,NIFTY NEW CONSUMP,Thematic Indices,55.37,6.43,0.74
2026-03-04,NIFTY NEW CONSUMP,Thematic Indices,54.32,6.31,0.75
2026-03-05,NIFTY NEW CONSUMP,Thematic Indices,55.11,6.4,0.74
2026-03-06,NIFTY NEW CONSUMP,Thematic Indices,54.38,6.32,0.75
2026-03-09,NIFTY NEW CONSUMP,Thematic Indices,53.15,6.18,0.77
2026-03-10,NIFTY NEW CONSUMP,Thematic Indices,54.18,6.29,0.76
2026-03-11,NIFTY NEW CONSUMP,Thematic Indices,53.16,6.18,0.77
2026-03-12,NIFTY NEW CONSUMP,Thematic Indices,52.32,6.08,0.78
2026-03-13,NIFTY NEW CONSUMP,Thematic Indices,51.09,5.94,0.8
2026-03-16,NIFTY NEW CONSUMP,Thematic Indices,51.44,5.98,0.8
2026-03-17,NIFTY NEW CONSUMP,Thematic Indices,52.17,6.06,0.79
2026-03-18,NIFTY NEW CONSUMP,Thematic Indices,53.34,6.2,0.77
2026-03-19,NIFTY NEW CONSUMP,Thematic Indices,51.41,5.97,0.8
2026-03-20,NIFTY NEW CONSUMP,Thematic Indices,51.69,6.01,0.79
2026-03-23,NIFTY NEW CONSUMP,Thematic Indices,49.68,5.77,0.82
2026-03-24,NIFTY NEW CONSUMP,Thematic Indices,50.83,5.91,0.8
2026-03-25,NIFTY NEW CONSUMP,Thematic Indices,52.03,6.05,0.78
2026-03-27,NIFTY NEW CONSUMP,Thematic Indices,50.68,5.89,0.8
2026-03-30,NIFTY NEW CONSUMP,Thematic Indices,51.5,6.0,0.76
2026-04-01,NIFTY NEW CONSUMP,Thematic Indices,52.9,6.16,0.74
2026-04-02,NIFTY NEW CONSUMP,Thematic Indices,52.86,6.15,0.74
2026-04-06,NIFTY NEW CONSUMP,Thematic Indices,53.89,6.27,0.73
2026-04-07,NIFTY NEW CONSUMP,Thematic Indices,53.85,6.26,0.73
2026-04-08,NIFTY NEW CONSUMP,Thematic Indices,56.59,6.58,0.69
2026-04-09,NIFTY NEW CONSUMP,Thematic Indices,56.33,6.55,0.7
2026-04-10,NIFTY NEW CONSUMP,Thematic Indices,57.44,6.68,0.68
2026-04-13,NIFTY NEW CONSUMP,Thematic Indices,56.68,6.59,0.69
2026-04-15,NIFTY NEW CONSUMP,Thematic Indices,58.01,6.75,0.68
2026-04-16,NIFTY NEW CONSUMP,Thematic Indices,58.27,6.78,0.67
2026-04-17,NIFTY NEW CONSUMP,Thematic Indices,58.91,6.85,0.67
2026-04-20,NIFTY NEW CONSUMP,Thematic Indices,59.0,6.86,0.67
2026-04-21,NIFTY NEW CONSUMP,Thematic Indices,59.34,6.92,0.66
2026-04-22,NIFTY NEW CONSUMP,Thematic Indices,59.14,6.9,0.66
2026-04-23,NIFTY NEW CONSUMP,Thematic Indices,58.2,6.79,0.67
2026-04-24,NIFTY NEW CONSUMP,Thematic Indices,57.81,6.74,0.68
2026-04-27,NIFTY NEW CONSUMP,Thematic Indices,58.5,6.82,0.68
2026-04-28,NIFTY NEW CONSUMP,Thematic Indices,58.12,6.79,0.68
2026-04-29,NIFTY NEW CONSUMP,Thematic Indices,58.35,6.82,0.67
2026-04-30,NIFTY NEW CONSUMP,Thematic Indices,57.75,6.75,0.68
2026-03-02,NIFTY INDIA RAILWAYS PSU,Thematic Indices,22.93,3.18,1.67
2026-03-04,NIFTY INDIA RAILWAYS PSU,Thematic Indices,22.17,3.08,1.72
2026-03-05,NIFTY INDIA RAILWAYS PSU,Thematic Indices,22.55,3.13,1.7
2026-03-06,NIFTY INDIA RAILWAYS PSU,Thematic Indices,22.77,3.16,1.71
2026-03-09,NIFTY INDIA RAILWAYS PSU,Thematic Indices,22.22,3.08,1.75
2026-03-10,NIFTY INDIA RAILWAYS PSU,Thematic Indices,22.53,3.13,1.73
2026-03-11,NIFTY INDIA RAILWAYS PSU,Thematic Indices,22.23,3.09,1.73
2026-03-12,NIFTY INDIA RAILWAYS PSU,Thematic Indices,22.35,3.1,1.72
2026-03-13,NIFTY INDIA RAILWAYS PSU,Thematic Indices,21.76,3.02,1.96
2026-03-16,NIFTY INDIA RAILWAYS PSU,Thematic Indices,21.52,2.99,1.98
2026-03-17,NIFTY INDIA RAILWAYS PSU,Thematic Indices,21.62,3.0,1.97
2026-03-18,NIFTY INDIA RAILWAYS PSU,Thematic Indices,21.96,3.05,1.94
2026-03-19,NIFTY INDIA RAILWAYS PSU,Thematic Indices,21.27,2.95,2.01
2026-03-20,NIFTY INDIA RAILWAYS PSU,Thematic Indices,21.35,2.96,2.0
2026-03-23,NIFTY INDIA RAILWAYS PSU,Thematic Indices,20.42,2.84,1.94
2026-03-24,NIFTY INDIA RAILWAYS PSU,Thematic Indices,20.9,2.9,1.89
2026-03-25,NIFTY INDIA RAILWAYS PSU,Thematic Indices,21.37,2.97,1.85
2026-03-27,NIFTY INDIA RAILWAYS PSU,Thematic Indices,20.98,2.91,1.89
2026-03-30,NIFTY INDIA RAILWAYS PSU,Thematic Indices,19.93,2.89,2.02
2026-04-01,NIFTY INDIA RAILWAYS PSU,Thematic Indices,20.79,3.01,1.94
2026-04-02,NIFTY INDIA RAILWAYS PSU,Thematic Indices,20.69,3.0,1.94
2026-04-06,NIFTY INDIA RAILWAYS PSU,Thematic Indices,20.89,3.03,1.92
2026-04-07,NIFTY INDIA RAILWAYS PSU,Thematic Indices,20.97,3.04,1.91
2026-04-08,NIFTY INDIA RAILWAYS PSU,Thematic Indices,21.93,3.18,1.83
2026-04-09,NIFTY INDIA RAILWAYS PSU,Thematic Indices,21.97,3.18,1.82
2026-04-10,NIFTY INDIA RAILWAYS PSU,Thematic Indices,22.22,3.22,1.8
2026-04-13,NIFTY INDIA RAILWAYS PSU,Thematic Indices,22.06,3.2,1.82
2026-04-15,NIFTY INDIA RAILWAYS PSU,Thematic Indices,22.81,3.3,1.76
2026-04-16,NIFTY INDIA RAILWAYS PSU,Thematic Indices,23.11,3.35,1.73
2026-04-17,NIFTY INDIA RAILWAYS PSU,Thematic Indices,23.54,3.41,1.7
2026-04-20,NIFTY INDIA RAILWAYS PSU,Thematic Indices,23.32,3.38,1.72
2026-04-21,NIFTY INDIA RAILWAYS PSU,Thematic Indices,23.39,3.39,1.71
2026-04-22,NIFTY INDIA RAILWAYS PSU,Thematic Indices,23.74,3.44,1.69
2026-04-23,NIFTY INDIA RAILWAYS PSU,Thematic Indices,23.53,3.41,1.7
2026-04-24,NIFTY INDIA RAILWAYS PSU,Thematic Indices,23.26,3.37,1.72
2026-04-27,NIFTY INDIA RAILWAYS PSU,Thematic Indices,23.58,3.42,1.7
2026-04-28,NIFTY INDIA RAILWAYS PSU,Thematic Indices,23.61,3.42,1.7
2026-04-29,NIFTY INDIA RAILWAYS PSU,Thematic Indices,23.54,3.41,1.7
2026-04-30,NIFTY INDIA RAILWAYS PSU,Thematic Indices,23.28,3.37,1.72
2026-03-02,NIFTY CORP MAATR,Thematic Indices,28.22,3.32,0.98
2026-03-04,NIFTY CORP MAATR,Thematic Indices,27.62,3.25,1.0
2026-03-05,NIFTY CORP MAATR,Thematic Indices,28.15,3.31,0.98
2026-03-06,NIFTY CORP MAATR,Thematic Indices,27.98,3.29,0.98
2026-03-09,NIFTY CORP MAATR,Thematic Indices,27.42,3.22,1.01
2026-03-10,NIFTY CORP MAATR,Thematic Indices,27.77,3.26,0.99
2026-03-11,NIFTY CORP MAATR,Thematic Indices,27.42,3.22,1.01
2026-03-12,NIFTY CORP MAATR,Thematic Indices,27.2,3.2,1.01
2026-03-13,NIFTY CORP MAATR,Thematic Indices,26.47,3.11,1.04
2026-03-16,NIFTY CORP MAATR,Thematic Indices,26.87,3.16,1.03
2026-03-17,NIFTY CORP MAATR,Thematic Indices,27.12,3.19,1.02
2026-03-18,NIFTY CORP MAATR,Thematic Indices,27.53,3.23,1.0
2026-03-19,NIFTY CORP MAATR,Thematic Indices,26.6,3.13,1.04
2026-03-20,NIFTY CORP MAATR,Thematic Indices,26.86,3.16,1.03
2026-03-23,NIFTY CORP MAATR,Thematic Indices,25.94,3.05,1.06
2026-03-24,NIFTY CORP MAATR,Thematic Indices,26.41,3.1,1.04
2026-03-25,NIFTY CORP MAATR,Thematic Indices,26.94,3.17,1.02
2026-03-27,NIFTY CORP MAATR,Thematic Indices,26.35,3.1,1.05
2026-03-30,NIFTY CORP MAATR,Thematic Indices,26.09,3.09,1.03
2026-04-01,NIFTY CORP MAATR,Thematic Indices,26.73,3.16,1.01
2026-04-02,NIFTY CORP MAATR,Thematic Indices,26.7,3.16,1.01
2026-04-06,NIFTY CORP MAATR,Thematic Indices,26.98,3.19,1.0
2026-04-07,NIFTY CORP MAATR,Thematic Indices,27.05,3.2,0.99
2026-04-08,NIFTY CORP MAATR,Thematic Indices,28.26,3.34,0.95
2026-04-09,NIFTY CORP MAATR,Thematic Indices,28.17,3.33,0.95
2026-04-10,NIFTY CORP MAATR,Thematic Indices,28.62,3.38,0.94
2026-04-13,NIFTY CORP MAATR,Thematic Indices,28.3,3.36,0.95
2026-04-15,NIFTY CORP MAATR,Thematic Indices,28.88,3.42,0.93
2026-04-16,NIFTY CORP MAATR,Thematic Indices,29.09,3.45,0.92
2026-04-17,NIFTY CORP MAATR,Thematic Indices,29.32,3.47,0.92
2026-04-20,NIFTY CORP MAATR,Thematic Indices,29.33,3.48,0.91
2026-04-21,NIFTY CORP MAATR,Thematic Indices,29.47,3.49,0.91
2026-04-22,NIFTY CORP MAATR,Thematic Indices,29.56,3.5,0.91
2026-04-23,NIFTY CORP MAATR,Thematic Indices,29.25,3.47,0.92
2026-04-24,NIFTY CORP MAATR,Thematic Indices,28.98,3.44,0.92
2026-04-27,NIFTY CORP MAATR,Thematic Indices,29.46,3.5,0.91
2026-04-28,NIFTY CORP MAATR,Thematic Indices,29.52,3.52,0.9
2026-04-29,NIFTY CORP MAATR,Thematic Indices,29.79,3.55,0.9
2026-04-30,NIFTY CORP MAATR,Thematic Indices,29.57,3.52,0.9
2026-03-02,NIFTY IND TOURISM,Thematic Indices,56.72,8.91,0.3
2026-03-04,NIFTY IND TOURISM,Thematic Indices,55.31,8.69,0.31
2026-03-05,NIFTY IND TOURISM,Thematic Indices,56.02,8.8,0.3
2026-03-06,NIFTY IND TOURISM,Thematic Indices,55.26,8.68,0.31
2026-03-09,NIFTY IND TOURISM,Thematic Indices,53.72,8.44,0.32
2026-03-10,NIFTY IND TOURISM,Thematic Indices,54.78,8.61,0.31
2026-03-11,NIFTY IND TOURISM,Thematic Indices,54.25,8.52,0.31
2026-03-12,NIFTY IND TOURISM,Thematic Indices,53.88,8.46,0.32
2026-03-13,NIFTY IND TOURISM,Thematic Indices,52.37,8.23,0.33
2026-03-16,NIFTY IND TOURISM,Thematic Indices,52.76,8.29,0.32
2026-03-17,NIFTY IND TOURISM,Thematic Indices,52.97,8.32,0.32
2026-03-18,NIFTY IND TOURISM,Thematic Indices,54.21,8.52,0.32
2026-03-19,NIFTY IND TOURISM,Thematic Indices,52.15,8.19,0.33
2026-03-20,NIFTY IND TOURISM,Thematic Indices,52.08,8.18,0.33
2026-03-23,NIFTY IND TOURISM,Thematic Indices,49.6,7.79,0.34
2026-03-24,NIFTY IND TOURISM,Thematic Indices,51.51,8.09,0.33
2026-03-25,NIFTY IND TOURISM,Thematic Indices,52.62,8.27,0.32
2026-03-27,NIFTY IND TOURISM,Thematic Indices,50.95,8.0,0.34
2026-03-30,NIFTY IND TOURISM,Thematic Indices,48.88,8.35,0.35
2026-04-01,NIFTY IND TOURISM,Thematic Indices,50.97,8.7,0.33
2026-04-02,NIFTY IND TOURISM,Thematic Indices,51.07,8.72,0.33
2026-04-06,NIFTY IND TOURISM,Thematic Indices,52.17,8.91,0.32
2026-04-07,NIFTY IND TOURISM,Thematic Indices,51.54,8.8,0.33
2026-04-08,NIFTY IND TOURISM,Thematic Indices,54.48,9.3,0.31
2026-04-09,NIFTY IND TOURISM,Thematic Indices,53.57,9.15,0.32
2026-04-10,NIFTY IND TOURISM,Thematic Indices,54.67,9.34,0.31
2026-04-13,NIFTY IND TOURISM,Thematic Indices,54.0,9.22,0.31
2026-04-15,NIFTY IND TOURISM,Thematic Indices,55.85,9.54,0.3
2026-04-16,NIFTY IND TOURISM,Thematic Indices,55.74,9.52,0.3
2026-04-17,NIFTY IND TOURISM,Thematic Indices,56.07,9.58,0.3
2026-04-20,NIFTY IND TOURISM,Thematic Indices,56.22,9.6,0.3
2026-04-21,NIFTY IND TOURISM,Thematic Indices,56.82,9.7,0.3
2026-04-22,NIFTY IND TOURISM,Thematic Indices,56.78,9.7,0.3
2026-04-23,NIFTY IND TOURISM,Thematic Indices,55.78,9.53,0.3
2026-04-24,NIFTY IND TOURISM,Thematic Indices,55.12,9.41,0.31
2026-04-27,NIFTY IND TOURISM,Thematic Indices,55.75,9.52,0.3
2026-04-28,NIFTY IND TOURISM,Thematic Indices,55.53,9.48,0.31
2026-04-29,NIFTY IND TOURISM,Thematic Indices,55.53,9.48,0.31
2026-04-30,NIFTY IND TOURISM,Thematic Indices,54.95,9.39,0.31
2026-03-02,NIFTY INFRA,Thematic Indices,21.06,3.06,0.98
2026-03-04,NIFTY INFRA,Thematic Indices,20.61,2.99,1.0
2026-03-05,NIFTY INFRA,Thematic Indices,21.06,3.06,0.98
2026-03-06,NIFTY INFRA,Thematic Indices,20.88,3.03,0.99
2026-03-09,NIFTY INFRA,Thematic Indices,20.56,2.98,1.01
2026-03-10,NIFTY INFRA,Thematic Indices,20.66,3.0,1.0
2026-03-11,NIFTY INFRA,Thematic Indices,20.43,2.96,1.01
2026-03-12,NIFTY INFRA,Thematic Indices,20.33,2.95,1.04
2026-03-13,NIFTY INFRA,Thematic Indices,19.82,2.87,1.07
2026-03-16,NIFTY INFRA,Thematic Indices,19.83,2.88,1.07
2026-03-17,NIFTY INFRA,Thematic Indices,20.03,2.91,1.06
2026-03-18,NIFTY INFRA,Thematic Indices,20.27,2.94,1.04
2026-03-19,NIFTY INFRA,Thematic Indices,19.7,2.86,1.07
2026-03-20,NIFTY INFRA,Thematic Indices,19.89,2.88,1.06
2026-03-23,NIFTY INFRA,Thematic Indices,19.38,2.81,1.09
2026-03-24,NIFTY INFRA,Thematic Indices,19.74,2.86,1.07
2026-03-25,NIFTY INFRA,Thematic Indices,20.09,2.91,1.05
2026-03-27,NIFTY INFRA,Thematic Indices,19.71,2.86,1.07
2026-03-30,NIFTY INFRA,Thematic Indices,19.67,2.86,1.07
2026-04-01,NIFTY INFRA,Thematic Indices,19.92,2.89,1.06
2026-04-02,NIFTY INFRA,Thematic Indices,19.83,2.88,1.06
2026-04-06,NIFTY INFRA,Thematic Indices,19.92,2.89,1.06
2026-04-07,NIFTY INFRA,Thematic Indices,20.0,2.9,1.05
2026-04-08,NIFTY INFRA,Thematic Indices,20.83,3.02,1.01
2026-04-09,NIFTY INFRA,Thematic Indices,20.67,3.0,1.02
2026-04-10,NIFTY INFRA,Thematic Indices,20.95,3.04,1.0
2026-04-13,NIFTY INFRA,Thematic Indices,20.78,3.02,1.01
2026-04-15,NIFTY INFRA,Thematic Indices,21.2,3.08,0.99
2026-04-16,NIFTY INFRA,Thematic Indices,21.21,3.08,0.99
2026-04-17,NIFTY INFRA,Thematic Indices,21.39,3.11,0.98
2026-04-20,NIFTY INFRA,Thematic Indices,21.41,3.11,0.98
2026-04-21,NIFTY INFRA,Thematic Indices,21.49,3.12,0.98
2026-04-22,NIFTY INFRA,Thematic Indices,21.5,3.12,0.98
2026-04-23,NIFTY INFRA,Thematic Indices,21.41,3.11,0.98
2026-04-24,NIFTY INFRA,Thematic Indices,21.23,3.08,0.99
2026-04-27,NIFTY INFRA,Thematic Indices,21.54,3.13,0.98
2026-04-28,NIFTY INFRA,Thematic Indices,21.7,3.14,0.97
2026-04-29,NIFTY INFRA,Thematic Indices,21.88,3.17,0.96
2026-04-30,NIFTY INFRA,Thematic Indices,21.7,3.14,0.97
2026-03-02,NIFTY IPO,Thematic Indices,55.63,9.35,0.16
2026-03-04,NIFTY IPO,Thematic Indices,54.46,9.15,0.17
2026-03-05,NIFTY IPO,Thematic Indices,54.82,9.21,0.17
2026-03-06,NIFTY IPO,Thematic Indices,54.72,9.2,0.17
2026-03-09,NIFTY IPO,Thematic Indices,54.18,8.9,0.17
2026-03-10,NIFTY IPO,Thematic Indices,55.53,9.12,0.17
2026-03-11,NIFTY IPO,Thematic Indices,55.27,9.08,0.17
2026-03-12,NIFTY IPO,Thematic Indices,55.16,9.06,0.17
2026-03-13,NIFTY IPO,Thematic Indices,54.1,8.89,0.17
2026-03-16,NIFTY IPO,Thematic Indices,53.85,8.83,0.17
2026-03-17,NIFTY IPO,Thematic Indices,54.56,8.96,0.17
2026-03-18,NIFTY IPO,Thematic Indices,55.05,9.21,0.16
2026-03-19,NIFTY IPO,Thematic Indices,53.53,8.95,0.17
2026-03-20,NIFTY IPO,Thematic Indices,54.49,9.11,0.16
2026-03-23,NIFTY IPO,Thematic Indices,52.65,8.79,0.17
2026-03-24,NIFTY IPO,Thematic Indices,53.63,8.95,0.17
2026-03-25,NIFTY IPO,Thematic Indices,54.12,9.02,0.17
2026-03-27,NIFTY IPO,Thematic Indices,53.8,8.95,0.17
2026-03-30,NIFTY IPO,Thematic Indices,57.42,9.69,0.07
2026-04-01,NIFTY IPO,Thematic Indices,58.84,9.88,0.06
2026-04-02,NIFTY IPO,Thematic Indices,58.52,9.83,0.06
2026-04-06,NIFTY IPO,Thematic Indices,59.58,10.01,0.06
2026-04-07,NIFTY IPO,Thematic Indices,60.06,9.79,0.06
2026-04-08,NIFTY IPO,Thematic Indices,62.44,10.09,0.06
2026-04-09,NIFTY IPO,Thematic Indices,63.81,10.16,0.06
2026-04-10,NIFTY IPO,Thematic Indices,65.47,10.42,0.06
2026-04-13,NIFTY IPO,Thematic Indices,65.72,10.45,0.06
2026-04-15,NIFTY IPO,Thematic Indices,66.78,10.62,0.06
2026-04-16,NIFTY IPO,Thematic Indices,67.61,10.71,0.06
2026-04-17,NIFTY IPO,Thematic Indices,67.08,10.73,0.06
2026-04-20,NIFTY IPO,Thematic Indices,67.38,10.76,0.06
2026-04-21,NIFTY IPO,Thematic Indices,68.45,10.92,0.05
2026-04-22,NIFTY IPO,Thematic Indices,68.3,10.96,0.05
2026-04-23,NIFTY IPO,Thematic Indices,67.94,10.9,0.05
2026-04-24,NIFTY IPO,Thematic Indices,67.59,10.84,0.05
2026-04-27,NIFTY IPO,Thematic Indices,67.04,10.99,0.05
2026-04-28,NIFTY IPO,Thematic Indices,66.76,10.98,0.05
2026-04-29,NIFTY IPO,Thematic Indices,66.71,10.98,0.05
2026-04-30,NIFTY IPO,Thematic Indices,66.5,10.97,0.05
2026-03-02,NIFTY MID LIQ 15,Thematic Indices,35.12,4.2,0.69
2026-03-04,NIFTY MID LIQ 15,Thematic Indices,34.63,4.14,0.7
2026-03-05,NIFTY MID LIQ 15,Thematic Indices,35.18,4.2,0.69
2026-03-06,NIFTY MID LIQ 15,Thematic Indices,34.93,4.17,0.69
2026-03-09,NIFTY MID LIQ 15,Thematic Indices,34.43,4.11,0.7
2026-03-10,NIFTY MID LIQ 15,Thematic Indices,35.31,4.22,0.68
2026-03-11,NIFTY MID LIQ 15,Thematic Indices,34.77,4.15,0.7
2026-03-12,NIFTY MID LIQ 15,Thematic Indices,34.62,4.14,0.7
2026-03-13,NIFTY MID LIQ 15,Thematic Indices,33.78,4.04,0.72
2026-03-16,NIFTY MID LIQ 15,Thematic Indices,33.88,4.05,0.71
2026-03-17,NIFTY MID LIQ 15,Thematic Indices,34.22,4.09,0.71
2026-03-18,NIFTY MID LIQ 15,Thematic Indices,34.98,4.18,0.69
2026-03-19,NIFTY MID LIQ 15,Thematic Indices,33.78,4.04,0.72
2026-03-20,NIFTY MID LIQ 15,Thematic Indices,34.02,4.06,0.71
2026-03-23,NIFTY MID LIQ 15,Thematic Indices,32.87,3.93,0.74
2026-03-24,NIFTY MID LIQ 15,Thematic Indices,33.82,4.04,0.71
2026-03-25,NIFTY MID LIQ 15,Thematic Indices,34.43,4.11,0.7
2026-03-27,NIFTY MID LIQ 15,Thematic Indices,33.63,4.02,0.72
2026-03-30,NIFTY MID LIQ 15,Thematic Indices,41.13,4.51,0.62
2026-04-01,NIFTY MID LIQ 15,Thematic Indices,42.46,4.65,0.6
2026-04-02,NIFTY MID LIQ 15,Thematic Indices,42.46,4.65,0.6
2026-04-06,NIFTY MID LIQ 15,Thematic Indices,43.32,4.75,0.59
2026-04-07,NIFTY MID LIQ 15,Thematic Indices,43.38,4.75,0.59
2026-04-08,NIFTY MID LIQ 15,Thematic Indices,45.65,5.0,0.56
2026-04-09,NIFTY MID LIQ 15,Thematic Indices,45.79,5.02,0.56
2026-04-10,NIFTY MID LIQ 15,Thematic Indices,46.29,5.07,0.55
2026-04-13,NIFTY MID LIQ 15,Thematic Indices,46.02,5.04,0.55
2026-04-15,NIFTY MID LIQ 15,Thematic Indices,47.13,5.17,0.54
2026-04-16,NIFTY MID LIQ 15,Thematic Indices,47.5,5.21,0.54
2026-04-17,NIFTY MID LIQ 15,Thematic Indices,47.98,5.26,0.53
2026-04-20,NIFTY MID LIQ 15,Thematic Indices,47.05,5.22,0.54
2026-04-21,NIFTY MID LIQ 15,Thematic Indices,46.99,5.27,0.53
2026-04-22,NIFTY MID LIQ 15,Thematic Indices,46.86,5.26,0.53
2026-04-23,NIFTY MID LIQ 15,Thematic Indices,46.14,5.2,0.54
2026-04-24,NIFTY MID LIQ 15,Thematic Indices,45.58,5.14,0.54
2026-04-27,NIFTY MID LIQ 15,Thematic Indices,46.48,5.24,0.53
2026-04-28,NIFTY MID LIQ 15,Thematic Indices,40.87,5.27,0.53
2026-04-29,NIFTY MID LIQ 15,Thematic Indices,40.9,5.27,0.53
2026-04-30,NIFTY MID LIQ 15,Thematic Indices,40.62,5.23,0.53
2026-03-02,NIFTY MS IND CONS,Thematic Indices,83.44,9.22,0.81
2026-03-04,NIFTY MS IND CONS,Thematic Indices,81.95,9.06,0.82
2026-03-05,NIFTY MS IND CONS,Thematic Indices,83.16,9.19,0.81
2026-03-06,NIFTY MS IND CONS,Thematic Indices,82.43,9.11,0.82
2026-03-09,NIFTY MS IND CONS,Thematic Indices,81.08,8.96,0.83
2026-03-10,NIFTY MS IND CONS,Thematic Indices,82.68,9.14,0.82
2026-03-11,NIFTY MS IND CONS,Thematic Indices,81.49,9.01,0.83
2026-03-12,NIFTY MS IND CONS,Thematic Indices,80.41,8.89,0.84
2026-03-13,NIFTY MS IND CONS,Thematic Indices,78.75,8.7,0.86
2026-03-16,NIFTY MS IND CONS,Thematic Indices,78.53,8.68,0.86
2026-03-17,NIFTY MS IND CONS,Thematic Indices,78.95,8.73,0.86
2026-03-18,NIFTY MS IND CONS,Thematic Indices,80.25,8.87,0.84
2026-03-19,NIFTY MS IND CONS,Thematic Indices,77.36,8.55,0.87
2026-03-20,NIFTY MS IND CONS,Thematic Indices,77.68,8.59,0.87
2026-03-23,NIFTY MS IND CONS,Thematic Indices,74.9,8.28,0.9
2026-03-24,NIFTY MS IND CONS,Thematic Indices,76.68,8.48,0.88
2026-03-25,NIFTY MS IND CONS,Thematic Indices,78.41,8.67,0.86
2026-03-27,NIFTY MS IND CONS,Thematic Indices,76.45,8.45,0.88
2026-03-30,NIFTY MS IND CONS,Thematic Indices,71.68,7.44,0.89
2026-04-01,NIFTY MS IND CONS,Thematic Indices,72.77,7.56,0.88
2026-04-02,NIFTY MS IND CONS,Thematic Indices,72.89,7.57,0.88
2026-04-06,NIFTY MS IND CONS,Thematic Indices,73.99,7.68,0.86
2026-04-07,NIFTY MS IND CONS,Thematic Indices,73.98,7.68,0.86
2026-04-08,NIFTY MS IND CONS,Thematic Indices,76.49,7.94,0.83
2026-04-09,NIFTY MS IND CONS,Thematic Indices,76.32,7.93,0.84
2026-04-10,NIFTY MS IND CONS,Thematic Indices,77.51,8.05,0.82
2026-04-13,NIFTY MS IND CONS,Thematic Indices,76.82,7.98,0.83
2026-04-15,NIFTY MS IND CONS,Thematic Indices,78.69,8.17,0.81
2026-04-16,NIFTY MS IND CONS,Thematic Indices,79.05,8.21,0.81
2026-04-17,NIFTY MS IND CONS,Thematic Indices,80.13,8.32,0.8
2026-04-20,NIFTY MS IND CONS,Thematic Indices,80.29,8.34,0.8
2026-04-21,NIFTY MS IND CONS,Thematic Indices,81.03,8.42,0.79
2026-04-22,NIFTY MS IND CONS,Thematic Indices,81.41,8.46,0.78
2026-04-23,NIFTY MS IND CONS,Thematic Indices,80.57,8.37,0.79
2026-04-24,NIFTY MS IND CONS,Thematic Indices,79.1,8.28,0.81
2026-04-27,NIFTY MS IND CONS,Thematic Indices,80.59,8.43,0.79
2026-04-28,NIFTY MS IND CONS,Thematic Indices,80.05,8.43,0.79
2026-04-29,NIFTY MS IND CONS,Thematic Indices,79.82,8.41,0.8
2026-04-30,NIFTY MS IND CONS,Thematic Indices,78.97,8.32,0.8
2026-03-02,NIFTY MNC,Thematic Indices,38.79,9.0,1.48
2026-03-04,NIFTY MNC,Thematic Indices,37.72,8.75,1.53
2026-03-05,NIFTY MNC,Thematic Indices,38.17,8.85,1.51
2026-03-06,NIFTY MNC,Thematic Indices,38.12,8.85,1.51
2026-03-09,NIFTY MNC,Thematic Indices,37.29,8.65,1.54
2026-03-10,NIFTY MNC,Thematic Indices,37.86,8.79,1.52
2026-03-11,NIFTY MNC,Thematic Indices,37.37,8.67,1.54
2026-03-12,NIFTY MNC,Thematic Indices,37.0,8.59,1.55
2026-03-13,NIFTY MNC,Thematic Indices,36.22,8.41,1.59
2026-03-16,NIFTY MNC,Thematic Indices,36.18,8.4,1.59
2026-03-17,NIFTY MNC,Thematic Indices,36.38,8.44,1.58
2026-03-18,NIFTY MNC,Thematic Indices,36.53,8.48,1.53
2026-03-19,NIFTY MNC,Thematic Indices,35.47,8.23,1.57
2026-03-20,NIFTY MNC,Thematic Indices,35.72,8.29,1.56
2026-03-23,NIFTY MNC,Thematic Indices,34.67,8.05,1.61
2026-03-24,NIFTY MNC,Thematic Indices,35.26,8.18,1.58
2026-03-25,NIFTY MNC,Thematic Indices,35.97,8.35,1.55
2026-03-27,NIFTY MNC,Thematic Indices,35.04,8.12,1.79
2026-03-30,NIFTY MNC,Thematic Indices,34.66,7.66,1.73
2026-04-01,NIFTY MNC,Thematic Indices,35.25,7.79,1.7
2026-04-02,NIFTY MNC,Thematic Indices,35.37,7.82,1.7
2026-04-06,NIFTY MNC,Thematic Indices,35.66,7.88,1.68
2026-04-07,NIFTY MNC,Thematic Indices,35.88,7.93,1.67
2026-04-08,NIFTY MNC,Thematic Indices,37.05,8.19,1.62
2026-04-09,NIFTY MNC,Thematic Indices,37.23,8.22,1.61
2026-04-10,NIFTY MNC,Thematic Indices,38.01,8.39,1.58
2026-04-13,NIFTY MNC,Thematic Indices,37.45,8.26,1.59
2026-04-15,NIFTY MNC,Thematic Indices,38.12,8.41,1.56
2026-04-16,NIFTY MNC,Thematic Indices,38.27,8.45,1.56
2026-04-17,NIFTY MNC,Thematic Indices,39.09,8.54,1.53
2026-04-20,NIFTY MNC,Thematic Indices,39.11,8.54,1.53
2026-04-21,NIFTY MNC,Thematic Indices,39.61,8.66,1.5
2026-04-22,NIFTY MNC,Thematic Indices,39.93,8.73,1.49
2026-04-23,NIFTY MNC,Thematic Indices,39.6,8.69,1.5
2026-04-24,NIFTY MNC,Thematic Indices,39.26,8.63,1.51
2026-04-27,NIFTY MNC,Thematic Indices,39.64,8.71,1.5
2026-04-28,NIFTY MNC,Thematic Indices,39.49,8.69,1.5
2026-04-29,NIFTY MNC,Thematic Indices,39.85,8.76,1.49
2026-04-30,NIFTY MNC,Thematic Indices,39.51,8.69,1.52
2026-03-02,NIFTY MOBILITY,Thematic Indices,32.16,4.57,1.04
2026-03-04,NIFTY MOBILITY,Thematic Indices,31.38,4.46,1.07
2026-03-05,NIFTY MOBILITY,Thematic Indices,32.01,4.55,1.05
2026-03-06,NIFTY MOBILITY,Thematic Indices,31.59,4.49,1.06
2026-03-09,NIFTY MOBILITY,Thematic Indices,30.54,4.34,1.1
2026-03-10,NIFTY MOBILITY,Thematic Indices,31.14,4.42,1.08
2026-03-11,NIFTY MOBILITY,Thematic Indices,30.42,4.32,1.1
2026-03-12,NIFTY MOBILITY,Thematic Indices,29.81,4.24,1.14
2026-03-13,NIFTY MOBILITY,Thematic Indices,28.94,4.11,1.17
2026-03-16,NIFTY MOBILITY,Thematic Indices,29.21,4.15,1.16
2026-03-17,NIFTY MOBILITY,Thematic Indices,29.67,4.22,1.15
2026-03-18,NIFTY MOBILITY,Thematic Indices,30.23,4.3,1.12
2026-03-19,NIFTY MOBILITY,Thematic Indices,29.0,4.12,1.17
2026-03-20,NIFTY MOBILITY,Thematic Indices,29.24,4.15,1.16
2026-03-23,NIFTY MOBILITY,Thematic Indices,28.25,4.01,1.2
2026-03-24,NIFTY MOBILITY,Thematic Indices,29.01,4.12,1.17
2026-03-25,NIFTY MOBILITY,Thematic Indices,29.58,4.2,1.15
2026-03-27,NIFTY MOBILITY,Thematic Indices,28.72,4.08,1.18
2026-03-30,NIFTY MOBILITY,Thematic Indices,28.8,4.17,1.15
2026-04-01,NIFTY MOBILITY,Thematic Indices,29.47,4.27,1.12
2026-04-02,NIFTY MOBILITY,Thematic Indices,29.25,4.24,1.13
2026-04-06,NIFTY MOBILITY,Thematic Indices,29.51,4.27,1.12
2026-04-07,NIFTY MOBILITY,Thematic Indices,29.53,4.28,1.12
2026-04-08,NIFTY MOBILITY,Thematic Indices,31.4,4.55,1.05
2026-04-09,NIFTY MOBILITY,Thematic Indices,31.15,4.51,1.06
2026-04-10,NIFTY MOBILITY,Thematic Indices,31.91,4.62,1.03
2026-04-13,NIFTY MOBILITY,Thematic Indices,31.23,4.52,1.06
2026-04-15,NIFTY MOBILITY,Thematic Indices,31.96,4.63,1.03
2026-04-16,NIFTY MOBILITY,Thematic Indices,32.07,4.64,1.03
2026-04-17,NIFTY MOBILITY,Thematic Indices,32.21,4.66,1.02
2026-04-20,NIFTY MOBILITY,Thematic Indices,32.3,4.68,1.02
2026-04-21,NIFTY MOBILITY,Thematic Indices,32.46,4.7,1.02
2026-04-22,NIFTY MOBILITY,Thematic Indices,32.45,4.7,1.02
2026-04-23,NIFTY MOBILITY,Thematic Indices,31.86,4.61,1.04
2026-04-24,NIFTY MOBILITY,Thematic Indices,31.55,4.57,1.05
2026-04-27,NIFTY MOBILITY,Thematic Indices,31.94,4.62,1.03
2026-04-28,NIFTY MOBILITY,Thematic Indices,31.73,4.59,1.04
2026-04-29,NIFTY MOBILITY,Thematic Indices,31.9,4.61,1.04
2026-04-30,NIFTY MOBILITY,Thematic Indices,31.65,4.57,1.04
2026-03-02,NIFTY NONCYC CONS,Thematic Indices,52.35,10.08,0.91
2026-03-04,NIFTY NONCYC CONS,Thematic Indices,51.61,9.94,0.92
2026-03-05,NIFTY NONCYC CONS,Thematic Indices,51.98,10.01,0.92
2026-03-06,NIFTY NONCYC CONS,Thematic Indices,51.47,9.91,0.93
2026-03-09,NIFTY NONCYC CONS,Thematic Indices,50.73,9.77,0.94
2026-03-10,NIFTY NONCYC CONS,Thematic Indices,51.2,9.86,0.93
2026-03-11,NIFTY NONCYC CONS,Thematic Indices,50.45,9.72,0.94
2026-03-12,NIFTY NONCYC CONS,Thematic Indices,49.82,9.6,0.96
2026-03-13,NIFTY NONCYC CONS,Thematic Indices,49.26,9.49,0.97
2026-03-16,NIFTY NONCYC CONS,Thematic Indices,49.67,9.57,0.96
2026-03-17,NIFTY NONCYC CONS,Thematic Indices,50.03,9.58,0.95
2026-03-18,NIFTY NONCYC CONS,Thematic Indices,50.6,9.69,0.94
2026-03-19,NIFTY NONCYC CONS,Thematic Indices,49.04,9.39,0.97
2026-03-20,NIFTY NONCYC CONS,Thematic Indices,49.31,9.44,0.97
2026-03-23,NIFTY NONCYC CONS,Thematic Indices,47.7,9.14,1.0
2026-03-24,NIFTY NONCYC CONS,Thematic Indices,48.66,9.32,0.98
2026-03-25,NIFTY NONCYC CONS,Thematic Indices,49.76,9.53,0.96
2026-03-27,NIFTY NONCYC CONS,Thematic Indices,48.72,9.33,0.98
2026-03-30,NIFTY NONCYC CONS,Thematic Indices,47.13,9.17,1.01
2026-04-01,NIFTY NONCYC CONS,Thematic Indices,48.19,9.38,0.99
2026-04-02,NIFTY NONCYC CONS,Thematic Indices,48.27,9.39,0.99
2026-04-06,NIFTY NONCYC CONS,Thematic Indices,49.0,9.54,0.96
2026-04-07,NIFTY NONCYC CONS,Thematic Indices,49.16,9.57,0.96
2026-04-08,NIFTY NONCYC CONS,Thematic Indices,50.59,9.84,0.93
2026-04-09,NIFTY NONCYC CONS,Thematic Indices,50.24,9.78,0.94
2026-04-10,NIFTY NONCYC CONS,Thematic Indices,50.92,9.91,0.93
2026-04-13,NIFTY NONCYC CONS,Thematic Indices,50.38,9.8,0.94
2026-04-15,NIFTY NONCYC CONS,Thematic Indices,51.4,10.0,0.92
2026-04-16,NIFTY NONCYC CONS,Thematic Indices,51.55,10.03,0.92
2026-04-17,NIFTY NONCYC CONS,Thematic Indices,52.39,10.2,0.9
2026-04-20,NIFTY NONCYC CONS,Thematic Indices,52.48,10.21,0.9
2026-04-21,NIFTY NONCYC CONS,Thematic Indices,53.35,10.38,0.89
2026-04-22,NIFTY NONCYC CONS,Thematic Indices,53.57,10.42,0.88
2026-04-23,NIFTY NONCYC CONS,Thematic Indices,53.05,10.35,0.89
2026-04-24,NIFTY NONCYC CONS,Thematic Indices,52.65,10.25,0.9
2026-04-27,NIFTY NONCYC CONS,Thematic Indices,52.96,10.31,0.89
2026-04-28,NIFTY NONCYC CONS,Thematic Indices,52.73,10.28,0.9
2026-04-29,NIFTY NONCYC CONS,Thematic Indices,53.06,10.35,0.89
2026-04-30,NIFTY NONCYC CONS,Thematic Indices,52.24,10.21,0.9
2026-03-02,NIFTY PSE,Thematic Indices,11.23,2.07,2.73
2026-03-04,NIFTY PSE,Thematic Indices,10.94,2.02,2.8
2026-03-05,NIFTY PSE,Thematic Indices,11.19,2.06,2.74
2026-03-06,NIFTY PSE,Thematic Indices,11.2,2.07,2.79
2026-03-09,NIFTY PSE,Thematic Indices,10.93,2.02,2.86
2026-03-10,NIFTY PSE,Thematic Indices,11.03,2.04,2.83
2026-03-11,NIFTY PSE,Thematic Indices,10.99,2.03,2.8
2026-03-12,NIFTY PSE,Thematic Indices,11.16,2.06,2.82
2026-03-13,NIFTY PSE,Thematic Indices,10.92,2.02,2.89
2026-03-16,NIFTY PSE,Thematic Indices,10.76,1.99,2.94
2026-03-17,NIFTY PSE,Thematic Indices,10.85,2.0,2.91
2026-03-18,NIFTY PSE,Thematic Indices,10.9,2.01,2.9
2026-03-19,NIFTY PSE,Thematic Indices,10.65,1.97,2.92
2026-03-20,NIFTY PSE,Thematic Indices,10.72,1.98,2.94
2026-03-23,NIFTY PSE,Thematic Indices,10.41,1.92,2.99
2026-03-24,NIFTY PSE,Thematic Indices,10.5,1.94,2.96
2026-03-25,NIFTY PSE,Thematic Indices,10.56,1.95,2.94
2026-03-27,NIFTY PSE,Thematic Indices,10.5,1.94,2.92
2026-03-30,NIFTY PSE,Thematic Indices,10.35,1.91,2.96
2026-04-01,NIFTY PSE,Thematic Indices,10.5,1.94,2.92
2026-04-02,NIFTY PSE,Thematic Indices,10.47,1.93,2.93
2026-04-06,NIFTY PSE,Thematic Indices,10.57,1.95,2.9
2026-04-07,NIFTY PSE,Thematic Indices,10.64,1.97,2.88
2026-04-08,NIFTY PSE,Thematic Indices,10.85,2.0,2.83
2026-04-09,NIFTY PSE,Thematic Indices,10.97,2.03,2.79
2026-04-10,NIFTY PSE,Thematic Indices,11.02,2.04,2.78
2026-04-13,NIFTY PSE,Thematic Indices,11.0,2.03,2.79
2026-04-15,NIFTY PSE,Thematic Indices,11.24,2.08,2.73
2026-04-16,NIFTY PSE,Thematic Indices,11.32,2.09,2.71
2026-04-17,NIFTY PSE,Thematic Indices,11.47,2.12,2.67
2026-04-20,NIFTY PSE,Thematic Indices,11.51,2.13,2.66
2026-04-21,NIFTY PSE,Thematic Indices,11.51,2.13,2.66
2026-04-22,NIFTY PSE,Thematic Indices,11.57,2.14,2.65
2026-04-23,NIFTY PSE,Thematic Indices,11.53,2.13,2.66
2026-04-24,NIFTY PSE,Thematic Indices,11.48,2.12,2.67
2026-04-27,NIFTY PSE,Thematic Indices,11.57,2.14,2.65
2026-04-28,NIFTY PSE,Thematic Indices,11.61,2.15,2.63
2026-04-29,NIFTY PSE,Thematic Indices,11.56,2.15,2.64
2026-04-30,NIFTY PSE,Thematic Indices,11.51,2.13,2.66
2026-03-02,NIFTY REITS & INVITS,Thematic Indices,45.86,1.97,5.76
2026-03-04,NIFTY REITS & INVITS,Thematic Indices,44.92,1.93,5.75
2026-03-05,NIFTY REITS & INVITS,Thematic Indices,45.18,1.94,5.71
2026-03-06,NIFTY REITS & INVITS,Thematic Indices,45.52,1.95,5.67
2026-03-09,NIFTY REITS & INVITS,Thematic Indices,45.15,1.94,5.72
2026-03-10,NIFTY REITS & INVITS,Thematic Indices,45.09,1.93,5.72
2026-03-11,NIFTY REITS & INVITS,Thematic Indices,45.11,1.93,5.72
2026-03-12,NIFTY REITS & INVITS,Thematic Indices,45.09,1.93,5.72
2026-03-13,NIFTY REITS & INVITS,Thematic Indices,44.95,1.93,5.74
2026-03-16,NIFTY REITS & INVITS,Thematic Indices,44.81,1.92,5.76
2026-03-17,NIFTY REITS & INVITS,Thematic Indices,44.84,1.92,5.76
2026-03-18,NIFTY REITS & INVITS,Thematic Indices,44.82,1.92,5.76
2026-03-19,NIFTY REITS & INVITS,Thematic Indices,44.55,1.91,5.79
2026-03-20,NIFTY REITS & INVITS,Thematic Indices,44.52,1.91,5.8
2026-03-23,NIFTY REITS & INVITS,Thematic Indices,43.9,1.88,5.88
2026-03-24,NIFTY REITS & INVITS,Thematic Indices,44.62,1.91,5.79
2026-03-25,NIFTY REITS & INVITS,Thematic Indices,40.51,1.93,5.74
2026-03-27,NIFTY REITS & INVITS,Thematic Indices,40.27,1.92,5.77
2026-03-30,NIFTY REITS & INVITS,Thematic Indices,40.08,1.9,5.87
2026-04-01,NIFTY REITS & INVITS,Thematic Indices,40.1,1.9,5.86
2026-04-02,NIFTY REITS & INVITS,Thematic Indices,40.38,1.91,5.82
2026-04-06,NIFTY REITS & INVITS,Thematic Indices,40.55,1.92,5.8
2026-04-07,NIFTY REITS & INVITS,Thematic Indices,40.68,1.93,5.78
2026-04-08,NIFTY REITS & INVITS,Thematic Indices,41.35,1.96,5.69
2026-04-09,NIFTY REITS & INVITS,Thematic Indices,41.54,1.97,5.66
2026-04-10,NIFTY REITS & INVITS,Thematic Indices,41.78,1.98,5.63
2026-04-13,NIFTY REITS & INVITS,Thematic Indices,41.73,1.98,5.63
2026-04-15,NIFTY REITS & INVITS,Thematic Indices,41.79,1.98,5.63
2026-04-16,NIFTY REITS & INVITS,Thematic Indices,41.62,1.97,5.65
2026-04-17,NIFTY REITS & INVITS,Thematic Indices,41.6,1.97,5.65
2026-04-20,NIFTY REITS & INVITS,Thematic Indices,41.28,1.95,5.7
2026-04-21,NIFTY REITS & INVITS,Thematic Indices,41.47,1.96,5.67
2026-04-22,NIFTY REITS & INVITS,Thematic Indices,41.23,1.95,5.7
2026-04-23,NIFTY REITS & INVITS,Thematic Indices,41.08,1.94,5.72
2026-04-24,NIFTY REITS & INVITS,Thematic Indices,41.13,1.95,5.72
2026-04-27,NIFTY REITS & INVITS,Thematic Indices,41.23,1.95,5.7
2026-04-28,NIFTY REITS & INVITS,Thematic Indices,41.13,1.95,5.72
2026-04-29,NIFTY REITS & INVITS,Thematic Indices,41.15,1.95,5.71
2026-04-30,NIFTY REITS & INVITS,Thematic Indices,41.66,1.97,6.07
2026-03-02,NIFTY RURAL,Thematic Indices,26.38,4.11,1.14
2026-03-04,NIFTY RURAL,Thematic Indices,25.85,4.02,1.16
2026-03-05,NIFTY RURAL,Thematic Indices,26.13,4.07,1.15
2026-03-06,NIFTY RURAL,Thematic Indices,25.81,4.02,1.17
2026-03-09,NIFTY RURAL,Thematic Indices,25.19,3.92,1.19
2026-03-10,NIFTY RURAL,Thematic Indices,25.62,3.99,1.17
2026-03-11,NIFTY RURAL,Thematic Indices,25.14,3.91,1.2
2026-03-12,NIFTY RURAL,Thematic Indices,24.85,3.87,1.21
2026-03-13,NIFTY RURAL,Thematic Indices,24.35,3.79,1.24
2026-03-16,NIFTY RURAL,Thematic Indices,24.57,3.83,1.23
2026-03-17,NIFTY RURAL,Thematic Indices,24.75,3.85,1.22
2026-03-18,NIFTY RURAL,Thematic Indices,24.98,3.89,1.21
2026-03-19,NIFTY RURAL,Thematic Indices,24.18,3.77,1.25
2026-03-20,NIFTY RURAL,Thematic Indices,24.32,3.79,1.24
2026-03-23,NIFTY RURAL,Thematic Indices,23.53,3.66,1.28
2026-03-24,NIFTY RURAL,Thematic Indices,23.92,3.72,1.26
2026-03-25,NIFTY RURAL,Thematic Indices,24.5,3.82,1.23
2026-03-27,NIFTY RURAL,Thematic Indices,23.95,3.73,1.25
2026-03-30,NIFTY RURAL,Thematic Indices,24.02,3.75,1.26
2026-04-01,NIFTY RURAL,Thematic Indices,24.37,3.81,1.24
2026-04-02,NIFTY RURAL,Thematic Indices,24.3,3.8,1.24
2026-04-06,NIFTY RURAL,Thematic Indices,24.64,3.85,1.22
2026-04-07,NIFTY RURAL,Thematic Indices,24.75,3.87,1.22
2026-04-08,NIFTY RURAL,Thematic Indices,25.8,4.03,1.17
2026-04-09,NIFTY RURAL,Thematic Indices,25.69,4.01,1.17
2026-04-10,NIFTY RURAL,Thematic Indices,26.17,4.09,1.15
2026-04-13,NIFTY RURAL,Thematic Indices,25.9,4.05,1.16
2026-04-15,NIFTY RURAL,Thematic Indices,26.27,4.1,1.15
2026-04-16,NIFTY RURAL,Thematic Indices,26.26,4.1,1.15
2026-04-17,NIFTY RURAL,Thematic Indices,26.48,4.14,1.14
2026-04-20,NIFTY RURAL,Thematic Indices,26.59,4.16,1.14
2026-04-21,NIFTY RURAL,Thematic Indices,26.8,4.19,1.13
2026-04-22,NIFTY RURAL,Thematic Indices,26.78,4.19,1.13
2026-04-23,NIFTY RURAL,Thematic Indices,26.47,4.14,1.14
2026-04-24,NIFTY RURAL,Thematic Indices,26.32,4.11,1.15
2026-04-27,NIFTY RURAL,Thematic Indices,26.54,4.15,1.14
2026-04-28,NIFTY RURAL,Thematic Indices,26.27,4.13,1.14
2026-04-29,NIFTY RURAL,Thematic Indices,26.46,4.16,1.13
2026-04-30,NIFTY RURAL,Thematic Indices,26.43,4.15,1.14
2026-03-02,NIFTY SERV SECTOR,Thematic Indices,20.69,3.37,1.31
2026-03-04,NIFTY SERV SECTOR,Thematic Indices,20.45,3.33,1.33
2026-03-05,NIFTY SERV SECTOR,Thematic Indices,20.58,3.35,1.32
2026-03-06,NIFTY SERV SECTOR,Thematic Indices,20.21,3.29,1.35
2026-03-09,NIFTY SERV SECTOR,Thematic Indices,19.87,3.23,1.37
2026-03-10,NIFTY SERV SECTOR,Thematic Indices,20.07,3.27,1.36
2026-03-11,NIFTY SERV SECTOR,Thematic Indices,19.71,3.21,1.38
2026-03-12,NIFTY SERV SECTOR,Thematic Indices,19.57,3.19,1.39
2026-03-13,NIFTY SERV SECTOR,Thematic Indices,19.22,3.13,1.41
2026-03-16,NIFTY SERV SECTOR,Thematic Indices,19.43,3.16,1.4
2026-03-17,NIFTY SERV SECTOR,Thematic Indices,19.57,3.19,1.39
2026-03-18,NIFTY SERV SECTOR,Thematic Indices,19.76,3.22,1.38
2026-03-19,NIFTY SERV SECTOR,Thematic Indices,19.07,3.11,1.43
2026-03-20,NIFTY SERV SECTOR,Thematic Indices,19.07,3.11,1.43
2026-03-23,NIFTY SERV SECTOR,Thematic Indices,18.57,3.02,1.46
2026-03-24,NIFTY SERV SECTOR,Thematic Indices,18.95,3.08,1.44
2026-03-25,NIFTY SERV SECTOR,Thematic Indices,19.26,3.14,1.41
2026-03-27,NIFTY SERV SECTOR,Thematic Indices,18.87,3.07,1.44
2026-03-30,NIFTY SERV SECTOR,Thematic Indices,18.48,3.01,1.47
2026-04-01,NIFTY SERV SECTOR,Thematic Indices,18.78,3.06,1.45
2026-04-02,NIFTY SERV SECTOR,Thematic Indices,18.88,3.08,1.44
2026-04-06,NIFTY SERV SECTOR,Thematic Indices,19.19,3.13,1.42
2026-04-07,NIFTY SERV SECTOR,Thematic Indices,19.35,3.15,1.41
2026-04-08,NIFTY SERV SECTOR,Thematic Indices,20.11,3.28,1.35
2026-04-09,NIFTY SERV SECTOR,Thematic Indices,19.87,3.24,1.37
2026-04-10,NIFTY SERV SECTOR,Thematic Indices,20.1,3.28,1.35
2026-04-13,NIFTY SERV SECTOR,Thematic Indices,19.98,3.26,1.36
2026-04-15,NIFTY SERV SECTOR,Thematic Indices,20.29,3.31,1.34
2026-04-16,NIFTY SERV SECTOR,Thematic Indices,20.23,3.3,1.34
2026-04-17,NIFTY SERV SECTOR,Thematic Indices,20.34,3.32,1.33
2026-04-20,NIFTY SERV SECTOR,Thematic Indices,20.36,3.32,1.33
2026-04-21,NIFTY SERV SECTOR,Thematic Indices,20.41,3.36,1.32
2026-04-22,NIFTY SERV SECTOR,Thematic Indices,20.15,3.32,1.34
2026-04-23,NIFTY SERV SECTOR,Thematic Indices,19.91,3.28,1.35
2026-04-24,NIFTY SERV SECTOR,Thematic Indices,19.64,3.23,1.41
2026-04-27,NIFTY SERV SECTOR,Thematic Indices,19.68,3.25,1.4
2026-04-28,NIFTY SERV SECTOR,Thematic Indices,19.35,3.23,1.38
2026-04-29,NIFTY SERV SECTOR,Thematic Indices,19.39,3.23,1.38
2026-04-30,NIFTY SERV SECTOR,Thematic Indices,19.32,3.22,1.39
2026-03-02,NIFTY SHARIAH 25,Thematic Indices,27.85,4.94,1.75
2026-03-04,NIFTY SHARIAH 25,Thematic Indices,27.36,4.85,1.78
2026-03-05,NIFTY SHARIAH 25,Thematic Indices,27.47,4.88,1.78
2026-03-06,NIFTY SHARIAH 25,Thematic Indices,27.37,4.86,1.78
2026-03-09,NIFTY SHARIAH 25,Thematic Indices,26.9,4.77,1.81
2026-03-10,NIFTY SHARIAH 25,Thematic Indices,27.22,4.83,1.79
2026-03-11,NIFTY SHARIAH 25,Thematic Indices,26.88,4.77,1.82
2026-03-12,NIFTY SHARIAH 25,Thematic Indices,26.77,4.75,1.82
2026-03-13,NIFTY SHARIAH 25,Thematic Indices,26.28,4.66,1.86
2026-03-16,NIFTY SHARIAH 25,Thematic Indices,26.34,4.67,1.85
2026-03-17,NIFTY SHARIAH 25,Thematic Indices,26.34,4.67,1.85
2026-03-18,NIFTY SHARIAH 25,Thematic Indices,26.68,4.74,1.83
2026-03-19,NIFTY SHARIAH 25,Thematic Indices,25.91,4.6,1.88
2026-03-20,NIFTY SHARIAH 25,Thematic Indices,26.17,4.64,1.86
2026-03-23,NIFTY SHARIAH 25,Thematic Indices,25.68,4.56,1.9
2026-03-24,NIFTY SHARIAH 25,Thematic Indices,26.18,4.65,1.86
2026-03-25,NIFTY SHARIAH 25,Thematic Indices,26.62,4.72,1.83
2026-03-27,NIFTY SHARIAH 25,Thematic Indices,26.25,4.66,1.85
2026-03-30,NIFTY SHARIAH 25,Thematic Indices,25.54,4.55,1.93
2026-04-01,NIFTY SHARIAH 25,Thematic Indices,25.84,4.61,1.91
2026-04-02,NIFTY SHARIAH 25,Thematic Indices,25.97,4.63,1.9
2026-04-06,NIFTY SHARIAH 25,Thematic Indices,26.2,4.67,1.88
2026-04-07,NIFTY SHARIAH 25,Thematic Indices,26.45,4.72,1.86
2026-04-08,NIFTY SHARIAH 25,Thematic Indices,27.0,4.81,1.82
2026-04-09,NIFTY SHARIAH 25,Thematic Indices,27.07,4.83,1.82
2026-04-10,NIFTY SHARIAH 25,Thematic Indices,27.26,4.86,1.81
2026-04-13,NIFTY SHARIAH 25,Thematic Indices,26.8,4.8,1.83
2026-04-15,NIFTY SHARIAH 25,Thematic Indices,27.33,4.89,1.79
2026-04-16,NIFTY SHARIAH 25,Thematic Indices,27.38,4.9,1.79
2026-04-17,NIFTY SHARIAH 25,Thematic Indices,27.71,4.96,1.77
2026-04-20,NIFTY SHARIAH 25,Thematic Indices,27.67,4.95,1.77
2026-04-21,NIFTY SHARIAH 25,Thematic Indices,28.0,5.01,1.75
2026-04-22,NIFTY SHARIAH 25,Thematic Indices,27.84,4.99,1.76
2026-04-23,NIFTY SHARIAH 25,Thematic Indices,27.73,4.98,1.76
2026-04-24,NIFTY SHARIAH 25,Thematic Indices,27.02,4.87,1.93
2026-04-27,NIFTY SHARIAH 25,Thematic Indices,27.29,4.92,1.91
2026-04-28,NIFTY SHARIAH 25,Thematic Indices,27.16,4.91,1.82
2026-04-29,NIFTY SHARIAH 25,Thematic Indices,27.28,4.94,1.81
2026-04-30,NIFTY SHARIAH 25,Thematic Indices,27.03,4.89,1.83
2026-03-02,NIFTY SME EMERGE,Thematic Indices,20.88,3.28,0.26
2026-03-04,NIFTY SME EMERGE,Thematic Indices,20.61,3.24,0.26
2026-03-05,NIFTY SME EMERGE,Thematic Indices,20.9,3.29,0.26
2026-03-06,NIFTY SME EMERGE,Thematic Indices,20.86,3.3,0.26
2026-03-09,NIFTY SME EMERGE,Thematic Indices,20.2,3.22,0.27
2026-03-10,NIFTY SME EMERGE,Thematic Indices,19.12,3.25,0.26
2026-03-11,NIFTY SME EMERGE,Thematic Indices,19.02,3.24,0.27
2026-03-12,NIFTY SME EMERGE,Thematic Indices,18.83,3.23,0.27
2026-03-13,NIFTY SME EMERGE,Thematic Indices,18.5,3.16,0.27
2026-03-16,NIFTY SME EMERGE,Thematic Indices,18.28,3.12,0.27
2026-03-17,NIFTY SME EMERGE,Thematic Indices,18.34,3.14,0.27
2026-03-18,NIFTY SME EMERGE,Thematic Indices,18.58,3.19,0.27
2026-03-19,NIFTY SME EMERGE,Thematic Indices,18.27,3.13,0.27
2026-03-20,NIFTY SME EMERGE,Thematic Indices,18.38,3.15,0.27
2026-03-23,NIFTY SME EMERGE,Thematic Indices,17.69,3.03,0.28
2026-03-24,NIFTY SME EMERGE,Thematic Indices,17.91,3.07,0.28
2026-03-25,NIFTY SME EMERGE,Thematic Indices,18.11,3.1,0.27
2026-03-27,NIFTY SME EMERGE,Thematic Indices,17.55,2.99,0.28
2026-03-30,NIFTY SME EMERGE,Thematic Indices,17.23,2.91,0.29
2026-04-01,NIFTY SME EMERGE,Thematic Indices,18.23,3.08,0.27
2026-04-02,NIFTY SME EMERGE,Thematic Indices,18.68,3.14,0.26
2026-04-06,NIFTY SME EMERGE,Thematic Indices,19.13,3.22,0.26
2026-04-07,NIFTY SME EMERGE,Thematic Indices,19.47,3.23,0.25
2026-04-08,NIFTY SME EMERGE,Thematic Indices,20.25,3.35,0.24
2026-04-09,NIFTY SME EMERGE,Thematic Indices,20.21,3.35,0.24
2026-04-10,NIFTY SME EMERGE,Thematic Indices,20.47,3.39,0.24
2026-04-13,NIFTY SME EMERGE,Thematic Indices,20.44,3.38,0.24
2026-04-15,NIFTY SME EMERGE,Thematic Indices,20.97,3.47,0.24
2026-04-16,NIFTY SME EMERGE,Thematic Indices,21.1,3.31,0.23
2026-04-17,NIFTY SME EMERGE,Thematic Indices,21.38,3.34,0.23
2026-04-20,NIFTY SME EMERGE,Thematic Indices,21.36,3.34,0.23
2026-04-21,NIFTY SME EMERGE,Thematic Indices,21.44,3.35,0.23
2026-04-22,NIFTY SME EMERGE,Thematic Indices,21.55,3.37,0.23
2026-04-23,NIFTY SME EMERGE,Thematic Indices,21.49,3.36,0.23
2026-04-24,NIFTY SME EMERGE,Thematic Indices,21.35,3.33,0.23
2026-04-27,NIFTY SME EMERGE,Thematic Indices,21.64,3.37,0.23
2026-04-28,NIFTY SME EMERGE,Thematic Indices,21.69,3.38,0.23
2026-04-29,NIFTY SME EMERGE,Thematic Indices,21.73,3.39,0.23
2026-04-30,NIFTY SME EMERGE,Thematic Indices,21.81,3.4,0.23
2026-03-02,NIFTY TRANS LOGIS,Thematic Indices,39.98,5.29,0.88
2026-03-04,NIFTY TRANS LOGIS,Thematic Indices,39.09,5.17,0.9
2026-03-05,NIFTY TRANS LOGIS,Thematic Indices,39.87,5.28,0.88
2026-03-06,NIFTY TRANS LOGIS,Thematic Indices,39.34,5.21,0.89
2026-03-09,NIFTY TRANS LOGIS,Thematic Indices,37.98,5.03,0.92
2026-03-10,NIFTY TRANS LOGIS,Thematic Indices,38.84,5.14,0.9
2026-03-11,NIFTY TRANS LOGIS,Thematic Indices,37.84,5.01,0.93
2026-03-12,NIFTY TRANS LOGIS,Thematic Indices,36.91,4.89,0.95
2026-03-13,NIFTY TRANS LOGIS,Thematic Indices,35.77,4.74,0.98
2026-03-16,NIFTY TRANS LOGIS,Thematic Indices,36.28,4.8,0.97
2026-03-17,NIFTY TRANS LOGIS,Thematic Indices,37.03,4.9,0.95
2026-03-18,NIFTY TRANS LOGIS,Thematic Indices,37.8,5.01,0.93
2026-03-19,NIFTY TRANS LOGIS,Thematic Indices,36.22,4.8,0.97
2026-03-20,NIFTY TRANS LOGIS,Thematic Indices,36.49,4.83,0.96
2026-03-23,NIFTY TRANS LOGIS,Thematic Indices,35.26,4.67,0.99
2026-03-24,NIFTY TRANS LOGIS,Thematic Indices,36.23,4.8,0.97
2026-03-25,NIFTY TRANS LOGIS,Thematic Indices,37.03,4.9,0.95
2026-03-27,NIFTY TRANS LOGIS,Thematic Indices,35.97,4.76,0.97
2026-03-30,NIFTY TRANS LOGIS,Thematic Indices,36.29,4.88,0.96
2026-04-01,NIFTY TRANS LOGIS,Thematic Indices,37.2,5.0,0.93
2026-04-02,NIFTY TRANS LOGIS,Thematic Indices,36.92,4.97,0.94
2026-04-06,NIFTY TRANS LOGIS,Thematic Indices,37.31,5.02,0.93
2026-04-07,NIFTY TRANS LOGIS,Thematic Indices,37.32,5.02,0.93
2026-04-08,NIFTY TRANS LOGIS,Thematic Indices,39.68,5.34,0.88
2026-04-09,NIFTY TRANS LOGIS,Thematic Indices,39.37,5.29,0.88
2026-04-10,NIFTY TRANS LOGIS,Thematic Indices,40.34,5.42,0.86
2026-04-13,NIFTY TRANS LOGIS,Thematic Indices,39.53,5.31,0.88
2026-04-15,NIFTY TRANS LOGIS,Thematic Indices,40.39,5.43,0.86
2026-04-16,NIFTY TRANS LOGIS,Thematic Indices,40.51,5.45,0.86
2026-04-17,NIFTY TRANS LOGIS,Thematic Indices,40.63,5.46,0.85
2026-04-20,NIFTY TRANS LOGIS,Thematic Indices,40.77,5.48,0.85
2026-04-21,NIFTY TRANS LOGIS,Thematic Indices,41.02,5.51,0.85
2026-04-22,NIFTY TRANS LOGIS,Thematic Indices,40.92,5.5,0.85
2026-04-23,NIFTY TRANS LOGIS,Thematic Indices,40.13,5.39,0.87
2026-04-24,NIFTY TRANS LOGIS,Thematic Indices,39.77,5.35,0.87
2026-04-27,NIFTY TRANS LOGIS,Thematic Indices,40.25,5.41,0.86
2026-04-28,NIFTY TRANS LOGIS,Thematic Indices,39.89,5.36,0.87
2026-04-29,NIFTY TRANS LOGIS,Thematic Indices,40.16,5.4,0.87
2026-04-30,NIFTY TRANS LOGIS,Thematic Indices,39.78,5.35,0.87
2026-03-02,NIFTY WAVES,Thematic Indices,,2.24,0.73
2026-03-04,NIFTY WAVES,Thematic Indices,,2.18,0.75
2026-03-05,NIFTY WAVES,Thematic Indices,,2.22,0.74
2026-03-06,NIFTY WAVES,Thematic Indices,,2.2,0.74
2026-03-09,NIFTY WAVES,Thematic Indices,,2.16,0.76
2026-03-10,NIFTY WAVES,Thematic Indices,,2.18,0.75
2026-03-11,NIFTY WAVES,Thematic Indices,,2.17,0.75
2026-03-12,NIFTY WAVES,Thematic Indices,,2.16,0.77
2026-03-13,NIFTY WAVES,Thematic Indices,,2.1,0.76
2026-03-16,NIFTY WAVES,Thematic Indices,,2.07,0.77
2026-03-17,NIFTY WAVES,Thematic Indices,,2.07,0.78
2026-03-18,NIFTY WAVES,Thematic Indices,,2.12,0.76
2026-03-19,NIFTY WAVES,Thematic Indices,,2.05,0.78
2026-03-20,NIFTY WAVES,Thematic Indices,,2.06,0.78
2026-03-23,NIFTY WAVES,Thematic Indices,,1.97,0.81
2026-03-24,NIFTY WAVES,Thematic Indices,,2.02,0.79
2026-03-25,NIFTY WAVES,Thematic Indices,,2.04,0.79
2026-03-27,NIFTY WAVES,Thematic Indices,,1.99,0.81
2026-03-30,NIFTY WAVES,Thematic Indices,,2.0,0.78
2026-04-01,NIFTY WAVES,Thematic Indices,,2.12,0.74
2026-04-02,NIFTY WAVES,Thematic Indices,,2.14,0.73
2026-04-06,NIFTY WAVES,Thematic Indices,,2.17,0.72
2026-04-07,NIFTY WAVES,Thematic Indices,,2.18,0.72
2026-04-08,NIFTY WAVES,Thematic Indices,,2.27,0.69
2026-04-09,NIFTY WAVES,Thematic Indices,,2.27,0.69
2026-04-10,NIFTY WAVES,Thematic Indices,,2.33,0.67
2026-04-13,NIFTY WAVES,Thematic Indices,,2.33,0.67
2026-04-15,NIFTY WAVES,Thematic Indices,,2.39,0.65
2026-04-16,NIFTY WAVES,Thematic Indices,,2.41,0.65
2026-04-17,NIFTY WAVES,Thematic Indices,,2.45,0.64
2026-04-20,NIFTY WAVES,Thematic Indices,,2.44,0.64
2026-04-21,NIFTY WAVES,Thematic Indices,,2.46,0.64
2026-04-22,NIFTY WAVES,Thematic Indices,,2.49,0.63
2026-04-23,NIFTY WAVES,Thematic Indices,,2.5,0.63
2026-04-24,NIFTY WAVES,Thematic Indices,,2.45,0.64
2026-04-27,NIFTY WAVES,Thematic Indices,,2.49,0.63
2026-04-28,NIFTY WAVES,Thematic Indices,,2.48,0.63
2026-04-29,NIFTY WAVES,Thematic Indices,,2.47,0.63
2026-04-30,NIFTY WAVES,Thematic Indices,,2.46,0.64
2026-03-02,NIFTY100 ENH ESG,Thematic Indices,22.39,3.88,1.31
2026-03-04,NIFTY100 ENH ESG,Thematic Indices,21.98,3.81,1.34
2026-03-05,NIFTY100 ENH ESG,Thematic Indices,22.19,3.84,1.33
2026-03-06,NIFTY100 ENH ESG,Thematic Indices,21.92,3.8,1.34
2026-03-09,NIFTY100 ENH ESG,Thematic Indices,21.52,3.73,1.37
2026-03-10,NIFTY100 ENH ESG,Thematic Indices,21.79,3.78,1.35
2026-03-11,NIFTY100 ENH ESG,Thematic Indices,21.43,3.71,1.37
2026-03-12,NIFTY100 ENH ESG,Thematic Indices,21.27,3.69,1.39
2026-03-13,NIFTY100 ENH ESG,Thematic Indices,20.85,3.61,1.42
2026-03-16,NIFTY100 ENH ESG,Thematic Indices,20.98,3.63,1.41
2026-03-17,NIFTY100 ENH ESG,Thematic Indices,21.14,3.66,1.4
2026-03-18,NIFTY100 ENH ESG,Thematic Indices,21.41,3.71,1.38
2026-03-19,NIFTY100 ENH ESG,Thematic Indices,20.7,3.58,1.42
2026-03-20,NIFTY100 ENH ESG,Thematic Indices,20.81,3.6,1.42
2026-03-23,NIFTY100 ENH ESG,Thematic Indices,20.22,3.5,1.47
2026-03-24,NIFTY100 ENH ESG,Thematic Indices,20.58,3.56,1.45
2026-03-25,NIFTY100 ENH ESG,Thematic Indices,20.95,3.63,1.42
2026-03-27,NIFTY100 ENH ESG,Thematic Indices,20.53,3.56,1.43
2026-03-30,NIFTY100 ENH ESG,Thematic Indices,20.55,3.65,1.55
2026-04-01,NIFTY100 ENH ESG,Thematic Indices,20.93,3.71,1.52
2026-04-02,NIFTY100 ENH ESG,Thematic Indices,21.01,3.73,1.52
2026-04-06,NIFTY100 ENH ESG,Thematic Indices,21.31,3.78,1.5
2026-04-07,NIFTY100 ENH ESG,Thematic Indices,21.5,3.82,1.48
2026-04-08,NIFTY100 ENH ESG,Thematic Indices,22.31,3.96,1.43
2026-04-09,NIFTY100 ENH ESG,Thematic Indices,22.19,3.94,1.44
2026-04-10,NIFTY100 ENH ESG,Thematic Indices,22.47,3.99,1.42
2026-04-13,NIFTY100 ENH ESG,Thematic Indices,22.26,3.96,1.43
2026-04-15,NIFTY100 ENH ESG,Thematic Indices,22.66,4.03,1.41
2026-04-16,NIFTY100 ENH ESG,Thematic Indices,22.73,4.04,1.4
2026-04-17,NIFTY100 ENH ESG,Thematic Indices,22.91,4.06,1.39
2026-04-20,NIFTY100 ENH ESG,Thematic Indices,22.95,4.07,1.39
2026-04-21,NIFTY100 ENH ESG,Thematic Indices,23.07,4.1,1.38
2026-04-22,NIFTY100 ENH ESG,Thematic Indices,22.91,4.08,1.39
2026-04-23,NIFTY100 ENH ESG,Thematic Indices,22.65,4.03,1.4
2026-04-24,NIFTY100 ENH ESG,Thematic Indices,22.29,3.97,1.47
2026-04-27,NIFTY100 ENH ESG,Thematic Indices,22.4,4.01,1.46
2026-04-28,NIFTY100 ENH ESG,Thematic Indices,22.2,3.98,1.43
2026-04-29,NIFTY100 ENH ESG,Thematic Indices,22.27,4.0,1.43
2026-04-30,NIFTY100 ENH ESG,Thematic Indices,22.23,3.98,1.45
2026-03-02,NIFTY100 ESG,Thematic Indices,22.37,3.87,1.32
2026-03-04,NIFTY100 ESG,Thematic Indices,21.95,3.8,1.34
2026-03-05,NIFTY100 ESG,Thematic Indices,22.16,3.84,1.33
2026-03-06,NIFTY100 ESG,Thematic Indices,21.9,3.79,1.35
2026-03-09,NIFTY100 ESG,Thematic Indices,21.5,3.72,1.37
2026-03-10,NIFTY100 ESG,Thematic Indices,21.77,3.77,1.35
2026-03-11,NIFTY100 ESG,Thematic Indices,21.41,3.71,1.38
2026-03-12,NIFTY100 ESG,Thematic Indices,21.26,3.68,1.39
2026-03-13,NIFTY100 ESG,Thematic Indices,20.83,3.61,1.42
2026-03-16,NIFTY100 ESG,Thematic Indices,20.96,3.63,1.41
2026-03-17,NIFTY100 ESG,Thematic Indices,21.12,3.66,1.4
2026-03-18,NIFTY100 ESG,Thematic Indices,21.39,3.7,1.39
2026-03-19,NIFTY100 ESG,Thematic Indices,20.68,3.58,1.42
2026-03-20,NIFTY100 ESG,Thematic Indices,20.79,3.6,1.43
2026-03-23,NIFTY100 ESG,Thematic Indices,20.2,3.49,1.48
2026-03-24,NIFTY100 ESG,Thematic Indices,20.55,3.56,1.45
2026-03-25,NIFTY100 ESG,Thematic Indices,20.93,3.62,1.43
2026-03-27,NIFTY100 ESG,Thematic Indices,20.51,3.55,1.45
2026-03-30,NIFTY100 ESG,Thematic Indices,20.53,3.64,1.56
2026-04-01,NIFTY100 ESG,Thematic Indices,20.91,3.71,1.53
2026-04-02,NIFTY100 ESG,Thematic Indices,20.99,3.72,1.53
2026-04-06,NIFTY100 ESG,Thematic Indices,21.29,3.78,1.5
2026-04-07,NIFTY100 ESG,Thematic Indices,21.48,3.81,1.49
2026-04-08,NIFTY100 ESG,Thematic Indices,22.29,3.95,1.44
2026-04-09,NIFTY100 ESG,Thematic Indices,22.17,3.93,1.44
2026-04-10,NIFTY100 ESG,Thematic Indices,22.45,3.98,1.43
2026-04-13,NIFTY100 ESG,Thematic Indices,22.24,3.95,1.44
2026-04-15,NIFTY100 ESG,Thematic Indices,22.65,4.02,1.41
2026-04-16,NIFTY100 ESG,Thematic Indices,22.71,4.03,1.41
2026-04-17,NIFTY100 ESG,Thematic Indices,22.89,4.06,1.4
2026-04-20,NIFTY100 ESG,Thematic Indices,22.93,4.06,1.4
2026-04-21,NIFTY100 ESG,Thematic Indices,23.05,4.1,1.38
2026-04-22,NIFTY100 ESG,Thematic Indices,22.89,4.07,1.39
2026-04-23,NIFTY100 ESG,Thematic Indices,22.63,4.02,1.41
2026-04-24,NIFTY100 ESG,Thematic Indices,22.27,3.96,1.48
2026-04-27,NIFTY100 ESG,Thematic Indices,22.38,4.0,1.47
2026-04-28,NIFTY100 ESG,Thematic Indices,22.19,3.98,1.44
2026-04-29,NIFTY100 ESG,Thematic Indices,22.25,3.99,1.43
2026-04-30,NIFTY100 ESG,Thematic Indices,22.22,3.97,1.45
2026-03-02,NIFTY100ESGSECLDR,Thematic Indices,21.94,3.52,1.27
2026-03-04,NIFTY100ESGSECLDR,Thematic Indices,21.6,3.46,1.29
2026-03-05,NIFTY100ESGSECLDR,Thematic Indices,21.84,3.5,1.27
2026-03-06,NIFTY100ESGSECLDR,Thematic Indices,21.58,3.46,1.29
2026-03-09,NIFTY100ESGSECLDR,Thematic Indices,21.26,3.41,1.31
2026-03-10,NIFTY100ESGSECLDR,Thematic Indices,21.47,3.44,1.3
2026-03-11,NIFTY100ESGSECLDR,Thematic Indices,21.12,3.39,1.32
2026-03-12,NIFTY100ESGSECLDR,Thematic Indices,20.96,3.36,1.34
2026-03-13,NIFTY100ESGSECLDR,Thematic Indices,20.59,3.3,1.36
2026-03-16,NIFTY100ESGSECLDR,Thematic Indices,20.78,3.33,1.35
2026-03-17,NIFTY100ESGSECLDR,Thematic Indices,20.94,3.36,1.34
2026-03-18,NIFTY100ESGSECLDR,Thematic Indices,21.15,3.39,1.32
2026-03-19,NIFTY100ESGSECLDR,Thematic Indices,20.45,3.28,1.36
2026-03-20,NIFTY100ESGSECLDR,Thematic Indices,20.55,3.3,1.36
2026-03-23,NIFTY100ESGSECLDR,Thematic Indices,20.02,3.21,1.4
2026-03-24,NIFTY100ESGSECLDR,Thematic Indices,20.36,3.26,1.38
2026-03-25,NIFTY100ESGSECLDR,Thematic Indices,20.7,3.32,1.36
2026-03-27,NIFTY100ESGSECLDR,Thematic Indices,20.26,3.25,1.38
2026-03-30,NIFTY100ESGSECLDR,Thematic Indices,19.86,3.19,1.41
2026-04-01,NIFTY100ESGSECLDR,Thematic Indices,20.17,3.24,1.39
2026-04-02,NIFTY100ESGSECLDR,Thematic Indices,20.21,3.25,1.39
2026-04-06,NIFTY100ESGSECLDR,Thematic Indices,20.45,3.28,1.37
2026-04-07,NIFTY100ESGSECLDR,Thematic Indices,20.6,3.31,1.36
2026-04-08,NIFTY100ESGSECLDR,Thematic Indices,21.4,3.44,1.31
2026-04-09,NIFTY100ESGSECLDR,Thematic Indices,21.23,3.41,1.32
2026-04-10,NIFTY100ESGSECLDR,Thematic Indices,21.5,3.45,1.3
2026-04-13,NIFTY100ESGSECLDR,Thematic Indices,21.3,3.42,1.32
2026-04-15,NIFTY100ESGSECLDR,Thematic Indices,21.66,3.48,1.29
2026-04-16,NIFTY100ESGSECLDR,Thematic Indices,21.67,3.48,1.29
2026-04-17,NIFTY100ESGSECLDR,Thematic Indices,21.84,3.51,1.28
2026-04-20,NIFTY100ESGSECLDR,Thematic Indices,21.87,3.51,1.28
2026-04-21,NIFTY100ESGSECLDR,Thematic Indices,21.94,3.55,1.27
2026-04-22,NIFTY100ESGSECLDR,Thematic Indices,21.81,3.53,1.28
2026-04-23,NIFTY100ESGSECLDR,Thematic Indices,21.56,3.49,1.29
2026-04-24,NIFTY100ESGSECLDR,Thematic Indices,21.26,3.44,1.34
2026-04-27,NIFTY100ESGSECLDR,Thematic Indices,21.38,3.47,1.33
2026-04-28,NIFTY100ESGSECLDR,Thematic Indices,21.27,3.45,1.31
2026-04-29,NIFTY100ESGSECLDR,Thematic Indices,21.37,3.47,1.3
2026-04-30,NIFTY100ESGSECLDR,Thematic Indices,21.31,3.46,1.32
2026-03-02,NIFTY100 LIQ 15,Thematic Indices,23.73,3.35,0.87
2026-03-04,NIFTY100 LIQ 15,Thematic Indices,23.32,3.29,0.89
2026-03-05,NIFTY100 LIQ 15,Thematic Indices,23.63,3.33,0.88
2026-03-06,NIFTY100 LIQ 15,Thematic Indices,23.32,3.29,0.91
2026-03-09,NIFTY100 LIQ 15,Thematic Indices,22.87,3.22,0.93
2026-03-10,NIFTY100 LIQ 15,Thematic Indices,23.08,3.25,0.92
2026-03-11,NIFTY100 LIQ 15,Thematic Indices,22.61,3.19,0.92
2026-03-12,NIFTY100 LIQ 15,Thematic Indices,22.39,3.16,0.93
2026-03-13,NIFTY100 LIQ 15,Thematic Indices,21.94,3.09,0.95
2026-03-16,NIFTY100 LIQ 15,Thematic Indices,22.12,3.12,0.94
2026-03-17,NIFTY100 LIQ 15,Thematic Indices,22.4,3.16,0.93
2026-03-18,NIFTY100 LIQ 15,Thematic Indices,22.62,3.19,0.92
2026-03-19,NIFTY100 LIQ 15,Thematic Indices,21.96,3.1,0.95
2026-03-20,NIFTY100 LIQ 15,Thematic Indices,22.13,3.12,0.94
2026-03-23,NIFTY100 LIQ 15,Thematic Indices,21.55,3.04,0.97
2026-03-24,NIFTY100 LIQ 15,Thematic Indices,21.87,3.08,0.95
2026-03-25,NIFTY100 LIQ 15,Thematic Indices,22.29,3.14,0.93
2026-03-27,NIFTY100 LIQ 15,Thematic Indices,21.67,3.06,0.96
2026-03-30,NIFTY100 LIQ 15,Thematic Indices,21.08,3.12,1.01
2026-04-01,NIFTY100 LIQ 15,Thematic Indices,21.61,3.2,0.98
2026-04-02,NIFTY100 LIQ 15,Thematic Indices,21.62,3.2,0.98
2026-04-06,NIFTY100 LIQ 15,Thematic Indices,21.8,3.23,0.97
2026-04-07,NIFTY100 LIQ 15,Thematic Indices,21.92,3.24,0.97
2026-04-08,NIFTY100 LIQ 15,Thematic Indices,22.83,3.38,0.93
2026-04-09,NIFTY100 LIQ 15,Thematic Indices,22.6,3.34,0.94
2026-04-10,NIFTY100 LIQ 15,Thematic Indices,22.95,3.4,0.92
2026-04-13,NIFTY100 LIQ 15,Thematic Indices,22.67,3.36,0.94
2026-04-15,NIFTY100 LIQ 15,Thematic Indices,23.05,3.41,0.92
2026-04-16,NIFTY100 LIQ 15,Thematic Indices,23.1,3.42,0.92
2026-04-17,NIFTY100 LIQ 15,Thematic Indices,23.31,3.45,0.91
2026-04-20,NIFTY100 LIQ 15,Thematic Indices,23.39,3.46,0.91
2026-04-21,NIFTY100 LIQ 15,Thematic Indices,23.49,3.48,0.9
2026-04-22,NIFTY100 LIQ 15,Thematic Indices,23.4,3.46,0.91
2026-04-23,NIFTY100 LIQ 15,Thematic Indices,23.12,3.42,0.92
2026-04-24,NIFTY100 LIQ 15,Thematic Indices,22.98,3.4,0.92
2026-04-27,NIFTY100 LIQ 15,Thematic Indices,23.14,3.43,0.92
2026-04-28,NIFTY100 LIQ 15,Thematic Indices,23.07,3.42,0.92
2026-04-29,NIFTY100 LIQ 15,Thematic Indices,23.34,3.46,0.91
2026-04-30,NIFTY100 LIQ 15,Thematic Indices,23.5,3.48,0.9
2026-03-02,NIFTY50 SHARIAH,Thematic Indices,24.53,4.24,2.13
2026-03-04,NIFTY50 SHARIAH,Thematic Indices,24.26,4.19,2.16
2026-03-05,NIFTY50 SHARIAH,Thematic Indices,24.37,4.21,2.15
2026-03-06,NIFTY50 SHARIAH,Thematic Indices,24.28,4.2,2.16
2026-03-09,NIFTY50 SHARIAH,Thematic Indices,24.03,4.15,2.18
2026-03-10,NIFTY50 SHARIAH,Thematic Indices,24.08,4.16,2.17
2026-03-11,NIFTY50 SHARIAH,Thematic Indices,23.83,4.12,2.2
2026-03-12,NIFTY50 SHARIAH,Thematic Indices,23.65,4.09,2.21
2026-03-13,NIFTY50 SHARIAH,Thematic Indices,23.25,4.02,2.25
2026-03-16,NIFTY50 SHARIAH,Thematic Indices,23.33,4.03,2.24
2026-03-17,NIFTY50 SHARIAH,Thematic Indices,23.29,4.03,2.25
2026-03-18,NIFTY50 SHARIAH,Thematic Indices,23.53,4.07,2.22
2026-03-19,NIFTY50 SHARIAH,Thematic Indices,22.83,3.95,2.29
2026-03-20,NIFTY50 SHARIAH,Thematic Indices,23.13,4.0,2.26
2026-03-23,NIFTY50 SHARIAH,Thematic Indices,22.79,3.94,2.3
2026-03-24,NIFTY50 SHARIAH,Thematic Indices,23.14,4.0,2.26
2026-03-25,NIFTY50 SHARIAH,Thematic Indices,23.42,4.05,2.23
2026-03-27,NIFTY50 SHARIAH,Thematic Indices,23.23,4.01,2.25
2026-03-30,NIFTY50 SHARIAH,Thematic Indices,22.91,3.96,2.28
2026-04-01,NIFTY50 SHARIAH,Thematic Indices,23.15,4.0,2.26
2026-04-02,NIFTY50 SHARIAH,Thematic Indices,23.32,4.03,2.24
2026-04-06,NIFTY50 SHARIAH,Thematic Indices,23.52,4.07,2.23
2026-04-07,NIFTY50 SHARIAH,Thematic Indices,23.87,4.13,2.19
2026-04-08,NIFTY50 SHARIAH,Thematic Indices,24.15,4.17,2.17
2026-04-09,NIFTY50 SHARIAH,Thematic Indices,24.2,4.18,2.16
2026-04-10,NIFTY50 SHARIAH,Thematic Indices,24.05,4.16,2.18
2026-04-13,NIFTY50 SHARIAH,Thematic Indices,23.72,4.12,2.2
2026-04-15,NIFTY50 SHARIAH,Thematic Indices,24.26,4.21,2.15
2026-04-16,NIFTY50 SHARIAH,Thematic Indices,24.38,4.23,2.14
2026-04-17,NIFTY50 SHARIAH,Thematic Indices,24.55,4.26,2.12
2026-04-20,NIFTY50 SHARIAH,Thematic Indices,24.5,4.25,2.13
2026-04-21,NIFTY50 SHARIAH,Thematic Indices,24.77,4.3,2.1
2026-04-22,NIFTY50 SHARIAH,Thematic Indices,24.5,4.25,2.13
2026-04-23,NIFTY50 SHARIAH,Thematic Indices,24.38,4.24,2.13
2026-04-24,NIFTY50 SHARIAH,Thematic Indices,23.63,4.12,2.31
2026-04-27,NIFTY50 SHARIAH,Thematic Indices,23.65,4.17,2.28
2026-04-28,NIFTY50 SHARIAH,Thematic Indices,23.53,4.16,2.2
2026-04-29,NIFTY50 SHARIAH,Thematic Indices,23.72,4.19,2.18
2026-04-30,NIFTY50 SHARIAH,Thematic Indices,23.59,4.17,2.2
2026-03-02,NIFTY MULTI MFG,Thematic Indices,29.36,4.07,0.82
2026-03-04,NIFTY MULTI MFG,Thematic Indices,28.67,3.98,0.84
2026-03-05,NIFTY MULTI MFG,Thematic Indices,29.31,4.07,0.83
2026-03-06,NIFTY MULTI MFG,Thematic Indices,29.24,4.06,0.84
2026-03-09,NIFTY MULTI MFG,Thematic Indices,28.61,3.97,0.86
2026-03-10,NIFTY MULTI MFG,Thematic Indices,29.09,4.04,0.85
2026-03-11,NIFTY MULTI MFG,Thematic Indices,28.73,3.99,0.85
2026-03-12,NIFTY MULTI MFG,Thematic Indices,28.51,3.96,0.85
2026-03-13,NIFTY MULTI MFG,Thematic Indices,27.63,3.83,0.88
2026-03-16,NIFTY MULTI MFG,Thematic Indices,27.65,3.84,0.88
2026-03-17,NIFTY MULTI MFG,Thematic Indices,27.98,3.88,0.87
2026-03-18,NIFTY MULTI MFG,Thematic Indices,28.33,3.93,0.83
2026-03-19,NIFTY MULTI MFG,Thematic Indices,27.42,3.8,0.86
2026-03-20,NIFTY MULTI MFG,Thematic Indices,27.77,3.85,0.85
2026-03-23,NIFTY MULTI MFG,Thematic Indices,26.89,3.73,0.88
2026-03-24,NIFTY MULTI MFG,Thematic Indices,27.39,3.8,0.86
2026-03-25,NIFTY MULTI MFG,Thematic Indices,27.94,3.88,0.85
2026-03-27,NIFTY MULTI MFG,Thematic Indices,27.33,3.79,0.86
2026-03-30,NIFTY MULTI MFG,Thematic Indices,27.01,3.73,0.86
2026-04-01,NIFTY MULTI MFG,Thematic Indices,27.47,3.79,0.85
2026-04-02,NIFTY MULTI MFG,Thematic Indices,27.29,3.77,0.85
2026-04-06,NIFTY MULTI MFG,Thematic Indices,27.38,3.78,0.85
2026-04-07,NIFTY MULTI MFG,Thematic Indices,27.49,3.8,0.84
2026-04-08,NIFTY MULTI MFG,Thematic Indices,28.5,3.94,0.81
2026-04-09,NIFTY MULTI MFG,Thematic Indices,28.57,3.95,0.81
2026-04-10,NIFTY MULTI MFG,Thematic Indices,29.03,4.01,0.8
2026-04-13,NIFTY MULTI MFG,Thematic Indices,28.73,3.97,0.81
2026-04-15,NIFTY MULTI MFG,Thematic Indices,29.33,4.05,0.79
2026-04-16,NIFTY MULTI MFG,Thematic Indices,29.48,4.07,0.79
2026-04-17,NIFTY MULTI MFG,Thematic Indices,29.74,4.11,0.78
2026-04-20,NIFTY MULTI MFG,Thematic Indices,29.74,4.11,0.78
2026-04-21,NIFTY MULTI MFG,Thematic Indices,29.77,4.11,0.78
2026-04-22,NIFTY MULTI MFG,Thematic Indices,29.91,4.13,0.78
2026-04-23,NIFTY MULTI MFG,Thematic Indices,29.75,4.11,0.78
2026-04-24,NIFTY MULTI MFG,Thematic Indices,29.46,4.07,0.79
2026-04-27,NIFTY MULTI MFG,Thematic Indices,30.03,4.15,0.77
2026-04-28,NIFTY MULTI MFG,Thematic Indices,30.16,4.16,0.77
2026-04-29,NIFTY MULTI MFG,Thematic Indices,30.32,4.19,0.77
2026-04-30,NIFTY MULTI MFG,Thematic Indices,30.17,4.16,0.77
2026-03-02,NIFTY MULTI INFRA,Thematic Indices,25.62,3.36,0.88
2026-03-04,NIFTY MULTI INFRA,Thematic Indices,25.06,3.29,0.9
2026-03-05,NIFTY MULTI INFRA,Thematic Indices,25.58,3.35,0.88
2026-03-06,NIFTY MULTI INFRA,Thematic Indices,25.41,3.33,0.89
2026-03-09,NIFTY MULTI INFRA,Thematic Indices,24.96,3.27,0.9
2026-03-10,NIFTY MULTI INFRA,Thematic Indices,25.15,3.3,0.9
2026-03-11,NIFTY MULTI INFRA,Thematic Indices,24.9,3.27,0.91
2026-03-12,NIFTY MULTI INFRA,Thematic Indices,24.86,3.26,0.91
2026-03-13,NIFTY MULTI INFRA,Thematic Indices,24.22,3.18,0.93
2026-03-16,NIFTY MULTI INFRA,Thematic Indices,24.18,3.17,0.93
2026-03-17,NIFTY MULTI INFRA,Thematic Indices,24.41,3.2,0.92
2026-03-18,NIFTY MULTI INFRA,Thematic Indices,24.76,3.25,0.88
2026-03-19,NIFTY MULTI INFRA,Thematic Indices,24.1,3.16,0.91
2026-03-20,NIFTY MULTI INFRA,Thematic Indices,24.29,3.19,0.9
2026-03-23,NIFTY MULTI INFRA,Thematic Indices,23.54,3.09,0.93
2026-03-24,NIFTY MULTI INFRA,Thematic Indices,24.01,3.15,0.91
2026-03-25,NIFTY MULTI INFRA,Thematic Indices,24.48,3.21,0.89
2026-03-27,NIFTY MULTI INFRA,Thematic Indices,23.96,3.14,0.91
2026-03-30,NIFTY MULTI INFRA,Thematic Indices,23.77,3.17,0.94
2026-04-01,NIFTY MULTI INFRA,Thematic Indices,24.21,3.23,0.93
2026-04-02,NIFTY MULTI INFRA,Thematic Indices,24.11,3.21,0.94
2026-04-06,NIFTY MULTI INFRA,Thematic Indices,24.32,3.24,0.93
2026-04-07,NIFTY MULTI INFRA,Thematic Indices,24.43,3.26,0.92
2026-04-08,NIFTY MULTI INFRA,Thematic Indices,25.45,3.39,0.89
2026-04-09,NIFTY MULTI INFRA,Thematic Indices,25.36,3.38,0.89
2026-04-10,NIFTY MULTI INFRA,Thematic Indices,25.71,3.43,0.88
2026-04-13,NIFTY MULTI INFRA,Thematic Indices,25.58,3.41,0.88
2026-04-15,NIFTY MULTI INFRA,Thematic Indices,26.13,3.48,0.86
2026-04-16,NIFTY MULTI INFRA,Thematic Indices,26.23,3.49,0.86
2026-04-17,NIFTY MULTI INFRA,Thematic Indices,26.5,3.53,0.85
2026-04-20,NIFTY MULTI INFRA,Thematic Indices,26.54,3.54,0.85
2026-04-21,NIFTY MULTI INFRA,Thematic Indices,26.73,3.56,0.84
2026-04-22,NIFTY MULTI INFRA,Thematic Indices,26.85,3.58,0.84
2026-04-23,NIFTY MULTI INFRA,Thematic Indices,26.71,3.56,0.84
2026-04-24,NIFTY MULTI INFRA,Thematic Indices,26.47,3.53,0.85
2026-04-27,NIFTY MULTI INFRA,Thematic Indices,26.95,3.59,0.84
2026-04-28,NIFTY MULTI INFRA,Thematic Indices,27.09,3.61,0.83
2026-04-29,NIFTY MULTI INFRA,Thematic Indices,27.19,3.62,0.83
2026-04-30,NIFTY MULTI INFRA,Thematic Indices,27.02,3.6,0.84
2026-03-02,NIFTY500 SHARIAH,Thematic Indices,27.11,4.57,1.41
2026-03-04,NIFTY500 SHARIAH,Thematic Indices,26.6,4.49,1.44
2026-03-05,NIFTY500 SHARIAH,Thematic Indices,26.86,4.53,1.43
2026-03-06,NIFTY500 SHARIAH,Thematic Indices,26.77,4.52,1.43
2026-03-09,NIFTY500 SHARIAH,Thematic Indices,26.32,4.44,1.46
2026-03-10,NIFTY500 SHARIAH,Thematic Indices,26.59,4.49,1.44
2026-03-11,NIFTY500 SHARIAH,Thematic Indices,26.36,4.45,1.45
2026-03-12,NIFTY500 SHARIAH,Thematic Indices,26.28,4.44,1.46
2026-03-13,NIFTY500 SHARIAH,Thematic Indices,25.67,4.33,1.49
2026-03-16,NIFTY500 SHARIAH,Thematic Indices,25.58,4.32,1.5
2026-03-17,NIFTY500 SHARIAH,Thematic Indices,25.69,4.34,1.49
2026-03-18,NIFTY500 SHARIAH,Thematic Indices,26.04,4.39,1.46
2026-03-19,NIFTY500 SHARIAH,Thematic Indices,25.26,4.26,1.51
2026-03-20,NIFTY500 SHARIAH,Thematic Indices,25.51,4.3,1.49
2026-03-23,NIFTY500 SHARIAH,Thematic Indices,24.83,4.19,1.53
2026-03-24,NIFTY500 SHARIAH,Thematic Indices,25.29,4.27,1.5
2026-03-25,NIFTY500 SHARIAH,Thematic Indices,25.75,4.35,1.48
2026-03-27,NIFTY500 SHARIAH,Thematic Indices,25.37,4.28,1.5
2026-03-30,NIFTY500 SHARIAH,Thematic Indices,25.87,4.26,1.53
2026-04-01,NIFTY500 SHARIAH,Thematic Indices,26.3,4.33,1.5
2026-04-02,NIFTY500 SHARIAH,Thematic Indices,26.38,4.35,1.5
2026-04-06,NIFTY500 SHARIAH,Thematic Indices,26.62,4.38,1.49
2026-04-07,NIFTY500 SHARIAH,Thematic Indices,26.85,4.42,1.47
2026-04-08,NIFTY500 SHARIAH,Thematic Indices,27.47,4.53,1.44
2026-04-09,NIFTY500 SHARIAH,Thematic Indices,27.55,4.54,1.44
2026-04-10,NIFTY500 SHARIAH,Thematic Indices,27.72,4.57,1.43
2026-04-13,NIFTY500 SHARIAH,Thematic Indices,27.44,4.53,1.44
2026-04-15,NIFTY500 SHARIAH,Thematic Indices,28.05,4.63,1.41
2026-04-16,NIFTY500 SHARIAH,Thematic Indices,28.22,4.66,1.4
2026-04-17,NIFTY500 SHARIAH,Thematic Indices,28.56,4.71,1.38
2026-04-20,NIFTY500 SHARIAH,Thematic Indices,28.52,4.71,1.38
2026-04-21,NIFTY500 SHARIAH,Thematic Indices,28.74,4.74,1.37
2026-04-22,NIFTY500 SHARIAH,Thematic Indices,28.7,4.74,1.37
2026-04-23,NIFTY500 SHARIAH,Thematic Indices,28.56,4.72,1.38
2026-04-24,NIFTY500 SHARIAH,Thematic Indices,27.98,4.63,1.45
2026-04-27,NIFTY500 SHARIAH,Thematic Indices,28.23,4.7,1.43
2026-04-28,NIFTY500 SHARIAH,Thematic Indices,28.09,4.69,1.4
2026-04-29,NIFTY500 SHARIAH,Thematic Indices,28.15,4.7,1.4
2026-04-30,NIFTY500 SHARIAH,Thematic Indices,28.0,4.68,1.4
